NAME,TICKER
DEUT PFANDBRIEFBANK AG,PBBGR
XIAMEN XINDECO LTD,XMXIND
SUNSHINE LIFE INSURANCE,SUNSHG
ANDON HEALTH CO LTD,JAYLDZ
RINGKJOEBING LANDBOBANK,RILBAD
POST HOLDINGS INC,POST
DOHA FINANCE LIMITED,DHBKQD
BONAVA AB,BONAVA
NEW HOPE LIUHE CO LTD,NEWHOP
SZ TIANMAI THERMAL TECHN,SZTIMA
OPMOBILITY,OPMFP
SHANXI TRANSPORT HOLD GR,SXTSHD
ITALGAS SPA,IGIM
ONEMAIN FINANCE CORP,OMF
ZJ ECONOMIC CONSTRUC INV,ZJECCO
AMERITEX HOLDCO INTERMEDIATE LLC,TEMP
HUAIAN INVEST DEV,HUASTU
Societatea Energetica Electrica SA,ELRO
NATIONAL BANK FOR FINANCING INFRASTRUCTURE & DEVELOPMENT,NABFID
STATE STREET,STT
Prime Data Center,ELKGVP
FRESENIUS SE & CO KGAA,FREGR
LANDKREDITT BANK,LANKBK
BLACK HILLS CORP,BKH
CCCC SH DREDGING CO LTD,CCCCSH
PROTECTIVE LIFE GLOBAL,PROTLI
JIANGSU SHAGANG GROUP,SHAGAN
His Majesty's Treasury,UKT
MORGAN STANLEY,MS
 Suzano Netherlands B.V. ,SUZANO
ASP DATA CENTER AS,ASPDTA
SERICA ENERGY PLC,SQZLN
CHENGDU XINGRONG ENVIRON,CDXNGR
ARCHES BUYER INC,ACOM
CADES,TBD
HN UNITED ASSET MANAGEME,HNLHAM
Legal & General Group PLC,LGEN
GUANGZHOU CITY CONSTRUC,GUAURB
CHENGDU CONST ENG GRP,CDCEGC
APOLLO GLOBAL MANAGEMENT,APO
Stonepeak Motion Holdco Limited ,CSTRL
WUHAN RURAL COMM BANK,WRCBKZ
CAMTEK LTD/ISRAEL,CAMT
SAWAI GROUP HOLDINGS,SAWIGR
IVORY COAST,IVYCST
Africa Finance Corporation,AFRFIN
SZ FT INV HOLDING,SHFTIN
LONGKOU CITY INVESTMENT,LKOUIN
JINGDEZHENG STATE ASSETS,JINSST
NEO BIDCO AB,GOLDCP
UNUM GROUP,UNM
SZ CREDIT GUARANTEE GR,SZCDGR
BANK RBK JSC-ALMATY HEAD OFFICE,RBKKZ
VAN LANSCHOT NV,LANSNA
Repsol Europe Finance,REPSM 
SICHUAN ROAD&BRIDGE CO,SCRDBG
GITI TIRE PTE LTD,GITISG
"American Electric Power Company, Inc.",AEP
Nordea Bank AB (New York branch),NDAFH
DAAZ BARA LESTARI TBK PT,DAAZIJ
YUEXIU CAPITAL HOLDING,GZYXFH
KUNSHAN GUOCHUANG INV GR,KSETAO
ARION BANKI HF-REYKJAVIK HEAD OFFICE,ARION
CN RAILWAY SHANGHAI ENG,CNRSEG
GANZHOU ZHANGGONG CON IV,GZZGCI
HAINAN EXPRESSWAY CO LTD,HNEXWA
TZ XINTAI GROUP CO LTD,TZXITA
VERSUNI GROUP BV,PHIDOM
ROGERS COMMUNICATIONS IN,RCICN
DIGITAL EURO FINCO,DLR
INDIVIOR PLC,INDVLN
NJ TANGSHAN CON INV,NJTANG
UNITED NOVA TECHNOLOGY C,UNTUNT
PROVINCIA DE MENDOZA,MENDOZ
ANHUI INTERNATIONAL TRAD,AHINTR
SHANGHAI HUAYI GROUP,HUAYIG
ACTION LOGEMENT SERVICES,ALSFR
LUYIN INVEST GROUP,LYTZJT
"Dominion Energy, Inc",D
AMPHENOL CORPORATION,APH
NATIONAL BANK OF UZBEKIS,NBUZB
BHP Billiton Finance (USA) Limited,BHP
DELL INT LLC / EMC CORP,DELL
SICHUAN HYDROPOWER INVES,SCHYDR
DUMMY FOR JAPAN USE ONLY - MOUNTAIN BOOK & CO,TBD
OSLO KOMMUNE,OSLO
ANHUI CONSTRUCTION ENGIN,AHCSEN
CHINA CITIC BANK CORP,CINDBK
"Equifax, Inc.",EFX
SJZ TRSPT INV DEV,SJZYUF
TJ WUQING ECO TECH,WQECDE
DEXIA-PARIS HEAD OFFICE,DEXGRP
COMISON EJ HID RIO LEMPA,CELELS
HUAI BEI MINING GROUP,HUAIBE
Mileway BV,MILEWY
NEXCHIP SEMICONDUCTOR CO,NEXCHI
SUN LIFE INSURANCE,SUNLEL
CADES FRANCE,TBD
UZAUTO MOTORS JSC,UZAMTS
ZHEJIANG CHOUZHOU COM BK,ZHJCZB
Sony Group Corporation,67580
"Digital Euro Finco, LLC",DLR
WUXI MUNICIPAL AND PUBLI,WXMUNI
KRAKEN OIL & GAS PARTNERS LLC,KRAOIG
GABX Leasing LLC,GMT
BEIJING CAPITAL HIGHWAY,BJASST
BANK OF CYPRUS HOLDINGS PLC,BOCHLN
AIRBUS SE,AIRFP
CYTOKINETICS INC,CYTK
UNIVISION COMMUNICATIONS,UVN
LUNAS CAPITAL II LTD,LUNCPT
SUNOCO LP,SUN
BANCO MERCANTIL DE NORTE,BANORT
SIERRACOL EN AND/ARA/DEV,SIERRA
AXIS BANK GANDHINAGAR,AXSBIN
"Korean Air Lines Co., Ltd.",KOREAN
Telenet International Finance SARL,TBC
KCC GLASS CORP,KCCGSS
TAIZHOU HIGH EDU INVESTM,TZHEID
JAPAN (30 YEAR ISSUE),JGB
CNH Industrial NV,CNH
SCENTRE MGMT LTD,SCGAU
MOLSON COORS INTL LP,TAP
AUTONATION INC,AN
AMERIGAS PART/FIN CORP,APU
SHENZHEN ENERGY GROUP,SZENGY
CHINA RAILWAY THIRD ENGI,CHRAIL
VALEO SE,FRFP
HWAWAY TECHNOLOGY CORP,HWAWAY
BNP PARIBAS-,BNPPA
Close Brothers Finance PLC,CBGLN
EURO ENTMT INTRESSENTER,EUENTR
Nederlandse Gasunie NV,NEGANV
LONGYAN HUIJIN DEV GRP,LNYNHJ
STATE OF QATAR,QATAR
REP SOUTH AFRICA FLOATER,SAFLGB
HUANGGANG CONSTR INV,HNGNCI
KEYSPAN GAS EAST CORP,NGGLN
PARANAPANEMA SA,PMAM
HENAN DAILY PRESS,HNDALY
CCF SFH SACA,CCFSFH
FUBON LIFE SINGAPORE,FUBON
"Martin Marietta Materials, Inc.",MLM
YZ XINSHENG INVESTMENT,YZXSID
"No entity or CRDS, KYC not completed",PNNLN
FJ FINANCIAL INVESTMENT,FJFIIV
VSEOBECNA UVEROVA BANKA,VUBSK
JX ECONO TECHL DEVELOP C,JXETCI
PROTECTIVE LIFE CORP,PROTLI
Abanca,ABANCA
GRAUBUNDNER KANTONALBANK,GRKPSW
BASQUE GOVERNMENT,BASQUE
SCIENCE CITY GZ INV GRP,GZDZCD
YUEYANG CONS INV GP,YYCCIG
ATHENAHEALTH GROUP INC,ATHENA
CHINA MOLYBDENUM CO LTD,CHMOLY
GOLDEN FORD ASIA INVEST,GOLFOA
BAHAMAS GOVT T-BILL,BAHATB
"PSEG POWER, LLC",PEG
QDURBAN INVESTMENT VENTU,QDUIVC
FINCO OPAL,FIOPAL
BELGIUM KINGDOM,BGB
Test 4,TEST
DBR Land Holdings LLC,LB
Scottish Hydro Electric Transmission plc,SSELN
JINYUAN INVST GROUP,JYINVT
Instituto de Credito Oficial (ICO),ICO
GLOBAL MEDIACOM TBK PT,BMTRIJ
REPUBLIC OF SLOVENIA,SLOVEN
HOKURIKU ELECTRIC POWER,HOKUEL
BONNIER FASTIGHETER,BNRFST
State of Lower Saxony,NIESA
CARGILL INC,CARGIL
MODERNA INC,MRNA
KYOBO LIFE INSURANCE CO,KYOBOL
ANNALY CAPITAL MGMT,NLY
Province of Ontario Treasury Bills,ONT
"Deutsche Bank Aktiengesellschaft, New York Branch",DB
IND & COMM BK CHINA/HK,ICBCAS
HAIER LEASING LTD,HERZZL
BCO NAL DE MEX SA INT DEL GPO FIN BANAMEX-MX CITY HO,BANMEX
FAMILY DOLLAR STORES LLC,DLTR
BROADCOM CORP,AVGO
COMPEER FINANCIAL ACA,AGSTAR
Raiffeisenbank Austria d.d.,TBC
LOTTE CHILSUNG BEVERAGE,LOTTEC
UNITED OVERSEAS BANK/SYD,UOBSP
Republic of North Macedonia,MACEDO
LAURENTIAN BANK OF CDA,LBCN
GUANGDONG PRO FREEWAY,GDCOMM
WYNN RESORTS FINANCE LLC,WYNFIN
Societe Generale S.A.,SOCGEN
CHINA GEZHOUBA GROUP,GEZHBA
LUCKY STRIKE ENTERTAINMENT,LUCK
GOVERNMENT OF JAMAICA,JAMAICA
LUSO INTL BANKING,LUSOIB
ISS Global A/S,ISS
XJ JT ASSET,XJFINV
Bendigo & Adelaide Bank Limited,BENAU
BELFIUS BANK SA NV-ST JOSSEE HEAD OFFICE,CCBGBB
URUMQI URBAN RAIL,UURGCL
ONTARIO TEACHERS' FINANC,ONTTFT
CHINA ENERGY OVERSEAS,GEZHOU
MAFG FINANCE PTY LTD,MAFGFI
VESTEDA GROEP B.V.,VESTNL
TRANSURBAN GROUP,TCLAU
BANCO DE CREDITO DEL PER,BCP
EDP SERVICIOS FIN ESP SA,EDPPL
Caixa Central de Credito Agricola Mutuo CRL,CRLPL
HUBEI HONGTAI GROUP,HOGTAI
ASB BANK,ASBBNK
NANCHANG MUNI PUB GROUP,NANMUN
LI AUTO INC,LI
FONDO MIVIVIENDA SA,MIVIVI
LIUZHOU HOLDING,LIUZHO
Targa Resources Corp,TRGP
SINOHYDRO BUREAU 6 CO LT,SIBSIX
JIANGSU XUKUANG ENERGY C,JSXUKU
SF HOLDING CO LTD,SFHOLD
TENN VALLEY AUTHORITY,TVA
GOVERNMENT OF THE SULTANATE OF OMAN,OMANGS
SUQIAN TRANS INDUSTRY,SQTINV
MONETA MONEY BANK,MONBNK
EUROBANK SA-ATHENS HEAD OFFICE,EUROB
LLOYDS BANKING GROUP PLC,LLOYDS
CARLISLE COS INC,CSL
ABSA GROUP LTD,ABGSJ
POWERCHINA JX HYDROPOWER,POWECN
ENEL Finance International N.V.,ENELIM
EPR Properties,EPR
Outfront Media Capital LLC,OUT
JAPAN (40 YEAR ISSUE),JGB
GUJARAT,GUJARA
GORENJSKA BANKA D.D.,GORESI
PERFORMANCE SHIPPNG INC,DCIX
SPAREBANK 1 GROUP - NORWAY,MINGNO
ABN AMRO,ABNANV
HEATHROW FUNDING LTD,HTHROW
MOWI ASA,MOWINO
QD MILITARY CIVILIAN DEV,QDMCID
AON NORTH AMERICA INC,AON
Volkswagen Bank GmbH.,VW
PARAGON BANKING GRP PLC,PAGLN
COFIROUTE SA,DGFP
CN REFORM COMM FACTORING,CNRFCF
CORELOGIC INC,CLGX
SHINHAN BANK,SHNHAN
Space Exploration Technologies Corp,SPCX
SOLSTICE ADVANCED MATERI,SOLADV
Parex Resources Inc.,PXTCN
CI FINANCIAL HOLDINGS,CIXCN
SH LINGANG HOLDING,SHLIGA
NOVA LJUBLJANSKA BANK,NOVALJ
JIAXING JIAXIU DEV INV,JXXZNC
Jersey Central Power & Light Company,FE
BMW,BMW
HANGZHOU COMMUNICATIONS,HZCOMM
TOYOTA FIN NEW ZEALAND,TOYOTA
Morrison Limited,TBC
KRAFT HEINZ FOODS CO,KHC
SDIC FINANCE LEASING CO,SDICFL
WUHU YIJU INVESTMENT,WHYJIN
LANGCHAO GROUP CO LTD,LANCHA
NANJING SOFTWARE PARK,NJSFPK
SUZHOU HI-TECH IND,SUZHHT
HILLGROVE,HILGVE
XIYONG INDUS PARK DEV,CXMIPD
NEW IMMO HOLDING SA,CEETRU
LUZ DEL SUR S.A.A.,LUZSUR
HUMANA INC,HUM
CF INDUSTRIES INC,CF
APMF POOLED FUND NO 4,APMFPN
Tencent Music Entertainment Group,TME
GURMAT ELEKTRIK URETIM,GURELK
Iron Mountain Incorporated ,IRM
HANDAN CONS INV,HDCINV
SIBELCO,SCRSBE
CHPE LLC,CHPELL
YOKOHAMA MINATOMIRAI RAI,YOKOMM
WAREHOUSES DE PAUW SCA,WDPBB
NATIONAL BANK GREECE SA,ETEGA
ZENITH ARC LLC,PRELPP
Deutsche Telekom AG,DT
GOVERNMENT OF THE REPUBLIC OF THE CONGO,REPCON
ZJG FREE TRADE JINGANG,ZHJGFT
HOLAND OG SETSKOG SPARE,HOLAND
ITALY GOV'T INT BOND,ITALY
SUKUK BRUNEI INC,BDSI
SINOHYDRO ENGINEERING BU,SINOHY
EGIS,EGIS
QD WEST COAST OCEAN,QDHYHG
"Generadora de Gatun, S.A.",GATUNP
VOYAGER SPACE HOLDINGS I,VOYG
SUMITOM MITSUI TRST,SUMITR
DONGTAI CHENGXING,DTCXID
BANK OF CYPRUS PCL,BOCYCY
CHC GROUP LLC,CHHCF
Virginia Electric and Power Co,D
HAITONG UNITRUST INTERNA,UNFILE
PEABODY ENERGY CORP,BTU
CHINA TREASURY BILL,CGTB
AMCO - ASSET MANAGEMENT CO SPA,AMCOSP
SOUTHERN WATER SERVICES,SWSFIN
"CAPSTONE BORROWER, INC.",CVT
NISHI-NIPPON RAIL ROAD,NNRR
DOM REP CB NOTES,DRCBN
YORKSHIRE WATER FINANCE,KEL
CHANGJIANG INVST,HBCJIV
S-OIL CORP,SSAOIL
OKINAWA ELECTRIC POWER,OKPOWR
STARTS PROCEED INVESTMEN,STAPRO
DANSKE ANDELSKASSERS BAN,DANAND
KNUTSEN GROUP,KNUTSN
HUANGSHI CONST INVEST,HSCCID
YIYANG TRANSPORT INVEST,YYAINV
SHANDONG HONGQIAO,HONGQI
HEZE RAILWAY INVST DVLPT,HEZRAI
MPACT TREASURY CO,MCTSP
Achmea BV,ACHMEA
MAURITIUS TREASURY NOTE,MAURTN
"Salesforce, Inc.",CRM
HANWHA AEROSPACE CO LTD,SAMAER
American National Global Funding,ANGINC
CREDITO EMILIANO SPA,CRDEM
CHANGZHOU TIANNING CONS,CZHTNC
LE CARREFOUR LAVAL REC,LECARR
YIZHENG CHENGFA OVERSEAS,YZHNGC
ZF EUROPE FINANCE BV,ZFFNGR
MURPHY OIL USA INC,MUSA
JINMAO INVST MANAGEMT,JMIMSH
Banca Monte dei Paschi di Siena SpA,MONTE
DAF PACCAR,PCAR
Sumitomo Mitsui Financial Group Inc,SMFGI
SM ENERGY CO,SM
THE ISRAEL ELECTRIC CORP LTD,ISRL
HR YUKANG ASSETS OPS,CQYKAM
SENEGAL TREASURY BILL,SETB
URU MONETARY REG BILL,UTB
TSY INFL IX N/B,TII
CITIRA HOLDING AB,CTRHLD
CBQ Finance Limited,COMQAT
Athene Holding Ltd.,ATH
LIONBRIDGE FIN LEASING,LIONBG
ASIAN INFRASTRUCTURE INVESTMENT BANK-BEIJING HEAD OFFICE,AIIB
MOF OF CZECH REP T-BILL,CZTB
SANTA FE DE BOGOTA D.C.,BOGOTA
HELLA GMBH & CO KGAA,HELLA
BASLER KANTONALBANK,KBBS
"NEXTERA ENERGY, INC.",NEE
Agence France Locale S.A.,AFLBNK
KFW,KfW
HUAWEI INV HLDG,HUAWEI
CD EU INDUSTRIAL ZONE,CQSXGU
Banca Monte dei Paschi di Siena S.p.A.,MONTE
GULF INTERNATIONAL BANK SAUDI ARABIA,GULFSA
KAPLA HOLDING SAS,KILOTO
BASIN ELECTRIC PWR COOP ROADSHOW,BASINE
CHINA NATIONAL BLUESTAR,CNBG
AIB GROUP PLC,AIB
Dell International L.L.C. and EMC Corporation ,DELL
INVENI CO LTD,KUKDOG
Banco Santander SA (ES),SANTAN
Inversiones CMPC S.A.,CMPCCI
SWISSCOM AG,SCMNVX
COMMUNITY HEALTH SYSTEMS INC,CYH
JAPAN POST HD CO LTD,JPPOST
Fortune Star (BVI) Limited,FOSUNI
WEIHAI CITY INV GR,WHCUDI
JINAN CONSTRUC ENGINE GR,JNCSTC
SHENERGY GROUP CO LTD,SNERGY
COLBUN SA,COLBUN
KFH TIER 1 SUKUK 2 LTD,KFHKK
BAILIAN GROUP,BAILIA
"Starwood Property Trust, Inc.",STWD
TOP ACES INC,TOPACE
VISTAJET MALTA/VM HOLDS,VSTJET
East Japan Railway Company,EJRAIL
MALAYAN BANKING BHD,MAYMK
BAHRAIN DEVELOPMENT BOND,BHDB
WANDA PROPERTIES GLOBA,DALWAN
Sierra Pacific Power Company,BRHHEC
UNIBAIL-RODAMCO-WESTFLD,URWFP
RBL Bank Ltd.,RBKIN
INNOV NEW MATERIAL TECH,BJHUAL
Svenska Handelsbanken AB,SHBASS
GUANGXI COMM INVEST GR,GXCMIN
ESENTIA ENERGY DEV SAB,ESENMX
BANK OF XINGTAI CO LTD,BKXNTA
PINNACLE WEST CAPITAL,PNW
PECO ENERGY CO,EXC
Basin Electric Power Cooperative,BASINE
KEHE DIST/FIN / NEXTWAVE,KEHEFO
SEMPRA ,SRE
BITFARMS LTD,BITFCN
CAIXABANK - BANK - SPAIN,CABKSM
GARTNER INC,IT
Petco Health and Wellness Company Inc,WOOF
PERNOD RICARD,RIFP
LIQUID TELECOMMUNICATIONS FINANCING PLC ,LIQTEL
CHENGDU COMM INVST GROUP,CDCOMM
"TAILORED BRANDS, INC.",TLRD
GOLAR LNG LTD,GLNG
CHOBANI LLC/FINANCE CORP,CHBANI
PROVINCE OF ONTARIO - CANADA,ONT
Nouryon,TBC
CITY OF VANTAA,VANTAA
Corporacion Andina de Fomento,CAF
Athene Global Funding.,ATH
HOME DEPOT INC,HD
Hilton Domestic Operating Company Inc.,HLT
HEATHROW AIRPORTS LIMITED,HTHROW
NOURYON FINANCE BV,SPCHEM
Banco BPM SPA,BAMIIM
NISSAN CHEMICAL INDUSTRY,NISCHE
LANDKREDITT BOLIGKREDITT,LANKBK
INDUSTRIAL BANK CO LTD,INDUBK
CHAD GOVERNMENT BOND,CHAGB
"Kyushu Electric Power Company, Inc.",KYUSEL
RR DONNELLEY & SONS CO,RRD
FRESENIUS SE & CO. KGAA,FREGR
"Greentown China Holdings, LTD",grnch
PACIFIC UNIVERSAL INV,PACLTD
JS WATER SOURCE CO LTD,JWSERD
La Banque Postale,FRLBP
WUXI TECH VC HOLDING GRP,WXXQKJ
Google Asia Pacific Pte. Ltd.,GAP
PKO BANK POLSKI SA,PKOBP
DONGSHENG SH FINAN LEASI,DSSHFL
JS RUNCHENG CITY INV HLD,RCCIHG
ZENGUN GROUP AB,ZENGUN
WPP GROUP PLC,WPPLN
FLEMISH COMMUNITY,FLEMSH
Northwestern Mutual Global Funding,NWMLIC
PRS FINANCE PLC,PRSFIN
HYPO VORARLBERG BANK AG,VORHYP
AMERICAN NATIONAL GLOBAL FUNDING,ANGINC
DZSOA,SASACD
HANA FINANCIAL GROUP INC,HANFGI
NOT APPLICABLE,HSBC
CLARIANT INTERNATIONAL,CLNVX
ZIGONG GAOXIN INVESTMENT,ZGGXIC
LG HELLOVISION CO LTD,CJSHOP
CHINA CITIC BANK INTL,CINDBK
KANGXIN NEW MATERIALS,KXXCLL
KOBE CITY,KOBE
Ryder Systems Inc,R
KRUGER PACKAGING HLD LP,KRUGPK
CHINA LOGISTICS CO,CNLOGC
KOREA HOUSING FINANCE CORP,KHFC 
PERFORMANCE FOOD GROUP INC.,PFGC
Z.AI CO LTD,ZAICOM
FEDEX CORPORATION,FC
PPL ELECTRIC UTILITIES,PPL
PACIFIC GAS & ELECTRIC,PCG
KT&G CORP,KTGC
SINO-OCEAN GP HLDS LTD,SINOCE
SZ LG CITY CONSTR INVEST,LGCCIN
CICC HONG KONG FINANCE 2016 MTN LTD,CICCHK
Asian Development Bank (PH),ASIA
BILLERUD AKTIEBOLAG,BILL
HANWHA SYSTEMS CO LTD,HWHSYS
CEETRUS,CEETRU
"Dick's Sporting Goods, Inc.",DKS
TEEMSUN TECHNOLOGY CO LT,TESUTE
COLONIAL ENTERPRISES INC,COLPLN
STOCKHOLMS KOOPERATIVA B,SKBKH
CHINA ENERGY OVERSEAS HK,GEZHOU
CCB SHIPPING AND AVIATIO,CCBFIN
YUNNAN AIRPORT GROUP,YNARPT
WEIHAI WENDENG DISTRICT,WHWDLH
MAGNOLIA OIL & GAS CORP,MGY
BRENNTAG FINANCE BV,BNRGR
LINKONG DEV INVESTMENT,CQLKDI
QINHUANGDAO DEVE INV,QHDDEV
Oaktree Strategic Credit Fund,OAKSCF
GOLOMT BANK JSC,GLMTMO
CHANGSHA RURAL BK,CSRLBK
GOVERNMENT OF THE REPUBLIC OF KENYA,KENINT
HAILIANG GROUP CO,HAILNG
LAND NORDRHEIN-WESTFALEN,NRW
TENNET GMBH & CO KG,TENNGR
US Bancorp,USB
GUANGDONG PEARL RIVER DE,GDRAIL
FIGURE TECHNOLOGY SOLUTI,FIGR
ZIGONG CONST INV DEV,ZGCCID
Total S.A.,TTEFP
SNB FUNDING LTD,SNBAB
GEE AUTOMOTIVE HOLDINGS LLC,TBD
UNIQA INSURANCE GROUP AG,UQA
Sony Group Corporation,SNE
NH INVESTMENT & SECS,NHSECS
GRINM GROUP CO LTD,GRINMG
ACEA SPA,ACEIM
GRAND DUCHY LUXEMBOURG,LGB
ACCURUS AEROSPACE CORP,ACCAER
GRENKE AG,GLJGR
CDP FINANCIAL INC,CADEPO
PROVIDENT FINANCIAL,PFS
CLIFFORD CAPITAL HOLDING,CLIFCH
GRANDBLUE ENVIRONMENT CO,NANDEV
GENESIS ENERGY LP/FIN,GEL
QINGDAO JIMO DIST URBAN,JMUDIV
XY URBAN DEVELOPMENT GRP,XYUBDP
ALUMINUM CORP OF CHINA,CHALUM
VIATRIS INC,VTRS
SVENSKA HANDELSBANKEN,SHBASS
CENTERPOINT ENER HOUSTON,CNP
QINGDAO SHIBEI DEV GRP,QDSBDG
SOUTHERN COPPER,SCCO
EUROPEAN FINANCIAL STABILITY FACILITY SA,EFSF
CITIC AIBANK CO,CITAIB
Nordea Mortgage Bank PLC,NDAFH
DENISON MINES CORP,DMLCN
SINOCHEM INTERNATIONAL,SININT
CDB FINANCIAL LEASING,CDBFLC
CHEVRON USA INC,CVX
YUNNAN PROVINCE GOVT,YNPROV
XIAN ANJU CONSTRUCTION,XAAJCM
Development Bank of Japan Inc.,-
United Kingdom Debt Management Office,UKTI
JIXIANG LIFE INSURANCE,JXLIFE
PUDONG DEVELOPMENT GROUP,PUDONG
PROPERTY FOR INDUSTRY LT,PFINZ
XINING URBAN DEVELOPMENT,XNURDE
AKBANK TAS,AKBNK
BENIN INTL GOV BOND,BENIN
WILLIS LEASE FINANCE COR,WLFC
CANADIAN NATL RESOURCES,CNQCN
HMS BERGBAU AG,HMUGR
CHANGCHUN RUDDER INVEST,CHCRUI
NARRAGANSETT ELECTRIC,PPL
Loxam S.A.S,LOXAM
YAAN DEV INVSTMENT,YANINV
Korea Ocean Business Corporation,KOBCOP
WIHLBORGS FASTIGHETER AB,WIHLSS
TRACT CAPITAL,TRACT
NATIONAL BANK OF OMAN,NBOBOM
DB SECURITIES CO LTD,DBSECS
TAKEOFF MERGER SUB INC,SUMIAL
CHC GROUP,TBD
AON NA/AON GLOBAL,AON
SPAREBANK 1 BOLIGKREDITT,SPABOL
Northern Powergrid,BRKHEC
HIROSHIMA EXPRESSWAY COR,HIREXP
mBank S.A.,MBKPW
HUAFU SECURITIES CO LTD,HUAFUS
Santander UK PLC,SANUK
KUNMING LAND DEV INV,KMLDDI
TXNM ENERGY INC,TXNM
CDP Financial Inc,CADEPO
DekaBank Deutsche Girozentrale.,DEKA
Hammerson PLC,HMSOLN
CAISSE D'AMORTISSEMENT DE LA DETTE SOCIALE,CADES
RAIFFLANDESBANK TIROL,RFLBTI
SD XINGCHENG IND HOLDING,SDXCIH
Caterpillar Financial Services Corp,CAT
EERDUOSI ASSET INVEST,EERSTA
LOTTE HIMART CO LTD,HIMART
NATIONAL BANK HOLDINGS,NBHC
GOLDMAN SACHS BANK USA,GS
Symetra Life Insurance Company,SYMETRA
HENAN YUNENG HOLDINGS,HNYNHC
DENMARK GOVT BOND,DGB
Eurofima Europaische Gesellschaft fur die Finanzierung von Eisenbahnmaterial,EURO
Toyota Motor Credit Corp,TOYOTA
CN CONS 2ND ENGINEER BUR,IJAJPZ
PNC Financial Services Group Inc,PNC
BROOKFIELD ASSET MANAGEMENT LTD,BAMCN
DANSKE BANK A/S-COPENHAGEN HEAD OFFICE,DANSKE
PSP CAPITAL INC,PSPCAP
NINGBO ZHOUSHAN PORT,NBPORT
20YR JGB WHEN ISSUED,WIJ
Sanctuary Capital PLC,SANCTU
PLAYTECH PLC,PTECLN
GENPACT UK/USA INC,GENFII
ENCORE CAPITAL,ECPG
LEGAL & GENERAL GROUP,LGEN
BOROO INVESTMENTS,BORLTD
AVALONBAY COMMUNITIES INC.,AVB
MARITIME ELECTRIC CO LTD,FTSCN
HENAN ZHONGYUAN JINKONG,HNZYJK
GLARNER KANTONALBANK,GLRNKB
Bank of New York Mellon,BNY
JUST GROUP,JUSTJ
KORGAS-WITHDRAWN,KORGAS
HONEYWELL AEROSPACE INC,HONA
CHONGQING BISHAN CITY CO,CQBISH
NOVELIS CORP,HNDLIN
SK ON CO LTD,SKONKR
LIANGZHU CULTURAL CITY,HZLZCC
ALPHA BANK - BANK - GREECE,ALPHA
MITCH AND PEARL GO BOWLING,MNP
AGEAS SA/NV - BELGIUM,AGS
Tatra Banka AS,TATSK
"Mid-America Apartments, L.P.",MAA
FLOWER GERMAN TOLLING AB,FLWRIF
VAUDOISE ASSURANCES HLDG,VAHNSW
CHONGQING HECHUAN CITY,CHOHEC
ARLA FOOD AMBA,ARLA 
JINJIANG SOA OPS INV,JJSOAO
DIANJIAN HAIYU LTD,CHPWCN
GUANGXI STATE FARM GROUP,GXFARM
BANORTE ,GFNORTEO
ESSEX PORTFOLIO LP,ESS
NWB BANK,TBD
Hut 8 DC LLC,HUTRBA
FIRST CAP REAL ESTATE IN,FCRCN
Banco Comercial Portugues SA (BCP),BCP
ATHOMSTART INVEST AS,ATHOAS
FIBERCOP S.P.A.,FIBCOP
HARBOUR ENERGY PLC,HBRLN
IMPERIAL BRANDS FIN PLC,IMBLN
"Prudential Financial, Inc.",PRU
ORIENTAL LAND CO LTD,ORILND
UENO BANK SA,UENOBK
KUNMING DEVE INVEST,KNMIDI
Saltaire Finance plc,sltfin
Empresa Distribuidora de Electricidad de Mendoza SA,EDEMSA
BJ GUCAI GROUP,BEIGUC
German state of Schleswig-Holstein,SCHHOL
CHINA RESOURCES GAS CHIN,CRGASI
HIAG IMMOBILIEN HOLDING,HIAGSW
Westfield Stratford City Finance,WSTSTR
CITIC SECURITIES CO LTD,CITICS
NINGBO ZHENYU TECH,NBZYTC
WISE PLC,WISELN
Empresa Distribuidora De Electricidad De Mendoza S.A.,EDEMSA
BQD FINANCIAL LEASING CO,BQDLEA
European Union,EI
SHANGHAI ELEC GLB,SHELEG
FORD MOTOR CREDIT COMPANY LLC,F
NATIXIS PFANDBRIEFBK AG,KNFP
"Phillips Edison Grocery Center Operating Partnership I, L.P.",PECO
LG ENERGY SOLUTION LTD,LGENSO
DOMINION INVESTMENT GRP,DONIMI
Alabama Power Company,SO
ZHEJIANG FENGMAO TECHNOL,ZJFENG
HANRUI OVERSEAS INVST,HRINT
QUJIANG RURAL COMM BK,QZHQJN
TAYLOR MORRISON COMMUNITIES INC,TMHC
GANSU CULTURE TOURISM,GSCTGP
SKANDINAVISKA ENSKILDA BANKEN [SEB],SEBa
CHINA GUANGFA BANK,GUANDB
bpifrance,BPIFRA
ZHEJIANG ENERGY GRP CO,ZHENGY
AT&T INC,T
BANCO DEL ESTADO -CHILE,BANCO
TITANIA HOLDING AB,TNAHOL
AMAG LEASING AG,AMALEA
The OPEC Fund for International Development,OFIDEV
MALAYSIA GOVERNMENT,MGS
STOLT-NIELSEN LTD,SNINO
CONSUMERS ENERGY CO,CMS
SUZHOU ASSET MGMT,SZAMCL
WALLISER KANTONALBANK,WKBNSW
BANK MANDIRI TASPEN POS,MANTAP
PANYU IT INVEST DEVELOP,FYITID
CCF HOLDING SAS,CCFHLD
Vz Secured Financing B V,ZIGGO
BC FERRY SERVICES INC,BCFERR
AVINOR AS,AVINOR
JIANGSU JIANGNAN WATER,JSJNWC
BANK OF IRELAND GROUP,BKIR
SD LONGHUA NEW MATERIAL,SDLHNE
Next Group PLC,NXTLN
AMERICA MOVIL BV,AMXLMM
ANYANG IRON&STEEL GROUP,AYISGR
CAPRI GLOBAL CAP LTD,CPRGLC
KUBOTA CORP,KUB
PECO Energy Co,EXC
THAKRAL CORP LTD,THKSP
"Banco Bilbao Vizcaya Argentaria, S.A.",BBVASM
HYBAR LLC,HYBARL
ISUZU MOTORS,ISUZU
BBVA - BANK - SPAIN,BBVASM 
KOMMUNALBANKEN [KBN],TBD
HOMETOGO SE,HMTGOS
OSB GROUP PLC,OSBLN
KYRGYZSTAN TREASURY BOND,KYRTBO
ZHUHAI RURAL COMMER BK,ZHURUL
REPUBLIC OF SURINAME INT,SURINM
PEAK RE BVI HOLDING LTD,PEAKRN
InPost S.A.,INPSTN
RIZHAO PORT CO,RIZHAO
TOPBUILD CORP,BLD
SZ STATE OWN CAP INVEST,SZSCGL
JAPAN STEEL WORKS,JAPSTE
PACCAR Financial Corporation,PCAR
KOREA TREASURY ILB,KTBI
"Bank of America, N.A.",BAC
LUMENTUM HOLDINGS INC,LITE
JIANGMEN CITY DEV INV,JIAMEN
JP MORGAN CHASE BANK NA,JPM
CN RAILWAY GZ ENGINEE GR,CNRGZH
TL ZHONGXU INDUSTR INVES,TLZXTZ
Republic of South Africa,SOAF
HB THREE GORGES CULTURAL,YCTRTO
SHANGRI-LA HOTEL LIMITED,SLHSP
Westpac Banking Corporation.,.WSP
Agence France Locale,AFLBNK
EUROBANK SA,EUROB
SIBANYE-STILLWATER UK,SSWSJ
BANK99 AG,BKNNAT
PUBLIC STORAGE,PSA
FIN DEPT GOVT SHARJAH,SHJGOV
Flemish Region,FLEMSH
GAINWELL ACQUISITION COR,GAINAC
ORIENT AST MGT CH,ORIAMC
Net Zero Properties S.a.r.l,NZP
JT INTL FIN SERVICES BV,JAPTOB
NORTHERN OIL & GAS INC,NOG
NEWFOUNDLAND POWER INC,FTSCN
IADB-Inter American Development Bank,IADB
Japfa Pte. Ltd.,JAPSP
METLEN ENERGY & METALS PLC,MYTIL
PING AN LIFE INSURANCE,PINGLI
FORTIVE CORPORATION,FTV
NJ JIANGBEI NEW AREA INV,NJHITE
CN BROADCAST TV SD NETWO,SDBDTV
HAINING LEATHER MARKET,HNLEAT
HEMSO FASTIGHETS AB,HEMSOF
FOCUS FINANCIAL PARTNERS,FOCS
EPHIOS SUBCO 1 SARL,SYABGR
Hokkaido Electric Power Company,HOKKAIDO EPC
WI TREASURY FRN,WITF
HONGTA SECURITIES,HOTASE
LEDESMA SA,LEDEAR
CROMBIE REAL ESTATE INV,CRRUCN
CPI Property Group S.A.,CPIPG
GAOPING SOE CAP INVST OP,GPSTOC
IBERDROLA FINANZAS SAU,IBESM
HANGZHOU BINJIANG REAL,HZRECH
POSCO INTERNATIONAL CORP,DAEINT
KLOVERN AB,TOBPRO
KIB SUKUK LTD,KIBKK
ARDAGH METAL PACKAGING,AMPBEV
ROMANIA T-BILL,ROMTB
QD LS TECH INNOVA DEV GR,LSTCIN
YUAN CHENG CABLE CO LTD,YCCABL
XUZHOU TRANS HLD GRP,XZHSRL
TZH FENGCHENGHE CONST CO,TZFCHC
BNP PARIBAS ALM,BNP
NVIDIA CORP,NVDA
JIANGSU SHENGZE INVEST,JSSZIN
Severn Trent Utilities Finance PLC,SVTLN
KOREA EXPRESSWAY CORP,HIGHWY
CHANGSHA LUGU INDUSTRIAL,LGREAL
SANMING CONSTR INV,SNMCON
PERMANENT TSB,PTSB
US BANCORP,USB
ANHUI ZHONGAN FIN ASSET,AHZAFA
DRC INTERNATIONAL BOND,DRCONG
TOKYO TATEMONO CO LTD,TOKTAT
VERT CIA SECURITIZADORA,VERTBZ
BLOCK INC,XYZ
HUNTINGTON BANCSHARES,HBAN
SLOVENIA (REPUBLIC) - OI - SLOVENIA,SLOVEN
CHINA EVERBRIGHT WATER L,CEWLSP
Guala Closures S.p.A,GCLIM
Crelan SA/NV,LNDBKR
YIBIN DEVELOP HLD GROUP,YISTAS
TOKYO METRO CO LTD,TRTA
GUANGZHOU LIGHT INDUSTRY,GZLIIN
PENNANTPARK FLOATING RAT,PFLT
KOREA ELECTRIC POWER CORP,KEPCO
YUNNAN EXPO TOURISM HLDG,YNEXPO
KLARNA HOLDING AB,KLARHO
OPTICS VALLEY UNION,WHGGUT
COUSINS PROPERTIES LP,CUZ
LINSHANG BK,LISHBK
Brookfield Finance Inc,BNCN
TOKYO ENERGY AND SYSTEMS,TYENSY
CRCC HUAYUAN LTD,RLCONS
FAIRFAX FINL HLDGS LTD,FFHCN
Ford Motor Credit Company LLC,F
INDONESIA INFRASTRUCTU,IIFPTN
TAIZHOU SCIENCE TECH INV,TZSCTE
CN HUANENG GP TREASURY,HUANEN
CENTRAL 1 CREDIT UNION,CTLONE
HKT Capital Limited,TBD
INDONESIA SVBI,INDOVB
SAUDI TELECOM CO,STCAB
UNICREDIT BANK - ITALY,CRDIT
KAWASAKI HEAVY IND,KAWHI
WUERTH FINANCE INTL BV,WURTH
YUHUA CONSTR INV GR,YUHUAI
GOVERNMENT OF THE NORTHW,GNWT
GMO FN HD INC,GMOFH
CHANGXING ECONOMIC DEV,CXECDE
GIGA MAIS FIBRA TELECOM,GIGABZ
DANFOSS FIN I BV,DNFSDC
XIAN URBAN DEVELOPMENT,XIANUD
INCHEON INTL AIRPORT,KORAIR
CHINALCO HIGH END MANUFA,CNLCOH
Core & Main LP ,CNM
BINZHOU GUOTOU OVERSEAS,BZSOCI
Great-West Lifeco Inc,GWOCN
SUOMEN HYPOTEEKKIYHDISTY,SUOHYP
Lutech S.p.A.,LUTECH
STATE BANK OF INDIA - INDIA,SBIIN
"GENERAL MOTORS FINANCIAL COMPANY, INC.",GM
"Synergy Infrastructure Holdings, LLC",TBD
SH INTL GR ASSET MGT,SHAINT
NISSAN CANADA INC,NISCAN
The Federation of Bosnia and Herzegovina,BOSNIA
Compass Group PLC,.COMPA
ASIAN DEVELOPMENT BANK-MANDALUYONG HEAD OFFICE,ASIA
EGYPT TASKEEK CO,EGYSK
GRAY MEDIA INC,GTN
Enbridge Inc,ENBCN
JIANGSU WUJIN GREEN BUIL,WJGRBI
SHENZHEN METRO,SZMETR
TRAFIGURA FUNDING SA,TRAFIG
OBERBANK AG,OBERBK
YUNTIANHUA GROUP CO LTD,YUNGRO
SZ YINTONG AM INV,SZYTAM
CSSC CAPITAL 2015 LTD,CSSSHI
JN CITY CONSTR ENGINE CO,JNCCEG
CHANGYUAN WATER GRP CO,CYWTGP
FUKUOKA PREFECTURE,FUKUPR
"El Puerto de Liverpool, S.A.B. de C.V.",LIVEPL
SHOUGANG GROUP CO LTD,SHGANG
SHANGRAO AST MGT,SRSASM
LINZI JIUHE FINANCE HOLD,LZJHFH
"PODS, LLC",PODS
CATERPILLAR FIN AUSTRALI,CAT
TINGYI (C.I.) HLDG CORP,TINGYI
CHINA MERCHANTS SHEKOU,CHMERC
Trafigura Funding S.A.,TRAFIG
IEIT SYSTEMS CO LTD,INSPEI
HELLOFRESH SE,HFGGR
CIPHER COMPUTE LLC,CIFR
DH SWITZERLAND FINANCE,DHR
NANNING HI-TECH INDUSTRI,NANHIT
SEMPRA,SRE
CONSTELLATION OIL SA,COSHSA
CORE SCIENTIFIC,TBD
QTS FAYETTEV I DC1-2/TRS,QTSQTS
CHANGSHA ECONOMIC & TECH,CHSHEC
KBC INSURANCE - RM,KBC
YUEYANG URBAN CONSTRUCT,YUEYAN
MERLIN PROPERTIES SOCIMI SA,MRLSM
Arion Banki hf,ARION
Land Berlin,BERGER
NJ JIANGNING SCIENCE PAR,NANJIA
CHINA OIL &  GAS GROUP,CHIOIL
RWANDA GOVERNMENT BOND,RWGB
Kommunalbanken AS,KBN
AVERY DENNISON CORP,AVY
MEXICAN UDIBONOS,MUDI
CNH INDUSTRIAL CAPITAL,CNHI
ALLISON TRANSMISSION INC,ALSN
STATE GRID EUROPE DEVELO,CHGRID
La Banque Postale,LBP
HZ LINPING CITY CONS,YUHANG
H WORLD GROUP LTD,HTHT
O'REILLY AUTOMOTIVE INC,ORLY
DAISHIN ASSET TRUST CO,DSHNAT
BAIYEYUAN INVEST,BAIYYU
"MSCI, Inc",MSCI
SHIMANE PREFECTURE,SHIMAP
GRUPO ENERGIA BOGOTA,GEBCB
SHIMAO GROUP HOLDINGS LT,SHIMAO
HUN WUXI INDUS INVES GRP,HNWXIN
"ICDPS Sukuk, LTD",TBC
ARAB ENERGY FUND,APICOR
Toyota Finance Australia Ltd,TOYOTA
JIZHONG FENG FENG GROUP,JINNIU
PUBLIC POWER CORP,PPCGA
NAMIBIA T-BILL,NAMITB
DDC 01 PROPCO LLC,TBD
CANADIAN UTILITIES LTD,CUCN
HUAFA 2024 CO,ZHHFGR
NUVEEN - RM - UNITED STATES,TIAAGL
BOLIVIA CB BONDS,BOCBD
TF BANK,TFBANK
DONGJIAKOU DEV GRP,DJKDEV
TC ZIRAAT BANKASI AS,TCZIRA
AG BK CHINA LTD/ LONDON,AGRBK
RESURS HOLDING AB,RESURS
FIDELIDADE - COMPANHIA DE SEGUROS - PORTUGAL,FIDELI
CHINA RESOURCES INC,RESOUR
ALARIS EQUITY PARTNERS,ADCN
CHINA POWER CONSTR,CHPWCN
BANIJAY SAS,BANIJA
JINING HI-TECH CONSTR,JIHITE
"Experian Finance US, Inc.",EXPNLN
WH INNOVA INVEST GRP CO,WHGYKG
BLACKSTONE REG FINANCE,BX
KAZAKH TBILL - MEKKAM,MEKKAM
CAISSE FRANCAISE DE FINANCEMENT LOCAL,CAFFIL
XIAMEN INTL BANK,XMINLB
United Utilities Water Finance PLC,UU
ARTEMIS GOLD INC,ARTGCN
"Lithia Motors, Inc.",LAD
BARCLAYS BANK PLC,BACR
XUCHANG CHENGTOU DEV GRP,XCCTDE
PETRON CORP,PCORPM
GMO INTERNET GROUP INC,GMO
CALC BONDS LTD,CHNAAR
VITAL ENERGI MIDCO,VITTOP
SHANNXI INTERCITY RAILWA,SHINRA
N MACEDONIA T-BILL,MACTB
TRYG FORSIKRING,TRYGFO
UETD CON&DEV CAP INVEST,UECTED
NARITA INTL AIRPORT CORP,NTIA
CINDA SECURIIES,CNDASE
DR Test Case 4,DUMMYTEST -
John Deere Capital Corporation,DE
NJ QIXIA SOA INVESTMENT,QIXIA
Societatea Nationala de Gaze Naturale Romgaz S.A,ROMGAZ
HUNAN SALT INDUSTRY GROU,HUNLIG
GOLDMAN SACHS PRIVATE CR,GSCRED
UNION BANK OF INDIA,UNBKIN
CHINA COMM CONSTRUCTION,CHCOMU
DOLLARAMA INC.,DOLCN
PROCORE TECHNOLOGIES INC,PCOR
HOKUETSU CORP,HOKPAP
S-PANKKI OYJ,SPANOY
PD ENVIRONM PROTECT ENER,SHPDEN
FEDERATION OF BOSNIA & H,FDBSGB
Equinix Asia Financing Corporation Pte. Ltd. / Equinix Europe 2 Financing Corporation LLC,EQIX
AVOLON HOLDINGS FNDG LTD,AVOL
MILLROSE PROPERTIES INC,MRP
JS JINTAN INV,JSJTIH
SILK ROAD GROUP HOLDING LLC,SLKRDH
Volkswagen Financial Services NV,VW
DOW CHEMICAL CO/THE,DOW
KARAMAY CONSTR INV DEV,KMUCID
EQUINIX INC,EQIX
HUANGDAO DEVELOPMENT,JNASST
Fresenius SE & Company KGaA,FREGR
NEUHBERG HYS FUND INC,NHS
GOVERNMENT OF YUKON,YUKON
SCIENCE APPLICATIONS INT,SAIC
ALIBABA GROUP HOLDING,BABA
SPAREBANKEN OST BOLIGKRE,SPBOBO
ZHONGMOU XINGLV INV,ZMXLCI
INTERSTATE POWER & LIGHT,LNT
BOLT INNOVATION,JTGLEX
MEISHAN INVESTMENT HOLDI,MSINVE
WOORI BANK CHINA,WOORIC
HUAIAN INVEST HOLDINGS,HACWAM
NAMIBIA I/L GOVERNMENT,NAMIIL
AMC Entertainment Holdings Inc.,AMC
HENKEL HK HLD LTD,HENKEL
BEIJING TOURISM GROUP,BJTOUR
Macquarie Bank Limited,MBL
BPD JAWA TIMUR,BPJTIJ
DEPOSITORY TRUST & CLEAR,DEPTCC
SCORPIO TANKERS INC,STNG
SIXTH STREET SPECIALTY,TSLX
UNITED PARCEL SERVICE [UPS],UPS
HONDA FINANCE,HNDA
Lamar Media Corp,LAMR
SPIC NE ELEC,SPICNE
APPLIED DIGITAL,TBD
MASHREQBANK/HONG KONG,MASQUH
SKIPTON BUILDING SOCIETY - UNITED KINGDOM,SKIPTN
DEERE FUNDING CANADA COR,DE
GOVERNMENT OF THE DEMOCRATIC REPUBLIC OF THE CONGO,REPCON
LOTTE WELLFOOD CO LTD,LOTCON
GAMBIA SUKUK AL-SALAM,GMSAS
SHINSEI BANK LTD,SHNBK
LUMEN,LVLT
CFE Fibra,FCFE
TEVA PHARMACEUTICAL INDU,TEVA
ZJ TRANSPORTATION GROUP,ZJCOMG
ROLLS-ROYCE HOLDINGS PLC,ROLLS
WESTERN AUST TREAS CORP,WATC
ENERGOS INFRASTRUCTURE,ENEIFH
BILIBILI INC,BILI
CHANGZHOU CONSTRCT GROUP,CZCONS
SMURFIT WESTROCK FIN,SW
ANHUI HL AGRICULTURAL ME,ANHHUI
REALTY INCOME CORP,O
JIANGXI PROVINCE INV GRP,JXPIVG
GOVERNMENT OF THE FEDERAL REPUBLIC OF NIGERIA,NGERIA
TIELONG CONTAINER LOGIST,ZTCONT
La Mondiale,LAMON
GRENKE FINANCE PLC,GLJGR
ENBRIDGE INC,ENBCN
SAMSUNG SECURITIES CO,SAMSEC
Virgin Media O2 Vendor Financing Notes VIII Designated Activity Company,VMED
CHINA ORDINS GROUP,CNOGCL
FLUIDSTACK,TBD
ELDIK BANK OAO,ELDIK
"HDFC Bank, Ltd.",HDFCB
Bank Leumi Le-Israel Ltd.,LUMIIT
APPLIED DIGITAL,<APLD>
SP KIINNITYSLUOTTOPANKKI,SPMTBK
Liberty Utilities Co,AQNCN
NINGBO DEV & INV GROUP,NIDEIN
EXCELLENCE CO PROP,EXCECP
HOMEVI SAS,DMVIFR
BURKINA FASO T-BILL,BFTB
Southwestern Public Service,XEL
SATURN HOLDINGS PLC,STRNHD
DANFOSS A/S,DNFSDC
SHANDONG HAIHUA GROUP,CNOOC
Loews Corporation,L
LITHUANIA GOVERNMNT BOND,LITHGB
ALCHEMY MERGER SUB CORP,ALRSTE
Nationale-Nederlanden Bank NV,NNGRNV
HANJIN LOGISTICS CORP,HANTRA
Republic of Latvia Represented by the Treasury of the Republic of Latvia,LATVIA
PUKOU URBAN RURAL CON GP,NANJPK
"Host Hotels & Resorts, L.P.",HST
British American Tobacco p.l.c. (B.A.T),-
CHENGDU INLAND PORT HUB,CHGINL
GX ROAD & BRIDGE ENGINEE,GXRBEG
JIANGYAN TRANSPORTATION,JYTCID
HUAXIN PHARM INVESTMENT,TAIHUA
AA BOND CO LTD,AABOND
ASSURANT INC,AIZ
PING AN INTERNATIONAL,PINIFL
FABBRICA ITA SINTETICI,FISITA
"Abbvie, Inc.",ABBV
NINGXIA AGRI RECLAMATION,NINFAR
Engie SA,ENGIFP
AMSTED INDUSTRIES INCORPORATED,AMSIND
ECORBIT CO LTD,TSKKOR
CHINA STATE CONSTRUCTION,CSCECI
BMW,BMWG
HONG KONG T-BILLS,HKTB
Banca IFIS S.p.A.,IFIS
"PayPal Holdings, Inc.",PYPL
BEIJING ELECTR ZONE INV,BJELID
DBS BANK LTD,DBSSP
SK NETWORKS CO LTD,SUNKYO
CHINA CHEMICAL ENG,CHCHEE
ZJ MATERIALS DEVELOPMENT,ZJMADE
SKC CO LTD,SKC
HSE INVESTMENT SARL,HSEINV
National Rural Utilities Cooperative Finance Corp,NRUC
SUNRISE HOLDCO IV BV,SUNN
TABCORP FINANCE PTY LTD,TAHAU
PLUSPETROL S.A. ,PLUSPE
SINOPEC OILFIELD SERVICE,SIPEOI
CD JINKAI ASSET MNGMT,CDJKAM
SEOUL METRO CITY BONDS,SEOUL
Gas Networks Ireland DAC,BOGAEI
British Telecommunications PLC,BRITEL
"Barings BDC, Inc",BBDC
ZHJ HUAYOU COBALT,ABOEHY
EMLAK VARLIK,EMLVAR
CHINA MODERN DAIRY HOLDI,CNMDHL
PUBLIC UTILITIES BOARD,PUBLSP
HUMON SMELTING CO,HUMONS
Ittihad International Investment LLC.,ITTHAD
JIAXIAN CAPITAL OPR,JXSOCO
GUMING INT BVI LTD,GUMINT
ARAB REPUBLIC OF EGYPT,EGYPT
"GENERAL MOTORS FINANCIAL COMPANY, INC.",ACF
CHINA RAILWAY HI-TECH CO,CHRAIL
DALIAN DETAI HOLDING GRP,DLDTED
MAHARASTRA,MAHARA
WUHAN URBAN CONSTRUCTION,WHREST
MICROCHIP TECHNOLOGY INC,MCHP
GOLDMAN SACHS FIN C INTL,GS
Public Service Company of Oklahoma,AEP
"General Mills, Inc.",GIS
KALVISTA PHARMA INC,KALV
YANCHENG DEVELOPMENT,YDHIDC
PARADIGM PRNT/CO-ISSUER,PDCO
WSP Global Inc,WSPCN
Consolidated Edison Company of New York Inc,ED
NOKIA OYJ,NOKIA
SUPERNOVA INVEST GMBH,SUPERN
SIBANYE-STILLWATER,SSWJ
"Empresa Distribuidora de Electricidad de Mendoza S.A				",N/A
SUMITOMO MITSUI FINANCE,SUMIFL
RENGO CO LTD,RENGO
LANGYA OVERSEAS CO LTD,LYLSFI
KINGDOM OF DENMARK,DENK
SUZHOU HENGTAI HOLDING,SZHTHG
HAID GROUP,GUAHAI
DERICHEBOURG,DBGFP
U-NEXT HOLDINGS CO LTD,USENEX
GLAXOSMITHKLINE CAP INC,GSK
MAYBANK SINGAPORE LTD,MAYSIL
Talanx AG,TALANX
SHOKO CHUKIN BANK,SHOCHU
HANWHA OCEAN CO LTD,DWSMEC
GENDA INC,GENDAI
LOUIS DREYFUS FINANCE BV,LOUDRE
"Intuit, Inc.",INTU
ASN BANK NV,ASNBNK
AUST & NZ BANKING GRP NY,ANZ
CHENGDU SINO FRENCH EC,CDSNFE
EMPRESA DISTRIBUIDORA Y COMERCIALIZADORA NORTE S.A. ,EDENOR
Eroski Sociedad Cooperativa,EROSKI
INDONESIA SUVBI,SUVBIJ
SHAOYANG CITY CONS INVST,SHACIT
"Raymond James Financial, Inc.",RJF
DATANG HUAYIN ELECTRIC P,DTHYEP
ALOQABANK JSC,JSCALO
TR FINANCE LLC,TRICN
CHINA WEST AIRPORT GROUP,WEAIRP
CONSTELLATION GLO FNDG,CONSTL
SAMCHULLY CO LTD,SANCHL
"Brandywine Operating Partnership, L.P.",BDN
PROVINCIA DE BUENOS AIRE,BUENOS
JS HUANGHAI FIN HOLDING,JSHHJK
FMC CORP,FMC
GOVERNMENT OF THE FEDERAL REPUBLIC OF GERMANY,DBR
QD WESTERN COAST PUBLIC,QDWCPU
HEUNGKUKFIREMARINEINSURA,SSANGF
Radiology Partners Inc,RADPAR
THE GOLDMAN SACHS GROUP INC,GS
TELEFONICA SA,TELEFO
WZ PUBLIC UTILITIES DEVE,WZHPTI
LIFCO AB,LIFCOB
CHORD ENERGY CORP,CHRD
IND & COM B C/DUBAI DIFC,ICBCAS
ENERGY VAULT HLDGS INC,NRGV
NJ NEW INDUSTRIAL INV,NJNIIG
JSC NC QAZAQGAZ,KZTGKZ
GOVERNMENT OF THE REPUBLIC OF POLAND,POLAND
LUOYANG INDUSTRIAL HOLDI,LYINDU
KEYSPAN GAS EAST CORPORATION,NGGLN
RYDER SYSTEMS,R
"DORMAN PRODUCTS, INC.",DORM
GAOYOU TRANSPORT INV,GYTRAN
BEIJING CAPITAL GROUP,BEICAP
BJ LIFE INSURANCE,BJRSBX
Corebridge Financial Inc.,CRBG
"Affiliated Managers Group, Inc.",AMG
SZ SPECIAL ECONOMIC ZONE,SZSPEC
Commerzbank Aktiengesellschaft,CMZB
GK WANBAO FINANCIAL LEAS,GZGKWB
PARADIGM PARENT LLC,PDCO
AL RAJHI BANK,1120
"HA Sustainable Infrastructure Capital, Inc.",HASI
FEDEX FREIGHT HOLDING CO,FDX
WULF COMPUTE LLC,WULF
KLEPIERRE,LIFP
"CORELOGIC, INC.",CLGX
Gulfstream Natural Gas System LLC,GULFNG
FRESENIUS MEDICAL CARE AG & CO. KGAA,FMEGR
TURK TELEKOMUNIKASYON AS,TURKTI
IDAHO POWER CO,IDA
ASIAN INFRASTRUCTURE INV. BANK [AIIB],TBD
Davide Campari-Milano N.V,CPRIM
SK ON,SKONKR
GUIYANG CONS INV GR,GYCCIG
PT MAYORA INDAH,MYORIJ
LINYI INVESTMENT DEVELOP,LYINDE
ARDONAGH FINCO LIMITED,ARDGRP
EQUINIX EU 2 FINANCING C,EQIX
CAPITALAND ASCENDAS REIT,AREIT
SMART EYE AB,SEYESS
SMARTCENTRES REIT,SRUUCN
XJ YILITE INDUSTRY,XJYLTI
PROMIGAS S.A. E.S.P.,PROMIG
NATIONAL FUEL GAS CO,NFG
EASTERN AIRPORT GRP CO,NJLUKO
ABERTIS,ABE
WELLTOWER OP LLC,WELL
Atos SE,ATOFP
CTP N.V,CTP
LEMBAGA PEMBIAYAAN PERUM,LPPSA
NIPPON EXPRESS HOLDINGS,NPNEXP
SHAANXI TOURISM GROUP,SXTOUR
ENERGUATE TRUST 2 0,EGUATE
AUTOLIV,ALV
BOSNIA & HERZEGOVINA BIL,FDBSTB
INFINITY NATURAL RESOURC,INFNAR
GXO LOGISTICS CA,GXOLGS
Fair Isaac Corporation,FICO
TUNISIA GOVERNMENT BOND,TUNGB
NOVA SCOTIA T-BILL,NVSCTB
HUANENG POWER JS,HNPIED
AJ NETWORKS,AJULNF
SHAOXING CITY GROUP LTD,SXUCI
FAMKAA INVEST APS,FAMINV
HANJIANG GUOTOU GROUP,XFCITY
Cepsa Finance SA,CEPSA
KUTXABANK SA,KUTXAB
GDD INVESTMENT GROUP,GETDZS
BEIJING ENTERPRISES HLDG,BEIENT
ATLAS COPCO FINANCE,ATCOA
CANADIAN SOLAR EMEA CAP,CSIQ
DOVER CORP,DOV
FUZHOU CITY CONSTRUCTION,FZCINV
Protective Life Global Funding,PROTLI
ZJ HIGH TECH INDUST INV,ZJHEIV
Rede DOr Finance S.à r.l.,RDEDOR
Hybar LLC,TBD
ANTERO MIDSTREAM PART/FI,AM
Airbnb Inc,ABNB
NORFINA LTD,SUNCBK
METROPOLITAN EXPRESSWAY,METEXC
YL TOURISM INVESTMENT,YLJTLV
CITIGROUP INC,C
DEALER TIRE FINANCIAL LL,DEATIR
LEVIMA ADVANCED MATERIAL,LEVIAD
ZHHF TECHNOLOGY INDUSTRY,HFTIGP
AVIVA PLC,AVLN
SHEA HOMES LP/FNDG CP,SHEAHM
FINNVERA OYJ,FINNVE
WHIRLPOOL CORP,WHR
KAIFENG OPERATION INVEST,KAFEDI
LSEGA Financing plc,LSEGA
JEFFERIES FINANCIAL GROUP INC,JEF
BOCOM LEASING MGMT,BCLMHK
UBS GROUP AG,UBS
GO RESIDENTIAL OPERATING,GORESS
GUANGZHOU PORT CO,GZPORT
CHONGQING DEV INV,CQDEIN
Bond German BidCo 1 GmbH,BASF
ANJI LEASING,ANJILS
AEGON THTH LIFE,AEGONT
Arab National Bank,ARNBAB
Cleco Power LLC,CNL
VENTURE GLOBAL CALCASIEU,VENTGL
CHINA CONSTRUCT ENG LTD,CHCONS
BEAZER HOMES USA,BZH
SAN MARINO GOVERNMENT BO,SMGB
Alpha Bank SA,ALPHA
BANK OF ENGLAND [BOE],TBD
JUST GROUP PLC,JUSTLN
SHANGRAO CONSTR INV,SHARAO
SK INNOVATION CO LTD,SKINNV
PB FINANCIAL CORP,FBK
TINGSVALVET FASTIGHETS,TINGSA
ITC HOLDINGS CORP,ITC
Anglian Water Services Financing PLC,AWLN
Travelers Cos Inc/The?,TRV
XIAN INVESTMENT HOLDING,XIANIH
RLB OBEROESTERREICH,RFLBOB
SHENZHEN MUNI GOVT,SHENZH
POSCOINTERNATIONALCORP,DAEINT
GD HENGJIAN INVEST,GDHJIN
DEERE & CO,DE
BELFIUS BANK - BELGIUM,CCBGBB
ALPIQ HOLDING AG,ALPHSW
SUIZHOU URBAN CONST COMP,SZCUCD
ZJ DAISHAN RURAL COMM,ZJDSRC
XINJIANG AUTO REGION GOV,XINJIA
XINXING CATHAY INTER,XXCATH
CQ THREE GORGES WATER CO,CQTHGO
CH MERCHANT EXP NET TECH,CHMETH
NGPL PipeCo LLC,NGPLCO
HAIHENG GROUP CORP,HAIHEN
LIBERTY MUTUAL INSURANCE CO,LIBMUT
TRUIST FINANCIAL CORP,TFC
VENETIAN LAS VEGAS GAMING LLC,TBD
"GB AIT BUYER, INC.",AITWOR
SIRIUS REAL ESTATE LTD,SRELN
SHANGHAI BAOYE GROUP,SHBYGR
CN INFO COM TECH GROUP,CICTGC
CQ HUAYU GROUP,HUAYUG
JS CENTURY NEW CITY INV,YCCNCC
POWERCN CONSTRUCTION GRP,PCCGCL
Ecolab Inc.,ECL
ZJ ANJI CITY OPER MANAGE,AJCIMA
JIANGSU CHANGJIANGKOU DE,JICHDG
ALPHA STAR HO IX LTD,DAMACR
SX CULTURE TOURISM INV,SXCTIH
INTL CONSOLIDATED AIRLIN,IAGLN
"Uber Technologies, Inc.",UBER
NATL BK RAS AL KHMAH,RAKBNK
AH CONSTRUCTION ENGINEER,AHCEHB
MERIDIAN COMPUTE LLC,<MERIDI>
CN RESOURCES LAND,CNRELH
CLECO POWER LLC,CLN
HDC HOLDINGS CO LTD,HYUIND
SINOHYDRO ENG BUREAU 4,SINOHY
MUTHOOT FINANCE LTD,MUTHIN
KAZAKH GOV BOND - MEOKAM,MEOKAM
BERKSHIRE HATHAWAY INC,BRK
ASFINAG,ASFINAG
CCCC FOURTH HARBOR ENG,CCCCFE
MEITUAN,MEITUA
BPIFRANCE,BPIFRA
Sydbank A/S (Denmark),SYDBDC
HUAIAN DIST URB ASST OP,HACWAM
CHINA BAOAN GROUP CO LTD,CHBAOA
NOT APPLICABLE,HYOGO
BRIGHT FOOD SINGAPORE HOLDINGS PTE. LTD.,BRTFOD
XIAMEN TUNGSTEN CO LTD,XMTUNG
SINOHYDRO RENEW ENERGY,SINORE
DISTRITO ESPECIAL INDUSTRIAL Y PORTUARIO DE BARRANQUILLA,BQUILL
QUANTA COMPUTER INC,QUANTA
LEASYS SPA,LEASYS
ROYAL CARIBBEAN,RCL
ELECTROLUX PROFESSIONAL,EPROBS
ROYALTY PHARMA PLC,RPRX
SF HOLDING GLOBAL 2026,PRELPP
CANADIAN PACIFIC RR CO,CP
HEUNGKUK LIFE INSURANCE,HUKLFI
AA ENERGI AS,AGDERE
YANKUANG ENERGY GROUP,YZCOAL
LOTTE SHOPPING CO LTD,LOTTES
STATNETT SF,STATNE
Deutsche Genossenschafts Hypothekenbank AG,DZHYP
Virgin Media O2 Vendor Financing Notes VII Designated Activity Company,VMED
KYOEI STEEL LTD,KYOSTE
CORE SCIENTIFIC FINANCE,CORZ
SWORD PURCHASER LLC,SEE
Dell International LLC (USA),DELL
CZECH REPUBLIC,CZGB
HANJIN TRANSPORTATION,HANTRA
Eversource Energy,ES
"CANPACK Group, Inc.",CANPCK
T&D HOLDINGS INC,TDHLD
NEDERLANDSE WATERSCHAPSBANK NV-THE HAGUE HEAD OFFICE,NEDWBK
AUNA SA,AUNA
ISDB TRUST NO 2,ISDB
GAS NETWORKS IRELAND,BOGAEI
SHENWAN HONGYUAN GROUP,SYWGSE
BENIN T-BILL,BETB
NEW ZEALAND T-BILLS,NZTB
Almirall S.A.,ALMSM
RED ELECTRICA DE ESPANA SA (REDESA),REESM 
WEIGAO HOLDING CO LTD,WEIGAO
ORANGE,ORAFP
FURUKAWA CO LTD,FURUKA
PUNJAB,PUNJAB
NETEL HOLDING AB,NETELS
ESENTIA ENERGY DEVELOPMENT SAB DE CV,FRMCA
HUADIAN JIANGSU ENERGY,HUADJS
CHANG DEVELOPMENT INT,CCUDIH
OPEC FUND FOR INTL DEV,OFIDEV
COTY/HFC PRESTIGE/INT US ROADSHOW,COTY
AGENCE FRANCAISE DE DEVELOPPEMENT [AFDD],TBD
GUANGYU DEVELOPMENT,GUAGYU
TAIXING CITY INV DEV,TXCIDG
CHONGQING WANZHOU ECONOM,CQWZET
AXON ENTERPRISE INC,AXON
XPLR INFRAST OPERATING,XIFR
CHORUS LTD,CNUNZ
OEYFJELLET WIND,OEWNDI
MERITZ FIRE & MARINE INS,METZFI
JOY DELIGHT INTL LTD,YUEXIU
HIMACHAL PRADESH,HIMPRA
ELIS SA,ELISGP
FAW LEASING CO LTD,FAWLEA
Colgate-Palmolive Company,CL
BWP MANAGEMENT LTD,BWPMGM
ADM ELEKTRIK DAGITIM AS,ADMELT
KeyCorp,KEY
VOLVO TREASURY AB,VLVY
SPAREBANKEN NORGE BOLIGKREDITT AS,SNOBNO
40YR JGB WHEN ISSUED,WIJ
Levi Strauss & Co,LEVI
HYUNDAI CAPITAL AMERICA INC,HYNMTR
REFLEX ADVANCED MATERIAL,RFLXCN
American National Group Inc.,ANGINC
DOMINICAN REPUBLIC,DOMREP
NAN FUNG TREASURY LTD,NANFUN
LEGEND FINANCIAL LEASING,LEGEFI
Ohio Edison Company,FE
"Kreditanstalt für Wiederaufbau (""KfW"")",KFW
WENZHOU BAY NEW AREA ECO,WZBNEC
QINGDAO JINSHUI HOLDING,QDJNSH
UBM DEVELOPMENT AG,UBSAV
HANGZHOU CIEC GROUP,HZSTTU
Sealed Air,SEE
"OCBC Bank, LTD",OCBCSP
RIVERSTONE INT HOLDINGS,RVRSTN
STATE RAILWAY THAILAND,SRTH
NORINCHUKIN BANK,NORBK
Sammons Financial Group Global Funding,SAMMON
SLM CORPORATION,SLM
FREIE HANSESTADT HAMBURG,HAMBRG
HEDONG DEV CONST INVST,SUINDI
KRAFTWERKE LINTH LIMMERN,KWLILI
HEBEI CONSTRUCTION INVES,HBCONS
STONEPEAK MOTION HOLDCO,SPMOTN
HARMONEY BIDCO AB,HARMNY
AMERICAN TRANSMISSION CO,AMRTRN
SJZ  STATE OWNED CAPITAL,SJZSOC
LOTTE ENGINEER & CONST,LOTTE
HAISHENG HOLDING,HMHJCC
Tesco Corporate Treasury Services PLC,TSCOLN
JOONGANG ILBO,JOOANG
HUNAN PROVINCIAL EXPRESS,HUEXPR
LENDLEASE FINANCE LTD,LLCAU
SOFINA - RM - BELGIUM,SOFBB
"NORTHERN OIL AND GAS, INC.",NOG
JAPAN EXP HLD/DEBT REPAY,JAPEXP
PARADISE CO LTD,PARADI
PLT VII Finance S.a.r.l.,BITELV
HUADIAN YUNNAN POWER,HDYNPW
SHANGHAI ZHENHUA HEAVY I,ZHENHU
XUNTA DE GALICIA,JUNGAL
MORE BOLIGKREDITT AS,MOREBO
Gurmat Elektrik Uretim A.S.,GURELK
AMYNTA,MAYAGE
TELEDIFFUSION DE FRANCE,TDFINF
YPF,YPFDAR
METLEN ENERGY & METALS,MYTIL
EMBRAER NETHERLANDS FINANCE B.V.,EMBRBZ
CRELAN HOME LOAN SCF,CRLNCB
CPI Property Group SA,CPIPGR
TYRE MIDCO LIMITED,TYRMID
WESTCONNEX FINANCE CO PT,WENNEX
QIANJIANG WATER RESOURCE,QJWRD
ZAOZHUANG ECON DEV,ZZECON
YUNNAN ENERGY GROUP CO L,YNPOWE
DEFINITY FINANCIAL CORP,DFYCN
JIULIAN ENTERPRISES GROU,JILIEP
HOFFMAN SCHROFF HOLDINGS,NVT
GAOXIN INTER INVEST,GXINTE
HEBEI PROVINCE GOVT,HEBEIG
Royal Bank of Canada,RY
CHINA MEHECO,MEHECO
PICARD BONDCO,PICSUR
BIDVEST GROUP UK PLC,BVTSJ
ICICI BANK LTD/IFSC,ICICI
"Mid-America Apartments, LP",MAA
TATRA BANKA AS,TATSK
SEAZEN GROUP LTD,FTLNHD
ENOVIX CORP,ENVX
NISOURCE INC,NI
NY URBAN INVESTMENT HOLD,NYUBIV
GLOBE TRADE CENTRE SA,GTCAPW
ESB FINANCE DAC,ESBIRE
"Merck & Co., Inc.",MRK
ALLETE INC,ALE
ALFA LAVAL TREASURY INTL,ALFASS
"NBN Co., LTD",NBNAUS
Lloyds Bank Corporate Markets,LLOYDS
KYUSHU ELECTRIC,9508
CNH INDUSTRIAL NV,CNH
SHANGHAI YUYUAN TOURIST,YUYUAN
DR Testing 2025,TESTDRB
CLIFFORD CAPITAL HODLING,CLIFCH
Paragon Banking Group PLC,PAGLN
ABBVIE INC,ABBV
Macquarie Bank Limited,MQGAU
ALANTA HEALTH GROUP,ALHEGR
ZIKLO BANK AB,ZIKLOB
FUQING NUCLEAR POWER,FJFQNP
TRANSDIGM,TBD
LAS VEGAS SANDS CORP,LVS
SWIFT HOLDINGS CORP,KNX
GAMBIA TREASURY BILL,GMTB
OSAIC HOLDINGS INC,ADVGRO
MACERICH COMPANY,MAC
GOODMAN US SEVEN LLC,GMGAU
KOREA ENERGY TERMINAL,KOROIL
Sparebanken Norge Boligkreditt AS,SNOBNO
PUBLIC SERVICE COLORADO,XEL
BUNDESMINISTERIUM DER FINANZEN,DBR
CAPITALAND CHINA TRUST,CRCTSP
Franklin BSP Capital Corporation ,FRBP
KBC GROUP NV,KBCBB
TENCENT MUSIC ENT GRP,TME
NOVO NORDISK FINANCE NL,NOVOB
AMN HEALTHCARE INC,AMN
JAPAN INT'L COOP AGENCY,JICA
JOHN DEERE BANK SA,DE
"CDP Financial, Inc.",CADEPO
RIZHAO LAND DEVELOP,RZLADE
JINNENG POWER,JINNEG
JS LY HIGH TECH HOLDING,JSZGYS
CHOUZHOU INTL INV LTD,YWSOAO
SECRETARIA DE HACIENDA Y CREDITO PUBLICO,MEX
Astrazeneca PLC,AZN
KERALA,KERALA
ECOLAB INC,ECL
PTT GLOBAL CHEMICAL PCL,PTTGC
CVS HEALTH CORP,CVS
LIFESPAN CORP,BRNUHS
SUZHOU TECH CITY DEV GRP,SZTCDC
NINGBO DATONG DEV,NBDTDH
BANGLADESH TBOND,BANGGB
FJ QZ TAIWANESE INVESTME,FJTWID
KEPPEL INFRA FUND MGMT,KITSP
NOT APPLICABLE,WSTP
"Aegon Funding Company, LLC",AEGON
UTTAR PRADESH,UTTARP
CHINA RESOURCES GAS INV,CRGASC
OLYMPUS CORPORATION,OLYMPU
OMNIA TECHNOLOGIES S.P.A.,DELLTO
CN COSCO SHIPPING,CCOSCO
REPUBLIC OF COLOMBIA,COLOM
GIVAUDAN SA,GIVNVX
BANK OF NINGBO,BKNIBO
Bank of New Zealand,BZLNZ
ASB BANK LIMITED,ASBBNK
SICHUAN PROVINCE GOVT,SICHUA
EVERBRIGHT JINOU ASSET,EVJIAM
PRESTIGE BRANDS INC,PBH
LIVE NATION ENTERTAINMEN,LYV
ORIX AUSTRALIA CORP LTD,ORIX
ZHANGZHOU DEV ZONE,CMZZDZ
VOLKSBANK WIEN,VOWIBA
UACJ CORP,UACJCO
XINXIN FIN LEASING GRP,XXFILC
STOCKLAND TRUST MGMT LTD,SGPAU
ZHUHAI ZHENGFANG GROUP,ZHZFGC
WULF COMPUTE LLC,TBD
OSAKA CITY,OSACTY
ELECTRICITE DE FRANCE,EDF
CORNER BANCA SA,CRNBNK
BANK OF CHINA/FRANKFURT,BCHINA
BOBST GROUP SA,BOBST
SX FENGXI DEVELOPMENT GR,SXNDFD
ZJ STATE CAPITAL OPER,ZJASSM
BOC SX LIFE INSURANCE,ZYSXRS
BANQ CANTONALE DU VALAIS,WKBNSW
SICHUAN GLOPORT INV DEV,SCGRID
Inter-American Investment Corporation,-
XINJIN URBAN CONS INV,XJCOIN
HSBC Holdings plc EUR 8NC7,HSBC
Agence France Tresor,FRTR
NOBA BANK GROUP AB,NOBABK
Massachusetts Electric Company,NGGLN
SESI LLC,SPN
XINJIANG PRODUCT CON INV,XJPCIN
NOVA SECURITISATION SARL,NOSECU
YUNCHENG DEVELOPMENT,YUNCDI
"Fiserv, Inc.",FI
FAIR ISAAC CORP,FAIRIC
HAIER QINGDAO FINANCIAL,HAIEQD
Western-Southern Global Funding,WSFIN
MOROCCO GOVERNMENT BOND,MORGB
SHENGZHOU INV HLD,SHEZHO
EASTERN POWER NETWORKS PLC,UKPONE
BANK OF HAINAN,HNBANK
ST GALLER KANTONALBANK,SGKNSW
FIRST ABU DHABI BANK P.J.S.C.-Abu Dhabi Branch,FABUH
CHENGDU ENVIRON INV GRP,CDXRIN
SHENZHEN AGRI POWER,SZAGRI
HANA SECURITIES CO LTD,HANFGI
CIBC SYDNEY,CM
"VENTURE GLOBAL LNG, INC.",VENLNG
Truist Financial,TFC
DT YNN POWER GENERATION,DTYNPE
PUGET ENERGY INC,PSD
FUKOKU MUTUAL LIFE INSUR,FUKOKU
ENTERGY CORPORATION,ETR
SK DISCOVERY CO LTD,SUNKY
MOTABILITY OPERATIONS GR,MOTOPG
KINGDOM OF BELGIUM ,BGB
CATARC AUTOMOTIVE PROVIN,CATARC
BJ NEW BUILDING,BJNBMP
CD ADVAN MANUFAC IND INV,CDAMIN
VILLE DE PARIS,VDP
Swedish Export Credit,SEK
YUNNAN COPPER INDUSTRY,YUNCOP
Amynta Group ,AMYNTA
TRACT CAPITAL,TRACTC
LOEWS CORPORATION,L
PETRINDO JAYA KREASI PT,PEJAKR
CZ QIANHONG BIOPHARMA,CZQHBI
ZS TORCH PUBLIC ASSET,ZSTPAM
Banque et Caisse Depargne de L'Etat Luxembourg,BCEE
Mutual of Omaha Companies Global Funding,MUTOMA
LUMEN,LUMN
Truist Bank / Truist Financial Corp,TFC
Bell Canada,BCECN
FEDERAL HOME LOAN BANK,FHLB
Deutsche Post AG,DHLGR
Giga Mais Fibra Telecomunicações S.A.,GIGABZ
BANK OF MAHARASHTRA-GANDHINAGAR BRANCH,BOMHIN
SEALAND SECURITIES,SLDSEC
SHELL,RDSALN
AMERIPRISE FINANCIAL INC,AMP
DENMARK,TBD
PLT VII FINANCE SARL,BITELV
GOHL CAPITAL HOLDINGS,GTGOVS
TOKYO METROPOLITAN GOVERNMENT,TBD
NEBIUS GROUP NV,NBIS
MUVICO LLC,AMC
"ZF North America Capital, Inc.",ZFFNGR
BANCA DEL FUCINO SPA,BKFUCI
DXC TECHNOLOGY COMPANY,DXC
CAMEROON TREASURY BOND,CAROON
SURYA ARTHA NUSANTARA FI,ASIIIJ
TAMIL NADU,TAMILN
WR GRACE HOLDING LLC,GRA
DEUTSCHE POST AG,DHLGR
ING GROEP NV,INTNED
IAG [INTERNATIONAL AIRLINES GROUP],ICAG
VOLCAN COMPANIA MINERA,VOLCAN
AYVENS,AYVFP
WELLTOWER INC,WELL
COREBRIDGE FINANCIAL INC,CRBG
El Corte Ingles S.A.,CRTING
SYDNEY AIRPORT FINANCE,SYDAU
CHINA EVERBRIGHT GREENTE,CNEBGR
Abertis Infraestructuras SA,ABESM
HUADIAN NEW ENERGY,HDFUXN
DONGTAI HUIMIN URBAN,DTHMUC
XINAN COUNTY,XINCOH
VOLKSWAGEN FIN SERV AUST,VW
NINGBO YINZHOU RURAL BK,YNZHBK
"META PLATFORMS, INC.",META
PACCAR FINANCIAL CORP,PCAR
MALI TREASURY BILL,MALI
LG INSURANCE CO UK,LGIC
KOREA HYDRO & NUCLEAR PO,KOHNPW
LLOYDS BANK PLC,LLOYDS
AES España B.V. , 
Starbucks Corporation,SBUX
H and M HENNES & MAURITZ GBC,HMBSS
BANK OF CHINA AUST,BCHINA
SHANDONG RAILWAY DEV FD,SDHPDF
JS CHUANGHONG ASSET,JSCHUA
MM MIRAGE BLUEWATER II,HEANRG
AL JAWAHER ASSETS,ALJACO
ZHUZHOU STATE OWNED ASSE,ZZSOAI
"First Citizens BancShares, Inc.",FCNCA
Dave Test,DFS
EWE AG,EWE
LESHAN COMMERCIAL BANK,LESHBA
"Gilead Sciences, Inc.",GILD
Mashreq Bank PSC (Bahrain),MASQUH
AEGEA FINANCE S.A.R.L,AEGEBZ
ORIX CORP,ORIX
NXP BV/NXP FDG/NXP USA,NXPI
KOREA HOUSING & URBAN GU,KWREPR
UGI INTERNATIONAL LLC,UGI
ISRAEL FLOATING RATE,ILFRN
Hokkaido Electric Power Company,HOKKEL
CHUBB INA HOLDINGS LLC,CB
ARC RESOURCES LTD,ARXCN
DEQING WATER INVESTMENT,DQCWCI
TOURMALINE OIL CORP,TOUCN
BANK OF MONTREAL,BMO
ZHONGYUAN BANK CO LTD,ZHYUBK
BANK OF NOVA SCOTIA,BNS
HAINAN WEILONG TECH DEV,SZMDHD
ALBERTSONS COS/SAFEWAY,ACI
Roche Holdings Inc,ROSW
EXPORT-IMPORT BANK CHINA,EXIMCH
HERITAGE PEOPLES CHOICE,PFBKAU
TRANSPORTADORA DE GAS DEL SUR S.A. ,TRAGAS
COSTA RICA TITULOS PROPI,CRTP
DZ HYP AG,DZHYP
SAP AG,SAPGR
XIAN KINGFAR HOLDING,XAJKIN
SHENZHEN ENVIRONMENTAL W,SHEENV
BAWAG PSK BANK FUER ARBEIT & WIRTSCHAFT-VIENNA HEAD OFFICE,BGAV
LIUZHOU LONGJIAN INVT,LZLONG
KASIKORNBANK - THAILAND,KBANK
BANK MAYBANK INDONESIA,BNIIIJ
"Mobiliare Latam, S.A.",N/A
SX CONST ENG HOLDINGS,SXCEHG
CASSA DEPOSITI E PRESTITI S.P.A.,CDEP
REMAGRUPPEN BIDCO 2 AB,REMAGR
POSCO INTERNATIONAL CORP,POINTL
VEON LTD,VEONHD
HAIZHOU DEVELPMENT GP,JSHZDG
TRITAX BIG BOX REIT PLC,BBOXLN
ZAMBIA GOVERNMENT BOND,ZAMGB
Applied Digital Corporation,APLD
SANTANDER BANK POLSKA,BZWPW
CITIZENS,CFG
HSBC Holdings plc,HSBC
NYKREDIT REALKREDIT AS-COPENHAGEN HEAD OFFICE,NYKRE
SAN MIGUEL GLOBAL POWER,SMCGL
DANANTARA INVESTMENT,DAINMA
AVATION GROUP S PTE LTD,AVAPLN
GILDAN,GILCN
GRIEG SEAFOOD ASA,GSFNO
CHINA RAILWAY SH INVESTM,CNRASH
SHANDONG HEALTHCARE GRP,SDYYHE
SWISS PRIME SITE FINANCE,SPSNSW
ASURION LLC,ASUCOR
Isdb Trust Services No.2 Sarl,ISDB
888 ACQUISITIONS LTD,GAMHOL
ACCRU PARTNERS GROUP AB,ACCRPT
NANJING STATE OWNED ASSE,NJASST
HUNAN CAIXIN FIN HOLD,CAIXIN
HTA GROUP LTD,HTWSLN
NIPPON KOWA REAL ESTATE,KOWARE
PHILIPPINE GOVERNMENT,RPGB
MassMutual Global Funding II,MASSMU
OLYMPUS CORP,OLYMPU
XIAMEN INFORMATION GROUP,XMINFO
POLAND GOVERNMENT BOND,POLGB
MUNTERS GROUP AB,MTRSSS
CHINA SOUTHERN POWER,SOPOWZ
SWISS LIFE FINANCE II AG,SLHNVX
QINGTIAN RURAL COM BK,QTRLCB
GARDA WORLD SECURITY,GWCN
AMERICAN HONDA FINANCE CORP,HNDA
UNITED KINGDOM GILT,UKT
NLG GLOBAL FUNDING,LIFEVT
SpareBank 1 Boligkreditt AS,SPABOL
REPUBLIC SERVICES INC,RSG
REPUBLIC OF CROATIA BOND,CROATE
GETTY IMAGES INC,ABEGET
TANGSHAN INTL INVMNT HK,TSHOLD
ROCHE KAPITALMARKT AG,ROSW
QBE INSURANCE GROUP LTD,QBEAU
STARLING BANK,TBD
COMMONWEALTH EDISON CO,EXC
COINBASE GLOBAL INC,COIN
MAIRE SPA,MTIM
WELL KENT INTERNATIONAL,HJINTE
American Greetings Corporation,AMEGRE
EP INFRASTRUCTURE AS,ENAPHO
JDE Peets N.V.,JDEPNA
WYNDHAM HOTELS & RESORTS,WH
Noble Finance II LLC,NE
City State of Berlin,BERGER
HAINUO INVST DEV,HAINIV
SALZGITTER AG,SZGGR
LUXSHARE PRECISION CO,LXSHPI
Telecom Italia SpA,TITIM
"Tyson Foods, Inc.",TF1
"Rivers Enterprise Borrower, LLC",TBD
TWMA FINANCE AS,TWMAFI
BJ JINGNENG CLEAN EN,BJASST
AMKOR TECHNOLOGY INC,AMKR
LUAN MINING GROUP,LUANMI
Intesa Sanpaolo S.p.A.. (IT),ISPIM
MITSUBISHI HC CAPITAL,MITHCC
VOLKSWAGEN BANK GMBH,VW
Osisko Gold Group Inc.,OGGWZ
ING Bank NV,INTNED
EMERA US FINANCE LP,EMACN
REPUBLIC OF FINLAND-,RFGB
NORTHERN POWERGRID YORKS,BRKHEC
Cassa Centrale Banca - Credito Cooperativo Italiano S.p.A.,CASSAC
GOEASY LTD,GSYCN
Investec Plc,INVPLN
BUKIT MAKMUR MANDIRI UTA,BUMAIJ
ACCENTURE CAPITAL INC,ACN
JIANGSU FANGYANG ENERGY,JIAFAN
HENAN YUZI URBAN RURAL,HNYZUR
SMURFIT WESTROCK PLC,SW
AGEAS SA/NV - BELGIUM,AGSBB
CHINA ELECTRONICS CORP,CNELEC
HSBC BANK PLC,HSBC
FIBRA PROLOGIS,FIBRAP
SUYIN FINANCIAL LEASING,SYJRZL
XC TRANSPORTATION INV,XCTINV
QXO BUILDING PRODUCTS,BECN
RISING METALS,RNMETL
SLENDER WESTLAKE TOURISM,SWLTDG
PNC FSG,PNC
GD POWER DEVELOPMENT CO,GUOPOW
RIVERS ENTERPRISE,RIVLEN
American Tower Corp,AMT
Artea Bankas AB,SABLLH
VW CREDIT CANADA INC,VW
BANK OF JIAXING,JIAXNG
XIZANG COMMUNICATIONS DE,XZCCDL
CHINA YANGTZE POWER,YANGTZ
BANK OF QINHUANGDAO,BKQINH
WELL LINK LIFE INSURANCE,WLISRC
BANK OF ENGLAND,PRELPP
LIANYUNGANG PORT GROUP,LIANYU
PATTERSON-UTI ENERGY INC,PTEN
SYMRISE AG,SYMRIS
PEBBLEBROOK HOTEL TRUST,PEB
VANQUIS BANKING GROUP,VANQLN
ZJ TRADIT CN MEDIC HEALT,ZJTRME
CANAL+,CANALP
MACY'S RETAIL HLDGS LLC,M
IHO VERWALTUNGS GMBH,IHOVER
CIMIC FINANCE LTD,CIMAU
HARYANA,HARYAN
CHUBB LTD,CB
CELANESE CORP,CE
SX XINZHOU SHENDA ENERGY,SXXZSD
SWEDISH ORPHAN BIOVITRUM,SOBISS
HT Troplast Gmbh,PRFINE
PUDONG REAL ESTATE,PDESTA
AJMAN BANK PJSC,AJMANB
TIANJIN GREAT WALL BIN,TIAGRE
JY STATE OWNED ASSET,JYSOCH
SPIC RONGHE NEW ENERGY,SPRHNE
YANCHENG DEVELOPMENT,YCDFXC
AH TRANS CONSULTING DESI,ATCDIC
TUTOR PERINI CORP,TPC
MSD Investment Corp. ,MSINTM
Blue Owl Credit Income Corp.,OCINCC
JIUJIANG FUHE INVESTMENT,FUHEIV
ASURION LLC/ASURION CO,ASUCOR
CAIXABANK,CABK
Deere Funding Canada Corp,DE
HUBEI COMMUNICATIONS INV,HBCICO
Arcadis N.V.,ARCAD
SZ BAOAN INDUST DEV GRP,SZBAND
CRED MUTUEL HOME LOAN SF,CMCICB
SRC Sukuk Limited,SARSTA
True Potential LLP,TRUEPT
SPAIN I/L BOND,SPGBEI
FIRST EAGLE HOLDINGS,FRSEAG
BLUM FURNITURE HARDWARE,BLUMFU
DIRECTV FINANCING LLC,DTV
SAN MIGUEL CORP,SMCPM
Santander Bank Polska S.A.,BZWPW
MITSUBISHI UFJ FINANCIAL GROUP,MUFG
KAON GROUP CO LTD,KAONME
BAT INTL FINANCE PLC,BATSLN
FZ HIGH TECH ZONE STATE,FHTZAO
BLOCK COMMUNICATIONS INC,BLOCKC
MAS BILL,MASPSP
Agree LP,ADC
CONCERIA PASUBIO SPA,PSUBIO
GUANGZHOU DEV DISTRICT,GZGETH
SH JINGAN PROPERTY,SHJAPR
CSX CORP,CSX
HOUSING AUSTRALIA,HOUAUS
TUNISIAN T-BILLS,TUNTB
FARMER MAC,FAMCA
CN RAILWAY NO10 ENGINE G,CNZTSJ
MARVELL TECHNOLOGY INC,MRVL
JIANGSU BROADCASTING TV,JSBC
LK NEW ENVIRONMENT INVES,LKENIV
AVIC SCI TECH INNOVATION,AVICIN
KISTEFOS AS,KISTEF
Arch Capital Group Ltd.,ACGL
LIBERTY UTILITIES CO,AQNCN
GUALA CLOSURES SPA,GCLIM
GOERTEK INC,GOERTK
TAIWAN GOVT RECONSTRUCT,TGB
Nordea Mortgage Bank Plc,NDAFH
NETWORK FINANCE COMPANY PTY LTD,NETFIN
ZJK INDUSTRIAL INVEST,ZJKFHG
Saltaire Finance plc,SLTFIN
KOREA NATIONAL OIL CORP,KOROIL
SHENZHEN CAPITAL OPS,SZYZHI
MACQUARIE GROUP LTD,MQGAU
Public Service Electric and Gas Company,PEG
KAIFU URBAN INVEST,CSKFUI
INCHEON INTERNATIONAL AIRPORT CORP,KORAIR
John Deere Bank SA,DE
SOUTHERN CALIF GAS CO,SRE
EUROPEAN STABILITY MECHANISM,ESM
LAGARDERE SCA,MMBFP
First-Citizens Bank & Trust Co,FCNCA
Wynn Resorts Finance LLC / Wynn Resorts Capital Corp.,WYNFIN
CIMC ENRIC HOLDINGS LTD,CIMCEH
BEIJING NORTH STAR,BJNORT
RAG-STIFTUNG,RAGSTF
CPPIB CAPITAL INC,CPPIBC
SIP STATE CAP INVESTMENT,SIPPRO
Anglian Water Services Financing Plc,AWLN
REPUBLIC OF CONGO,DRCIB
AZORRA FINANCE LTD,AZORRA
RECKITT BENCKISER TSY,RKTLN
LANSFORSAKRINGAR HYPOTEK,LFBANK
SHANGHAI LUJIAZUI GROUP,SHALUJ
XIAN QUJIANG FINANCE,XAQJWH
GZGKCAPITAL MANAGEMENT C,GZGKCM
YIELDKING INVESTMENT LTD,SIDEVE
BRISBANE AIRPORT CORP,BACAU
ZHUHAI HUAFA GROUP CO,ZHHFGR
TOYOTA TSUSHO AMERICA INC,TOYOTS
HPS CORPORATE LENDING FU,HLEND
DUMMY SET-UP,ALVGR
AGNC INVESTMENT CORP,AGNC
EUROCLEAR HOLDING NV,ECLEAR
HYPO NOE LB NOE WIEN AG,HYNOE
YI BRIGHT INTL,LYURBN
SHANGHAI INTL PORT GROUP,SHPORT
HUAIYIN DIST AST MGT,HYASTM
WEE HUR HOLDINGS LTD,WHURSP
CORE & MAIN LP,CNM
HAUGALAND KRAFT AS,HGKRFT
ZZ JIANZHONG CON DEV,ZZJZCD
STANDARD CHARTERED BANK,STANLN
CANADIAN NATL RAILWAY,CNRCN
GG12 SPA,GOLGOO
Kallpa Generacion S.A.,KALLPA
"Romania, Acting through the Ministry of Public FInance",ROMANI
DOMINICAN REPUBLIC BON,DRGB
H&M HENNES & MAURITZ GBC,HMBSS
WESTFIELD STRATFORD CITY,WSTSTR
BANCA TRANSILVANIA,TVLRO
MERCK KGAA,MRKGR
GE HealthCare Technologies Inc.,GEHC
DANAOS CORP,DAC
PETCO HEALTH & WELLNESS,WOOF
CODELCO INC,CDEL
NANJING GAOCHUN SOA HD,GCSOAH
GUIYANG RURAL COM BANK,GYRCBK
WEIFANG WATER INVESTMENT,WFNGWI
AHLI BANK,ABQKQD
ADELAIDE AIRPORT LTD,ADLAIR
CHENGDU DONGJIN HUITOU,CHDOHU
ISRAEL MAKAM BILL,MAKAM
CHN MERCHANTS SECURITIES,MERSEC
MILLENNIUM BANK HIPO,MILBAH
AJMAN BANK PJSC,PRELPP
UBS AG LONDON,UBS
LENDLEASE ASIA TREASURY,LLCAU
GUANGXI INVESTMENT GROUP,GXINVE
MATTEL INC,MAT
KAZAKHSTAN TEMIR ZHOLY,KTZKZ
QD URBN RL FINCL LEASE,QDURRL
NUTRIEN LTD,NTRCN
VOLCAN CIA MINERA SAA-CM,VOLCAN
BDO UNIBANK INC,BDOPM
SFF BUSTADKREDITT AS,SFFBUS
Huhtamaki Oyj,HUHTAM
SAP AG,SAP
YUNDA HOLDING,YUNDHL
JYSKE BANK A/S,JYBC
EUROFINS SCIENTIFIC SE,ERFFP
SOUND POINT MERIDIAN CAP,SPMC
Inretail Shopping Malls,INRSHM
VONOVIA SE,ANNGR
OKUMURA CORPORATION,OKU
JEFFERSON CAPITAL HOLDIN,JEFCAP
Pacific Universal Investments Pte Ltd,PACLTD
XIAMEN XIANGYU,XIANGY
KKR & CO. INC.,KKR
MEDIOBANCA DI CRED FIN,BACRED
HENAN ENERGY GROUP,HNEGCM
Equipment Share,EQMSRM
JAPAN POST INSURANCE,KAMPOS
SENEGAL GOVERNMENT BOND,SEGB
SBA Communications Corporation,SBAC
SHANDONG GOLD GR,SDGOLD
TEMPUS AI INC,TEM
SHARJAH ISLAMIC BANK,SIB
CHONGQING CITY CONS INVT,CHQCON
Blue Owl Technology Finance Corp,OTF
BSF FINANCE,BSFR
Belfius Bank SA/NV,CCBGBB
JAPAN FINANCE CORP,JFCORP
BANK OF CHONGQING CO LTD,BOCHON
INTL DEVELOPMENT ASSOC,IDAWBG
CQ YONGCHUAN HUITONG CON,CQYOCH
PUKOU ECO DEVELOP GRP,PUKOUE
TEVA PHARMACEUTICALS NE,TEVA
ATMOS ENERGY CORP,ATO
NUVATION BIO INC,NUVB
Autostrade per l'Italia S.p.A.,ASPI
UK TSY GILT,UKT
KOSOVO GOVERNMENT BOND,KOSOGB
SHANDONG EXPRESSWAY CO,SDEXPR
Global Infrastructure Solutions Inc.,GISI
DJY URBAN RURAL CONS,DJYCAA
Jyske Bank (AS),JYBC
HANDAN CITY DEV & INV,HADACI
NOHO PARTNERS OYJ,NOHOFH
DIRECTV FIN LLC/COINC,DTV
NE PROPERTY BV,NEPSJ
CHINA FORTURE SECURITIES,CFTSEC
"Gartner, Inc.",IT
Western Midstream Operating LP,WES
FINNISH STATE TREASURY - OI - FINLAND,RFGB
YIHANG ASSET MANAGE,CDYHAM
FUBON LIFE INSURANCE CO,FUBON
IRON MOUNTAIN INC,IRM
CN YANGTZE SHIPPING GRP,NJWTTR
ENDEAVOUR MINING PLC,EDV
TOKYU CORP,TOKYU
CAP GEMINI GROUP,CAPFP
KBC BANK NV,KBC
TT VARLIK KIRALAMA,PRELPP
JINNIU ENVIRONMENTAL,CDJNEN
PLATFORM HG FINANCE PLC,PLATHG
PRIO LUX HLD SARL,PRIOBZ
NAMIBIA GOVERNMENT,NAMIGB
JC INT FIN LEASING,JCINFL
NOTA DO TESOURO NACIONAL,BNTNF
GATWICK FUNDING LIMITED,GATAIR
JIANGXI PROVINCIAL PORT,JXGHCI
JAPAN PETROL EXPLORATION,JAPPET
SUNCOR ENERGY INC,SUCN
MILEWAY,MIMWEU
CHINA RAIL CONSTR KUNLUN,CRCOKL
QUJING TRANSPORTATION CO,QJTSCT
RTE Reseau de Transport d Electricite,RTEFRA
TransDigm Inc.,TDG
SILICON INDUSTRY GRP,SILIIN
Wolters Kluwer  N.V.,WKLNA
BKV UPSTREAM MIDSTREAM LLC,BKV
PAMPA ENERGIA SA,PAMPAR
CJ CORP,CHEIL
DUMMY TEST 8-8,DUMMY TEST
N MACEDONIA FXLND BOND,MACFGB
BJ ENTERPRISES WATER GRP,BJEHF
Northumbrian Water Finance PLC,NWFP
LINAN STATE OWN EQT HLD,LASOEH
KODIT GLOBAL 2026-1,KOCRGF
CHINA PACIFIC INSURANCE,CNPCFN
BAWAG GROUP AG,BGAV
PHILIP MORRIS INTL INC,PM
"Mobiliare Latam, S.A.",MLMC
ASSAM,ASSAM
"Servicios Financieros Carrefour E.F.C., S.A.",SFCARR
Ameren Illinois Co,AEE
OPTIMA BANK,TBD
Islamic Development Bank,ISDB
JIAXING HIGH CLASS HIGHW,JXHIGH
HYUNDAI STEEL CO,INCIRO
Stellantis Finance US Inc,STLA
COREWEAVE INC,CRWV
GENEL ENERGY FIN IV,GENLLN
NEWTEKONE INC,NEWT
QUANZHOU CULTURE TRAVEL,QZCTTD
CLARION FUNDING PLC,CLARHG
MITSUBISHI ESTATE,8802
SAUDI ARABIAN OIL CO,ARAMCO
PTC THERAPEUTICS INC,PTCT
COAST CAPITAL SV CRE UN,COCAPS
Toyota Motor Credit Corporation,TOYOTA
SMARTSENS TECHNOLOGY SHA,SMATEC
YUEYANG CITY OPER INV GR,YYCOIG
CHINA DATANG CORP,DATANG
HERTZ GLOBAL HOLDINGS IN,HTZ
CD RONGHE JIATAI MOD AGR,RHJTMA
GENERAL MOTORS FINL CO,GM
CHENGDU JIAOZI FIN GRP,CHDUIN
SCENTRE GROUP TRUST 2,SCGAU
"Sasol Financing USA, LLC",SASOL
LIANCHUANG ELECTRO,LCHELT
HUAIBEI CON INV HLD GRP,HBCITY
GUIZHOU EXPRESSWAY GR,GZHEXP
TIANJIN TAIDA CITY DEV,TJYIHG
ANB TIER 1 SUKUK CO LTD,ARNBAB
CRH AMERICA FINANCE INC,CRHID
COTY/HFC PRESTIGE/INT US,COTY
CIGNA & CMB LIFE INSURAN,CGCMLI
CONSTELLATION EN GEN LLC,CEG
UOP LLC,HON
WESTERN SECURITIES CO,WESTSE
GUANGZHOU ZHITOU INVESTM,GUANHU
Turkiye Garanti Bankasi A.S.,GARAN
PULTEGROUP INC,PHM
CORPORACIAN QUIPORT SA,QUIPOR
Credit Mutuel-CIC Home Loan SFH,CMCICB
CHENGDU IND INV FIN LEA,CDIIFL
Bank Millennium SA,MILPW
Province of Ontario,ONT
EDGED COMPUTE LLC,EDGCOM
XINJIANG TRAFFIC INVESTM,XITRIN
Robert Bosch Finance LLC,RBOSGR
BANK OF CHENGDU,CHEDUB
TAIXING JIANGQIAO INV,TAIXIN
VERIZON COMMUNICATIONS INC,VZ
LOTTERY CORP LTD/THE,TLCAU
ALLIANZ SE,ALVGR
SHANXI COMMUNICATIONS CO,SHXICO
KYOTO CITY,KYOCTY
AKELIUS RESIDENTIAL AB,AKFAST
SOUTH COAST BRIT COL TRA,SOUCOA
XI'AN INTL INLAND PORT,XAILGI
DATANG HENAN PWR GENE,DTHNFD
"NOMURA HOLDINGS, INC.",NOMURA
VMED O2 UK Financing I plc,VMED
QIHE OPE CON INV,QHCOCI
NEW BRUNSWICK T-BILL,NWBRTB
SPRING AIRLINES CO,SPAIRL
BOARDWALK PIPELINES LP,BWP
GC TREASURY CENTRE CO,PTTGC
SINOPHARM GROUP CO,CPHARM
SAMMONS FINANCIAL GLOBAL,SAMMON
ROBERT BOSCH GMBH,RBOSGR
FREISTAAT SACHSEN,SAXONY
SSE plc,SSELN
SMBC AVIATION CAPITAL FI,SMBCAC
STADSHYPOTEK AB,SHBASS
LANSFORSAKRINGAR BANK,LFBANK
SpareBank 1 Sor-Norge ASA,SRBANK
Hamburg Commercial Bank AG,HCOB
"British Columbia, Province of",BRCOL
"Millrose Properties, Inc.",MRP
VESTAS WIND SYSTEMS A/S,VWSDC
RLI Corp.,RLI
CHINA ORIENT ASSET MANAGEMENT (INTERNATIONAL) HOLDING LTD,ORIEAS
HOSHINO RESORTS REIT INC,HOSRES
PNC PROCESS SYSTEM,PNCPRS
CenterPoint Energy Inc,CNP
SHENZHEN Q&D CIRCUITS CO,SZQDCI
ARAGVI FINANCE INTL,ARAGVI
NOVA LTD,NVMI
"Cenovus Energy, Inc.",CVECN
JIANGSU SOHO HLDG GROUP,JIASIL
SHANGHAI ST ASST OPE,SHAIAO
ZHONGJIN ENVIRONMENT,NFZJEN
JDC GROUP AG,JDCGR
MM PROTON I,MMPROT
AIMCO REALTY INVESTORS,AIREIN
ZIBO HIGH-TECH INDUSTRY,ZBHTIN
Government Of Hong Kong,HKSAR
WEC Energy Group Inc.,WEC
SH ALLIANCE INVESTMENT,SAILIV
SHISHI RURAL COMM BANK,SSRUBA
TKC HOLDINGS INC,TKCHOL
CHAPTERS GROUP AG,MCEGR
ANHUI PROVINCE GOVT,ANHUIG
Banque Federative du Credit Mutuel S.A.,BFCM
GJENSIDIGE FORSIKRING AS,GJFNO
NOKIA OY,NOKIA
FUJIAN ENERGY GROUP,FJENER
BANQUE FED CRED MUTUEL,BFCM
Net Zero Properties S.a.r.l,NZPNZP
MERIDIAN ARC HOLDCO LLC,MERIDI
NE SME FINANCING RE GUAR,NECSME
CN PING AN INSUR OVERSEA,PINGIN
TIANNENG BATTERY,ZJTNBT
MICROSTRATEGY INC,MSTR
VICI Properties L.P.,VICI
ARIZONA PUBLIC SERVICE,PNW
AL MASRAF,MASRAF
Canadian National Railway Company,CNRCN
ILI CAITONG STATE OWN,YLSTOW
SLEEP COUNTRY CANADA INC,ZZZCN
FORVIA SE,EOFP
PRIMEO HOLDING AG,ELEKTR
LINEAGE EUROPE FINCO BV,LINE
KOREA ELECTRIC POWER CO,KORELE
FRONERI LTD,ICECR
MTR CORP LTD,MTRC
EXCHANGE INCOME CORP,EIFCN
FORTIS INC,FTSCN
DELETED IGNORE,ANZBGL
BRIXMOR OPERATING PART,BRX
EMIS FUER GEM WOHNBAUT,EGW
MASHREQBANK PSC,MASQUH
KOREA ZINC CO LTD,KORZIN
TRUSTEE FOR DARRA FINANC,DARRFT
Republic of Slovakia,SLOVGB
JIANGSU FANG YANG GROUP,JIAFAN
LIAONING PROVINCE GOVT,LIAONI
KOREA GAS CORP,KORGAS
ZP PETROCHMICAL INVSTMT,ZPPETR
ALMARAI CO JSC,ALMARA
CAIXABANK SA,CABKSM
CHANGXING IND CITY INTEG,ZJCXIN
AJMAN BANK /P.S.C,AJMNSS
HUADIAN INDUSTRY AND FIN,HDCAPI
ZURCHER KANTONALBANK - SWITZERLAND,ZKB
DONGYU CONSTRU INV,HBDYCI
GUOTAI HAITONG SEC,GTJA
M&T BANK CORPORATION,MTB
RUGAO ECO DEVELOPMENT,RGETDC
HUBEI CULTR TOUR GROUP,HBEECT
AVOLON HOLDINGS FUNDING LTD,AVOL
AMP BANK LIMITED,AMPAU
LSEGA FINANCING PLC,LSELN
L'OREAL SA,ORFP
XIAMEN IPORT GROUP,XIAINT
TREASURY BILL,B
ICBC FINANCIAL LEASING,ICBCFL
Global Sukuk Ventures,Qatar
TESCO CORP TREASURY SERV,TSCOLN
MUEHLHAN HOLDING GMBH,MUEHLD
ZHESHANG SECURITIES,ZHSHSE
HIVE DIGITAL TECHNOLOGIE,HIVEDT
REPUBLIC OF FRANCE,OAT
BK OF CHINA/PANAMA,BCHINA
NATIONAL GRID PLC,NGGLN
INDUSTRIAL F&B INV,INDFNB
UniCredit S.p.A.,UCGIM
YC HIGH-TECH INV GROUP,YCINVE
Canadian National Railway Company,CNR
GUANGZHOU AUTOMOBILE GRP,GUZHAU
KOREA INVESTMENT HOLDING,DFHOLD
HN XINGXIANG INV,HNXXAG
SOUTHWESTERN ELEC POWER,AEP
REPUBLIC OF ICELAND,ICELND
ICAHN ENTERPRISES/FIN,IEP
GOLDWIND SCI TECH,GWNDLN
TRANSPORTADORA DE GAS DEL SUR SA,TRAGAS
HUBEINEWTONGDUURBANINV,HBTUID
Kreditanstalt fur Wiederaufbau,KFW
RITHM CAPITAL CORP,RITM
YONDR JK 2 LLC,YONDRJ
NYKREDIT REALKREDIT A/S,NYKRE
SUZHOU XIANGCHENG CONSTR,XNCHCO
CHUANTOU ENERGY,CHUANT
"Alexandria Real Estate Equities, Inc.",ARE
LOOMIS AB,LOOMBS
JIASHAN HIGH TECH PARK C,JSHTCS
CESKE DRAHY,CESDRA
NOVA SECURITISATION SARL,SBSPAB
VAR ENERGI ASA,VARNO
SICHUAN NEW ENERGY POWER,SCCNDL
APCOA GROUP GMBH,APPARK
Tenet Healthcare Corporation,THC
SHAANXI FINANCE HLD,SXFIHL
XIAN KINGFAR GROUP,XAKFGP
RESEAU EXPRESS METROPOLI,REMETR
XINXIN FINANCIAL LEASING,XXFILC
AKITA PREFECTURE,AKIPRE
TURKIYE GARANTI BANKASI,GARAN
SUMITOMO OSAKA CEMENT CO,SUMCEM
CHANGZHOU INVESTMENT GRO,CHZHIN
DOMAN BUILDING MATERIALS,DBMCN
ZHENGZHOU URBAN CONSTRUC,ZHZHCC
KI-STAR REAL ESTATE,KISTRE
PRICOA GLOBAL FUNDING 1,PRU
VAKIF KATILIM SUKUK LTD,VAKFKS
YUEXIU TRANSPORT INFRAST,YUXUTR
QD WEST COAST TOUR,QDWCTI
FUJIAN PROVINCE GOVT,FUJIGB
WH LKG INDUSTRIAL INVEST,WHLIKG
ZHONGTAI SECURITIES,QLSECU
JINHUA JINKAI CAP HOLD,JHJKCH
ESSENTIAL UTILITIES INC,WTRG
BOSTON GAS COMPANY,NGGLN
Supermarket Income REIT plc,SUPR
ISRAEL FIXED BOND,ILGOV
Magnolia Oil & Gas Operating LLC,MGY
HYOGO JT PREF CITY TOWN,JTHYOG
FISERV INC,FI
GRANDE DIXENCE,GRANDX
DTE ENERGY CO,DTE
VIRGINIA ELECTRIC & POWER CO,D
Republic of Serbia,SERBIA
HITACHI CAPITAL (UK) PLC,HITCAP
CHINA RESOUR FIN LEASING,CRSLCL
GZQS STAOWN ASSETS MANAG,GZQSAM
JINGJIANG HUAYU INVEST,JJHYIN
CHINA CONST 3RD ENGINEER,CCTEJS
NORTHERN POWERGRID NORTH,BRKHEC
"JBS N.V/JBS USA Foods Group Holdings, Inc/JBS USA Food Company Holdings",JBS
CHIBA PREFECTURE,CHIBA
KANTON GLARUS,GLARUS
FUJIAN SHISHI INV DEV,FJSSSO
REPUBLIC OF GUATEMALA,GUATEM
BJ FUTURE SCI PARK DEVE,BJFSTC
MSU Green Energy S.A.,MSUGEN
Commonwealth Bank of Australia,CBAPP
Council Of Europe Development Bank,COE
"Prologis, L.P",PLD
CF Industries Inc.,CF
ARTERRA WINES CANADA INC,CNDINC
Doha Bank (Q.S.C),DHBKQD
"SESI, L.L.C.",SPN
BOWHEAD SPECIALTY HOLD,BOW
AMERICAN INTERNATIONAL GROUP INC,AIG
SINOHYDRO BUREAU 7,SINOHY
"Wynn Macau, Limited",WYNMAC
LLOYDS,LLOYDS
IRELAND GOVERNMENT BOND,IRISH
Bank Al-Jazira,JAZCOR
TYSON FOODS,TSN
HANA F&I INC,KEB
COMMERCIAL BANK OF DUBAI PSC-DUBAI HEAD OFFICE,CBDUH
ZZ HIGH TECH IND INVESTM,ZAOZHT
TAISHAN URBAN RURAL CONS,TSURCD
INDIA T-BILLS,ITB
JIANGSU NUCLEAR POWER,ABOZIZ
"PPG Industries, Inc.",PPG
MORI BUILDING CO,MORIBL
TITULO PROPIEDAD UD,CRTPUD
Lagardere SA,MMBFP
HO BEE LAND LTD,HOBEE
GUANGDONG YUECAI INV,YUECAI
Gruenenthal GmbH,GRUPHA
NATIONAL BANK OF KUWAIT SAKP-KUWAIT CITY HEAD OFFICE,NBK
"The Travelers Companies, Inc",TRV
KUEHNE + NAGEL INTL AG,KNINSW
Sunoco LP and Sunoco Finance Corp.,SUN
CHINA ELECTRONICS INT,CNELEC
TIANJIN INVST MANAGEMENT,TSIVMG
EGYPT TREASURY BILL,EGYTB
AMIPEACE LTD,BCHINA
INTER-AMERICAN INVEST CO,IDBINV
IHG Finance LLC,IHGLN
ZHEJIANG HENGYI GROUP CO,HENGYI
STATE BANK OF INDIA,SBIIN
INVESTITIONSBANK DES LAN,ILBB
AVOLON HOLDINGS FUNDING LIMITED,AVOL
SHINHAN SECURITIES,SHINFN
FORTIS INC,PRELPP
EQUATORIAL GUINEA TBILL,EGUITB
DAISHIN SECURITIES CO,DASECS
Constantia Flexibles GmbH,COFAV
TRANSCANADA PIPELINES,TRPCN
CHUBU ELECTRIC POWER,CHUBEP
CHERY HUIYIN MTR FIN SER,CHMFSC
CCCC URBAN INV HD,CCCCUI
ONE Gas Inc,OGS
CQ QIANJIANG CONSTR INV,CQQJCI
SZ INDUSTR ECONO DEVELOP,SZECOD
CHINA RAIL FIRST GROUP,CHRAIL
CNNC NUCLEAR POWER,CHNNUC
BANCO BPM SPA-MILAN HEAD OFFICE,BAMIIM
PIRAEUS FINANCIAL HLDGS,TPEIR
IDEMITSU KOSAN LTD,IDEMIT
VERTIV HOLDINGS CO,VRT
EXTRA SPACE STORAGE LP,EXR
BPCE SFH,BPCECB
XIAMEN INDUSTRIAL INVEST,XMINIV
Arkema SA,AKEFP
KB FINANCIAL GROUP INC,KBFING
THE MAGNUM ICE CREAM COMPANY B.V.,MICCNL
CAPE VERDE TREASURY BILL,CAPTB
Piraeus Bank SA,TPEIR
BED BATH & BEYOND INC,OSTK
NEIJIANG INVESTMENT,NEJAIN
GZB GRP ECO-ENVIRO PROTE,CGGCEC
JUNTA DE ANDALUCIA,ANDAL
Crelan Home Loans SCF,CRELAN
ASE TECHNOLOGY HOLDING,ASETEH
ALINMA BANK,ALINMA
"Viper Energy, Inc.",VNOM
FORTIVE,FTV
EUROBANK ERGASIAS SERVICES AND HOLDINGS S.A.,EUROB
ENERFLEX INC,EFXINC
RINGKJOEBING-WITHDRAWN,RILBAD
DEVELOPMENT BANK OF KAZAKHSTAN JSC,DBKAZ
AERCAP IRELAND CAPITAL DESIGNATED ACTIVITY COMPANY,AER
NCB FINANCIAL GROUP LTD,NCBFG
WESTPAC BANKING CORP,WSTP
"Broadridge Financial Solutions, Inc.",B
HUBEI SCI TECH INV HK,WHGBIO
NONGHYUP BANK-SEOUL HEAD OFFICE,NACF
SICHUAN AIRPORT GROUP,SCAIRP
INVERSIONES ATLANTIDA SA,INVTLA
TECAN GROUP AG,TECNSW
Telenet Finance Luxembourg S.C.A.,TNETBB
MARUI GROUP CO LTD,MARUI
CS WANGYUAN DEV CON,TGCEIB
LUMINIS LTD,LMNISL
AUCKLAND COUNCIL,AUCKCN
PRELIMINARY BOND TEST,DECN
SATURN HOLDINGS PLC,SATUR
SHANGHAI INTL AIRPORT,SHIACH
THE CARLYLE GROUP INC,CG
AVOLON HOLDINGS LTD,AVOL
MOTOR OIL (HELLAS) CORINTH REFINERIES SA,MOHGA
CHINA NATL BLDG MATERIAL,CNABLM
STORA ENSO OYJ,STERV
Testing Services Corporation,DUMMYTEST
MUNICIPALITY FINANCE - FINLAND,KUNTA
WUZHONG ECO DEV STATE,WZEDSO
SFS GROUP AG,SFSNSW
Nykredit A/S,NYKRE
STATE STREET CORP,STT
Hyundai Capital America,HYNMTR
CARLYLE SECURED LENDING,CGBD
XINYANG GUOXIN DEVELOPME,XYGXDG
TRIARC TANKS BIDCO LLC,TRTABL
Turk Telekomunikasyon A.S.,TURKTI
WUXI CHIPOWN MICRO-ELECT,WXCHIP
GILDAN ACTIVEWEAR,GILCN 
GUANGXI STATE OWNED CAP,GXFARM
OUE COMMERCIAL REAL ESTA,OUECT
GRANGES AB,GRNGSS
REINSURANCE GRP OF AMER,RGA
Tokyo Metropolitan Government,TOKYO
TDC BRANDS A/S,TDCDC
RAIFFEISEN BANK INTERNATIONAL AG-VIENNA HEAD OFFICE,RBIAV
Manulife Financial Corporation,MFCCN
ORIENT CORP,ORIFIN
F&G GLOBAL FUNDING,FG
Volcan Compania Minera Saa,VOLCAN
FAMILY DOLLAR STORES LLC,FDO
PHILLIPS 66 CO,PSX
"King US Bidco, Inc.",.KINGUS
INTELEX BOND CO. LIMITED,INTLXB
COMMERCIAL METALS CO,CMC
MBH MORTGAGE BANK,TAKAHB
SHANGHAI ELECTRIC POWER,SHELEC
Marks & Spencer PLC,MARSPE
CAVEBREAK DESIG ACT CO,CAVBRK
NORDSON,NDSN
BJ SHUNXIN AGR DEVELOP,SHUXIN
WUYI DEVELOPMENT GROUP C,NPWYDG
ZZ PUBLIC UTILITIES,ZZPUTI
BEICHEN CONSTRUCTION DEV,TJBCCD
WUZHONG CITY CONS,HZCCON
TOKYU FUDOSAN HOLDINGS,TOKYUF
CEME SPA,CEMEIT
VYLOR INC,VYLR
ROCKET COS INC,RKT
ENBW INTL FINANCE BV,ENBW
CLP POWER CHINA LTD,CLPPCL
SOCIETE NATIONALE SNCF S,SNCF
JILIN PROVINCE GOVT,JILING
"Tencent Holdings, LTD",TENCNT
CHQ PURI DEV INV GRP,PULDIG
WUXI TAIJI INDUSTRY,WXTAIJ
Nippon Life Insurance Company,NIPLIF
TAIZHOU JINDONG URBAN,JYSOA
JT International Financial Services B.V.,JAPTOB
YUYAO RAIL CONST INV,YYHSRS
SERBIA TREASURY BONDS,SERBGB
The Charles Schwab Corporation,SCHW
SHANGHAI FOSUN PHARMACEU,FOSUN
LOTTE CORPORATION,LOTCON
GE Aerospace ,GE
SWEDEN I/L BOND,SGBI
TELEPERFORMANCE,RCFFP
NEWCASTLE COAL INFRASTRUCTURE GROUP PTY LTD,NCIAU
INDUTRADE AB,INDTSS
Powszechna Kasa Oszczednosci Bank Polski SA,PKOBP
FS KKR CAPITAL CORP,FSK
LOTTE CHEMICAL CORP,HONAM
BK OF ENGLAND EURO NOTE,BOEN
INDUSTRIAL SECURITIES,XYZQ
NORDDEUTSCHE LANDESBANK (NORD LB) - BANK - GERMANY,NDB
BAKER HUGHES LLC/CO-OBL,BHI
BCP V Modular Services Finance II PLC,MODULA
SHARJAH GOVT INT BONDS,SHRJAH
INTESA SANPAOLO,ISPIM
SUQIAN CITY CON INVT,SUQCON
GENMAB,0MGB
ANSHAN IRON & STEEL GRP,ANGAIS
HYPO TIROL BANK AG,LANTIR
ESWATINI GOV BOND,ESWTGB
BROMFORD FLAGSHIP LIMITED,BRMFRD
BAXTER INTERNATIONAL INC,BAX
CHENZOU INDUSTRY INV,CHZHHT
International Finance Corporation   (IFC),IFC
RCI BANQUE SA-PARIS HEAD OFFICE,RENAULT
TEAM HEALTH HOLDINGS INC,TMH
SALMAR ASA,SALMNO
REDWOOD TRUST INC,RWT
AVIANCA MIDCO 2 PLC,AVIAGP
SHANGHAI TUNNEL ENGINEER,SHANGT
BMW US CAPITAL,BMW
ECO SECURITIZADORA AGRO,ECOABZ
MAJID AL FUTTAIM HOLDING LLC,MAFUAE
OCEANIA HEALTHCARE LTD,OCANZ
NEWCO HOL EUR,DRSDEL
TIANSHAN MATERIAL CO LTD,XINTIA
CITIZENS FINANCIAL,CFG
Fairfax Financial Holdings Limited,FFHCN
DIB SUKUK LTD,DIBUH
BANK POLSKA KASA OPIEKI,PEOPW
MOVIDA EUROPE SA,MOVIBZ
RAIFFEISEN BANK DD,RBACRO
NANCHANG RAIL TRANSIT,NCNCRT
HIROSHIMA CITY,HIRCTY
PROCTER & GAMBLE CO/THE,PG
RED ELECTRICA DE ESPANA SA (REDESA),REESM
ALTAGAS SERVICES US INC,ALTGAS
SAO TOME TREASURY BILLS,STPTB
VIA CELERE DESARROLLOS,CELDES
CAB,BIOGRP
JJ BINJIANG NEW TOWN,JJBJNT
JAPAN RAILWAY CONST TRAN,JRCTTA
Vår Energi ASA,VARNO
Dubai Islamic Bank Public Joint Stock Company,DIBUH
NOT APPLICABLE,KZOKZ
WEC ENERGY GROUP INC,WEC
UNITED PHOTOVOLTAICS CHA,UPCZIN
BKS BANK AG,BKUSAV
EDP Servicios Financieros Espana S.A.,EDPPL
SICHUAN LIQUOR GRP,SCLQGR
CLEVELAND ELECTRIC ILLUM,FE
GANSU FIN HLD GRP,GNSFHG
BAT CAPITAL CORP,BATSLN
CHINA CON INVEST,CHSCON
KUMAGAI GUMI CO LTD,KUMAGA
PAUL TECH AG,ACTAQA
HONGGUTAN CITY INVEST,NCHGTI
NOVARTIS CAPITAL CORP,NOVNVX
AKER BP ASA,AKERBP
KIOXIA HOLDINGS CORP,285A
Stoneweg EREIT Lux Finco S.a.r.l.,SERT
NORTHMILL GRP AB,NRTHML
PEOPLECERT,TBD
NINGDE INVESTMENT & MANA,NDCITY
APOLLO DEBT SOLUTIONS BDC,APODS
BUONI ORDINARI DEL TES,BOTS
SHANDONG JIBEI INVEST,SDJBIH
K CAR CAPITAL LTD,KCARPT
ILE DE FRANCE MOBILITIES - FRANCE,IDFMOB
BANK AL-JAZIRA-JEDDAH HEAD OFFICE,JAZCOR
"Verisk Analytics, Inc.",VRSK
"Hikari Tsushin, Inc.",HIKTSU
Philip Morris International Inc,PM
PANAMA BONOS DEL,PABONT
BLUE OWL CREDIT INCOME CORP.,OCINCC
AL JAWAHER ASSETS,OMGRID
LAND THUERINGEN,THRGN
LOCTEK TECH CORP,LGRTGX
MINGCHENG CONSTRUCT,WZHMCH
"MasTec, Inc.",MTZ
Italgas SpA,IGIM
SGS NEDERLAND HLDG BV,SGSNVX
SHAOXING HENGXIN RU BK,SXHXRB
AES CORP/THE,AES
Duke Energy Indiana,DUK
ALMIRALL SA,ALMSM
GLX HOLDING AS,GLXHLD
"Sobha Sukuk, LTD",SOBHA
SHIZUOKA PREFECTURE,SHIZUP
IMB LIMITED,IMB
ENBRIDGE GAS INC,ENBGAS
GUANGXI LIUGONG GROUP,GXLIGO
MONONGAHELA POWER CO,FE
Celanese US Holdings LLC,CE
BJ DAXING CAPITAL,BJDXSO
CQ TAX FREE PORT DEV MGT,CTFADM
J&T BANKA,J&T
LOTTE REIT CO LTD,LOTREI
BMW CANADA INC,BMW
SINERGI INTI ANDALAN P,INETIJ
PAKISTAN IJARA SUKUK,PKGIS
TALEN ENERGY SUPPLY LLC,TLN
KOREA OCEAN BUSINESS CORP,KOBC 
HUAIHUA HIGH TECH INDUST,HHINPA
CHINA HAINAN RUBBER GRP,HAIRUB
JI'AN CHENGTOU HOLDING,JNCCIH
Saturn Oil & Gas Inc.,SOIL
Caisse des Depots et Consignations,CDCEPS
JACKSON NATIONAL LIFE GLOBAL FUNDING,JXN
KANAGAWA HOUSING SUPPLY,KANAH
TJ JINNAN CONSTR INV,TJJNCI
Granite Construction Incorporated,GVA
FUBON LIFE SINGAPORE PTE LTD,FUBON
LEVEL 3 FINANCING INC,LVLT
FED CAISSES DESJARDINS,CCDJ
GANSU SHANGFENG MATERIAL,SHNGFG
CORPORACION INMOBILIARIA,VESTA
PERMODALAN NASIONAL MADA,PNMNIJ
CENTRAL JPN INTL AIRPORT,CENAIR
HUHTAMAKI OYJ,HUHTAM
INDIGO GROUP SAS,VPARKI
Mondi Finance Europe GmbH,MNDILN
KITAKYUSHU CITY,KITAK
IDS Financing plc,IDSLN
Banco Latinoamericano de Comercio Exterior SA,BLX
Aktor Societe Anonyme Holding Company Technical and Energy Projects,AKTRGA
ICBC (London) PLC (UK),ICBCAS
BNP Paribas SA,BNPP
HKMA EF BILL,HKTB
CMA CGM,CMACG
VIER GAS ,VGASDE
XINGHUA TRANS INDUS,XHTRAN
PROJECT BURGUNDY 2344776,TEAPUB
NEW ZEALAND GVT ILB,NZGBI
CRITERIA CAIXA CORPORATION,CABKSM
MAURITIUS B-BILL,MAURCB
KUMAMOTO PREFECTURE,KUMAMO
Truist Bank / Truist Financial,TFC
PINDU CONSTR INV DEV,PDCIDC
JN YELLOW RIVER ROAD BRI,JNYRBR
ARBOR REALTY SR INC,ABR
DATANG ENVIRO IND,DTENIN
ACOM CO LTD,ACOMCO
BEIJING GAS GROUP CO LTD,BEJIGA
JIANGSU PROVINCE GOVT,JIANGS
GILDAN,GILCN 
SARANA MULTIGRIYA FINANS,SMFPER
BANK OF CHINA MACAU LTD,BCHINA
WUHAN SANZHEN INDUS,WHSANZ
European Stability Mechanism,ESM
MERIDIAN ENERGY LIMITED,MERINZ
CREDIT SAISON CO LTD,CRDSAI
BNP PARIBAS Cardif,BNP 
TAIAN MUNI TAISHAN,TAIFIN
Bertelsmann SE & Co KGaA,BERTEL
Bank Leumi Le-Israel Limited,LUMIIT
KOMATSU FINANCE AMERICA INC.,KOMATS
IBERCONSA SEAFOOD PROCE,IBERCO
JIANGMEN TRANS CONS,JMCCON
BANQ CANTONALE FRIBOURG,KBFRIB
CHINA CONSTRUCTION BANK,CCB
NEW YORK LIFE GLOBAL FUNDING,NYLIFE
INTESA SANPAOLO ASSICURA,ISPVIT
Erste&Steiermärkische Bank d.d.,ERSTEI
NA PET NAT GAS PIPELINE,COGPNC
ZURICH FINANCE (IRELAND) DAC,ZURVNX
GECINA REAL ESTATE,GFCFP
Thermo Fisher Scientific Inc.,TMO
HUANTAIHU GROUP,HTHG
AT&T Inc.(ATT),T
dummy,DUMMYTEST
COX ASSET MEXICO SA CV,COXMEX
HUMLEGARDEN FASTIGHETER,HUMFAS
JINHUA COMMUNICATIONS,JINHCM
"QTS Realty Trust, Inc",QTS
DEXUS FINANCE PTY LTD,DXSAU
THE TRAVELERS CO INC,TRV
Smiths Group PLC,SMINLN
EQUIFAX INC,EFX
SKEENA RESOURCES LIMITED,SKE
OECHSLER AG,OECHSL
SC PORT AND SHIPPING,SCPOSP
JAPFA LTD,JAPSP
THE PROCTER & GAMBLE CO,PG
GREE HOLDINGS INC,GREEIN
GUANGXI ENERGY CO LTD,GUGUEL
ASAHI KASEI CORP,ASACHE
CAITONG SECURITY,CAITSE
KAGOSHIMA PREFECTURE,KAGOSH
CN CON SIX ENGN DIV,CCSEDC
TDC NET AS,TDCDC
EVERGREEN MARINE ASIA,EVRGTT
ANKARHAGEN FASTIGHETER,ANKFAS
POSTE ITALIANE,PST
HANSOL CHEMIENCE CO LTD,HANCHM
NANKAI ELECTRIC RAILWAY,NANKAI
JIANGSU JINCAI INVESTMEN,JSJCIV
FREISTAAT BAYERN,BAYERN
HUAIAN TRAFFIC HLDG,HACOMM
HENGJIAN INTL INVT LTD,GDHJIN
VSP OPTICAL GROUP INC,VSP
CATERPILLAR FINANCIAL SERVICES CORP,CAT
ASMODEE GROUP,ASMDEE
RESIDEO FUNDING INC.,REZI
ADI ESCROW ISSUER LLC,ADIESC
DANAHER CORP,DHR
KINGDOM OF SWEDEN,SWED
ELISA OYJ,ELIAV
SMARTSTOP SELF STORAGE,SMA
STANDARD BANK GROUP LTD,SBKSJ
BROOKFIELD RENEWABLE PAR,BAMREP
TBS ENERGI UTAMA TBK PT,TOBAIJ
LJ NEW DISTRICT INDUST,CQLJNR
Melco Resorts Finance Limited,MPEL
GUINEA BISSAU GOV BOND,GWGB
SFIL SA,SDFL
RLGH Finance Bermuda Ltd,RESLIF
SHANDONG COMMERCIAL CORP,SHDCOM
OFS CAPITAL CORP,OFS
NEW HOPE GROUP CO,NEWHOP
INFRATIL LTD,IFTNZ
Vonovia SE,ANNGR
RHP HOTEL PROPERTIES LP & RHP FINANCE CORPORATION,RHP
State of Saarland,SAARLD
American Water Capital Corp.,AWK
ORIENT INTER HOLDING,ORINHO
SHANGHAI YP TECH INNO,SHYPTI
TORONTO HYDRO CORP,TORHYD
US TREASURY FRN,TF
DEFINITY FINANCIAL CORP,DEFICO
Grenke Finance PLC.,GLJGR
The Province of Santa Fe,PROVSF
BINHAI AGRI TOURISM,BBWDEV
XINGTAI TRANSPORTATION C,XTTPCS
WH STA OWN CAP INVEST OP,WHSTAS
NATIONAL COAL GROUP,CHNTCG
POWCHAN FINANCIAL GROUP,COSHLS
Arizona Public Service Co,PNW
Kommuninvest i Sverige AB (Publ),KOMINS
GRUPPO SAN DONATO SPA,GRSADO
CHINA CHENGTONG HOLDINGS,CHGTNG
GE HEALTHCARE TECH INC,GEHC
MINTAI URBAN RURAL CONS,MTCONS
Sparebanken Norge,SNOBNO
BONOS DEL BANCO CENTRAL,HONBON
AMER AIRLINE 26-2A PTT,AAL
BORR IHC LTD / BORR FIN,BORRNO
INTERNATIONAL FAR EAS,FRESHK
SHIGA BANK LTD,SHIGBK
OUTFRONT MEDIA CAP LLC/C,OUT
AXA - BANK / DEALER - FRANCE,CRLNCB
Volvo Treasury AB,VLVY
AMERICAN TOWER,AMT
Development Bank of Japan,DBJJP
Government of Malaysia,MALAYS
YC HIGH TECH MULAN TECHN,YCHTML
KLOVERN AB,KLVERN
CHENGDU HI-TECH INV GR,CDHIIN
JINTANG XINYAO CON INV,JTXYCI
CHINA PETROCHEM CORP,SINOPE
TROY INTERNATIONAL B.V.,TROYCO
SJZ TRANSPORTATION INVES,STPIVD
JAPAN (10 YEAR ISSUE),JGB
CHURCH COMMISSIONERS,COECOM
"Simon Property Group, L.P.",SPG
SEHLHALL FASTIGHETER AB,SEHLHL
VERTIV GROUP CORP,VRT
"UWM Holdings, LLC",UWMC
MADAGASCAR T-BILL,MAGTB
Mecklenburg-Vorpommern State Chancellery,MECVOR
ZHENGDING SOA GROUP,ZDSOAG
FREIE UND HANSESTADT HAMBURG FINANZSERVICEAGENTUR - AOR -,HAMBRG
TANZANIA T-BILL,TANZTB
DSI HOLDING GMBH,DSIHOL
International Bank for Reconstruction and Development,IBRD
Allianz SE,ALVGR
VIRTUO2 FINANCE SARL,VIRTUO
TENSIO AS,TENSIO
TONGKUN HOLDINGS,TKHOLD
JIANGXI NATURAL GAS,JXINVE
ROBERT BOSCH FINANCE,RBOSGR
JILI MINING GROUP,BAISEM
Nan Fung International Holdings Limited,NANFUN
THERMO FISHER SC FNCE I,TMO
TRINIDAD & TOBAGO,TRITOB
RHP HOTEL PPTY/RHP FINAN,RHP
XZ CONST MACHINERY,XZCMGC
PREMIUM GROUP CO LTD,PREGRP
Principal Life Global Funding II,PFG
SZ FINANCIAL LEASING GRO,CIMCFL
National Bank of Greece S.A.,ETEGA
"Gestamp Automocion, S.A.",GEST  SM
NZ GOVT FUNDING AGENCY,NZLGFA
BANK OF QINGDAO,QDBANK
DREAM FINDERS HOMES INC,DFH
CAIXA ECO MONTEPIO GERAL,MONTPI
ARADA SUKUK 2 LTD,ARADAD
NJJ CONTINENTAL SA,MATTER
CMBC INTL FUND HK LTD,CMBCIH
A&K TRAVEL GROUP LTD,AKTG
CCIT GROUP A/S,CCIGRP
Republic of Estonia,ESTONI
BANK OF WENZHOU,WENZHB
LY GUOHONG INV HLD GRP,LYGHIG
TBEA CO LTD,TBEACO
"Academy, Ltd.",ASO
TELANGANA,TELANG
"The Goldman Sachs Group, Inc.",GS
JINNENG HOLDING ELECTRIC,ZHANZE
MALI GOVERNMENT BOND,MALIGB
UAE RETAIL T-SUKUK,UAERTS
QNB Finance Ltd,QNBK
ANHUI CONSTRUCTION ENGIN,AHWRDC
CANGZHOU PORT GROUP CO L,CAPOGR
CN CONS 8TH ENGI BUREAU,CHCONS
CIMIC Group Limited,CIMAU
LFA FOERDERBANK BAYERN,BAYLAN
CITY OF LUGANO,LUGANO
SSAB AB,SSABAS
State of Kuwait,KUWIB
JIANGXI BANK,NANCHB
DURA SVERIGE AB,DURASV
"Gray Media, Inc.",GTN
AIRSERVICES AUSTRALIA,AIRSER
QUEENSLAND TREASURY CORP,QTC
BANCA IFIS SPA,IFIM
HYUNDAI MOTOR SECURITIES,HMCINV
Test deal 3,DUMMYTEST
BANK OF QUANZHOU CO LTD,BKOFQZ
AGI FINANCE PTY LTD,AGIF
Dummy test,Test
HONGHE HOLDINGS GROUP,HHEMIN
PARAGON BANK PLC,PAGLN
HUADIAN ENGINEERING CO,HUADIA
HENAN RAILWAY INV,HNRAIL
KUNMING TRAFFIC INV GP,KMCMIN
JX HI TECH GROUP,JXHTGP
American Express Company,AXP
BANK OF CHINA LIMITED-MACAU BRANCH,BCHINA
American Honda Finance Corporation,HNDA
ELAND WORLD LTD,ELANDW
WILLHEM AB,WILHEM
XINXIANG INVESTMENT,XIXIAI
Pacific Life Insurance Company,PACLIF
KKR & CO INC,KKR
QI AN XIN TECHNOLOGY GRP,QIAXTE
ASTRAZENECA FINANCE LLC,AZN
FUKUOKA CITY,FUKCTY
NAVER,035420
CUMBERLAND COMB CYCLE GE,CGHLLC
SVSKA HANDELSFASTIGHETER,SVNHFS
SOUTHERN COPPER CORPORATION ,SCCO 
JIANGSU ZHONGAN,JIZHCO
SAMPA FINANCE INVESTMENT,SAMPAF
MECURY FINANCE CO,MCFINC
RUSSIA GOVT BOND - OFZ,RFLB
Venture Global Plaquemines LNG LLC,VEGLPL
LIVE OAK BANCSHARES,LOB
CHINA MCC 17 GROUP,CNMCCG
TOKYO OHKA KOGYO CO LTD,TOOHKO
VISTA LAND & LIFESCAPES,VLLPM
Mcdonald's Corporation,MCD
BEIJING WATER INVT,BJWATE
MINERVA LUXEMBOURG SA,BEEFBZ
Colonial Enterprises Inc ,COLPLN
GUANGZHOU PHARM HOLDING,GZPHAH
ARUNACHAL PRADESH,ARUPRA
Hamburgische Investitions- und Foerderbank,IFBHH
"LYB International Finance III, LLC",LYB
BLACK SEA TRADE AND DEVE,BSTDBK
BBVA BANCOMER SA/MEXICO,BBVASM
JX FINANCIAL HOLD INVEST,JXFCIV
BUPA FINANCE PLC,BUPFIN
RIZHAO TRANS DEV GRP,RZTDGC
TJ RAIL TRAN GR HUB OPER,TJRTHO
CNH CAPITAL AUS PTY LTD,CNHI
Chevron Corporation,CVX
JPN STUDENT SERVICE ORG,IKUEI
Test Marketing Inc,DummyTest
"ADT Security Corporation, The",ADT
HAIHONG INV HOLDINGS,HMCSHC
SODEXO SA,SWFP
407 INTERNATIONAL INC,ETRHWY
SHANDONG NUCLEAR CO,POWINV
CHONGQING YUFU HLD,CQYFHG
FAR EAST HO TIANJIN FINA,FRESHK
QUEBEC CITY,Q
BEIJING JINGNENG FINANCI,BJJNFL
HTA Group Ltd/Mauritius,HLSTWR
ESAB CORPORATION,ESAB
CENTRAL AFRICAN S DEV BK,DEVCAS
CHINA NORTH INDU GROUP,CNGC
New York Life Global Funding,NYLIFE
RESONAC HOLDINGS CORP,SHODNK
ARSENALE SPA,ARSSPA
BASF IRELAND DAC,BASGR
SFIL-PARIS HEAD OFFICE,SFILFR
AAREAL BANK AG,AARB
CAISSE REFINANCE L'HABIT,CRH
FIRST QUANTUM MINERALS LTD.,FMCN
Sunoco LP,SUN
"Bank of China, LTD.",BCHINA
Omniyat Holdings Limited,OMNYAT
HIGHPEAK ENERGY INC,HPK
EXCHANGE-TRADED AUSTRALI,ACGBET
VMED O2 UK FINANCING I,VMED
SODERTALJE KOMMUN,SODKOM
RCI BANQUE,RENAUL
Polaris Inc.,PII
FREMTIND FORSIKIRING AS,FRMTND
SELP FINANCE SARL,SEGPLP
AUSTRALIA T-BILL,ACTB
NORGES BANK CERTIFICATES,NBCERT
SOUTHSIDE BANCSHARES INC,SBSI
APLD COMPUTECO LLC,apld
Raiffeisen Bank International AG,RZB
KINETICS LNG HOLDINGS LT,KINLNG
"Boston Properties, Inc.",BXP
CALIFORNIA RESOURCES CORP,CRC
AGILYX AS,AGLXME
ELECTROLUX AB,ELTLX
FORTITUDE GLOBAL FUNDING,FORTRE
DIAN SWASTATIKA SENTOSA,DSSAIJ
HZ QINGSHANHU INV CONS,LINANC
BRIGHT FOOD GROUP CO LTD,BRTFOD
CHINA CONCH VENTURE HOL,CHCOVE
TVA,TVA
RYMAN HEALTHCARE LTD,RYMNZ
SZ HUI CHUANG DA TECHNOL,SZHCDT
SANCTUARY CAPITAL PLC,SANCTU
YUEXIU REIT 2012 CO LTD,YXREIT
RENTOKIL TERMINIX PLC,RTOLN
BANK POLSKA KASA OPIEKI SA-WARSAW HEAD OFFICE,PKOPB
ICCREA Banca S.p.A - Istituto Centrale del Credito Cooperativo,ICCREA
Augusta SpinCo Corporation,WAT
DZ BANK AG,DZBK
PR1MA CORP MALAYSIA,PRMAMK
BROMFORD FLAGSHIP LTD,BRMFRD
Erste Group Bank AG,ERSTBK
CAMEROON TREASURY BILL,CAROTB
MASTERCARD INC,MA
CHINA COAL MINE CONSTRUC,CHCOMI
MAURITIUS B-NOTE,MAURCN
Vale Overseas Limited ,VALEBZ
GENERTEC UNIVER INTER FI,GUIFLT
WAKAYAMA PREFECTURE,WAKAYA
NEXEN TIRE CORP,NEXENT
GALILEO FINANCE GMBH,GALIFI
SOUTH AFRICAN T-BILLS,SATB
GANSU SCIENCE & TECHNOLO,GSSCTE
Haleon US Capital LLC,HLNLN
CENTERPOINT ENERGY INC,CNP
ENTERPRISE PRODUCTS OPER,EPD
ZJS SCI-TECH CITY ECONOM,NJZJTD
PepsiCo Inc.,PEP
SINOHYDRO BUREAU 10,SINOHY
CLEAR CHANNEL OUTDOOR HO,CCO
ALLIANDER NV,ALLRNV
"MURPHY OIL USA, INC.",MUSA
ZJ JX SCIENCE TECH INNOV,ZJJXST
TONGYANGLIFEINSURANCECO,TYANLI
CYPRUS T-BILL,CYPTB
180 MEDICAL INC,CTECLN
CN UNITED PROPERTY INSUR,CNUNIN
CEZ AS,CEZCP
FUGAO WANTAI GROUP,FBWTTZ
SORMLANDS SPARBANK,SRMLND
KAZAKH GOV BOND - MUIKAM,MUIKAM
GOLDMAN SACHS PRIVATE CREDIT,GSCRED
Bumper BE NV/SA ,BUMPERNLBV
ANGLIAN WATER SERV FIN,AWLN
BERNER KANTONALBANK,KBBERN
NINGBO MUNI GOVT,NINGBO
PT LONTAR PAPYRUS PULP,LONTAR
RESURS BANK,RESURS
CHINA RAILWAY INVESTMENT,CNRAIL
JIANGSU ASSET MGMT,JSASMG
SEPCOIII ELEC PWR CONSTR,SPECOE
PUBLIC SERVICE ELECTRIC,PEG
CHINA RAILWAY NO 9 GROUP,CNRWNN
Federative Republic of Brazil,BRAZIL
TONGKUN GROUP,TNGKUN
BRIGHTSTAR RESOURCES LTD,BRGTSR
QNITY,TBD
NESTLE FINANCE INTL LTD,NESNVX
AUSTRALIAN MILITARY BANK,AUSMIL
FERDE AS,FERDEN
INVITATION HOMES OP,INVH
SAP SE,SAPGR
KOREA SOUTHERN POWER CO LTD,KOSOPW
EUTELSAT COMMUNICATIONS,ETL
MODERN FARMING GROUP,MODFAR
WESTPAC SEC NZ/LONDON,WSTPNZ
LIBERTY ENERGY INC,LBRT
PACIFIC GAS AND ELECTRIC COMPANY,PCG
CS TREASURY MGMT SERVICE,VDNWDL
ITTIHAD INTERNATIONAL IN,ITTHAD
XIAMEN INTL TRADE GROUP,XMINTR
DEVELOPMENT BANK OF KAZA,DBKAZ
TRIODOS BANK NV,TRIOD
MUANGTHAI CAPITAL PCL,MTCTB
KUMAMOTO CITY,KUMASH
CCCC GUANGZHOU DREDGING,CHCOMU
LIAONING ENERGY INDUSTRY,LNENID
CAPITAL TECHNOLOGY DEVEL,BSTIGC
LAND BERLIN,BERGER
XIANNING URBAN DEV,XIURDE
HZ CAPITAL OPERATION,HZCAPT
TOKYO WATERFRONT AR R,TOWART
CHINA OVERSEAS LAND & IN,CHIOLI
SHAOXING CITY DEV HK,SXINV
ESM TBILL,ESMTB
EQVA ASA,HYARD
HENDERSON LAND MTN LTD,HENLND
REPUBLIC OF SOUTH AFRICA,SOAF
BURJEEL SUKUK LTD,BJHDAE
PUKOU ECO DEVELOP CO,PUKOUE
TRANSPORTS PUBLICS GEN,TRANS
NJ LISHUI ECO TECH DEV,LSETID
JINGMEN CONSTRUCTION INV,JMCCIC
ACHMEA BANK NV,ACHMEA
BBMG JIDONG CEMENT GROUP,JIDONG
UWM HOLDINGS LLC,UWMC
NEXT GROUP PLC,NXTLN
CD AIRPORT XINGCHENG,SLSCCI
"ARBOR REALTY SR, INC.",ABR
CATERPILLAR FINL SERVICE,CAT
R.R. Donnelley & Sons Company,RRD
HEFEI STATE OWNED ASSET,HFSOAH
Nordea Bank Abp,NDA
Orbit Capital PLC,ORBCAP
KOOKMIN BANK CO LTD-SEOUL HEAD OFFICE,CITNAT
INNE MONG AUTO REGION GO,INMONG
Muenchener Hypothekenbank eG,MUNHYP
HUAXI SECURITIES CO LTD,HUAXIS
SHANDONG HISPD RD BRDG,SDHSRB
PNC Bank NA,PNC
HUBEI ENERGY GROUP,HBENER
ZHESHANG ASSET MGT CO,ZJZSAM
CORPORACION ANDINA DE FOMENTO - VENEZUELA,CAF
"Republic Services, Inc.",RSG
Federation Des Caisses Desjardins Du Quebec,CCDJ
HOLLEY GROUP CO LTD,HOLGRP
Ardagh Metal Packaging Finance PLC,AMPBEV
CONSTELLATION BRANDS INC,STZ
Metropolitan Tower Global Funding,MET
TRATON FINANCE LUX SA,TRAGR
STATE BANK VIETNAM BILLS,SBVB
WILLIAMS COMPANIES INC,WMB
GLOBO COMUNICACAO E PARTICIPACOES (REVERSE INQUIRY),GLOPAR
KENYA INFRASTUCTURE BOND,KENIB
IA FINANCIAL CORP INC,IAGCN
ROPER TECHNOLOGIES INC,ROP
SX TRANSPORTATION,SXTHGC
RAM INCOME CAPITAL LTD,RAMINC
Dave test issuer,DAVE
HUADIAN FIN LEASING,HDFINL
CHINA GALAXY SECURITIES,CGSZC
CANADA T-BILL,CTB
FRONERI LUX FINCO SARL,ICECR
GOODMAN AUSTRALIA FIN,GMGAU
TOMRA SYSTEMS ASA,TOMNO
ROYAL CARIBBEAN GROUP,RCL
The World Bank,IBRD
HEFEI XINGTAI FIN HOLDIN,XINGTA
HZ XS QJ CENT CT DEV CON,QJCCDC
Rentokil Initial PLC,RTOLN
CH OVS GRAND OCE FINANCE,COGO
Vertiv Holdings Co ,VRT
SIERRA LEONE TREASURY,SLTB
Fidelity Insurance,FLDS
NORDDEUTSCHE LANDESBANK,NDB
JIAXING BINHAI HLD GRP,JXBHHG
MACQUARIE BANK - AUSTRALIA,MQGAU
GEBERIT AG,GEBNVX
VZ SECURED FINANCING BV,ZIGGO
NAN AN DEVELOP INVEST GR,NAINVG
ANHUI CREDIT GUARANTEE,AHCFGG
ZHONGL NEW CITY INV CONS,ZLNCIC
"XPLR INFRASTRUCTURE OPERATING PARTNERS, LP",XIFR
BIRKENSTOCK GROUP B.V. & CO. KG,BIRK
CHINA POWER INTERNATIONA,CHIPOW
TransCanada PipeLines Ltd,TRPCN
FUJIAN PORT  GROUP CO,FJPGCL
LIANGSHAN DEV HOLD,LSHSID
UniCredit SpA,UCGIM
NINGBO RUNHE HITECH,NBRHMT
Brookfield Finance Inc.,BN
EIDP INC,CTVA
Protective Life Corporation,PROTLI
Rothesay Life PLC,ROTHLF
TIANJIN BEICHEN TECH,TJBEIC
Spire Inc.,SR
SH NORTH ENTERPRISE GRP,SHNENG
BJ PUBLIC HOUSING CENTER,BJAFHO
JINSHIYUAN GROUP COMPANY,JSYJT
The Dayton Power and Light Company d.b.a AES Ohio,AES
EnQuest PLC,ENQLN
ACHMEA BV,ACHMEA
KIOXIA HOLDINGS CORP,KXIAHC
AIR NEW ZEALAND LTD,AIRNZ
POSTE ITALIANE,POSIM
Kutxabank S.A. (ES),KUTXAB
"Sumitomo Mitsui Trust Bank, LTD(JAPAN)",SUMITR
CDL HOSPITALITY REIT,CDLHRE
Deutsche Pfandbriefbank AG,pbb
TELSTRA GROUP LTD,TLSAU
Action Logement Services SAS,ALSFR
CHINA NATL PETRO CO,CNPCCH
POWERCHINA HUADONG ENGI,EASTEN
EATON CAPITAL UC,ETN
FIJI TREASURY BILL,FIJITB
SOTHEBY'S,BID
BORGO AB,BORGAB
NJ GAOCHUN CONS DEV,NJGCCD
INTERNATIONAL SEAWAYS IN,INSW
BANK OF ZHENGZHOU CO LTD,CBZHZH
GX NANNING WATERWORKS,GXNAWA
KASUMIGASEKI CAPITAL CO,KACAPI
JAPAN GOVT CPI LINKED,JGBI
LVMH Moet Hennessy Louis Vuitton SA,MCFP
REPUBLIC OF ARGENTINA,ARGBND
STONEWEG EREIT LUX FINCO,CERTSP
Gouvernement du Quebec,Q
KLP BOLIGKREDITT,KLPBOL
BREAKWATER ENERGY PARTNERS LLC,TBD
UNITED KINGDOM I/L GILT,UKTI
LISHUI URBAN CONSTR,LSHUC
Bank of America Corporation,BAC
Primero Agila Limited,PALPM
JIANGSU ZHUFU INDUSTRIAL,JSZFIN
JIANAN INVT HOLDING,BOZHOU
NINGBO JOYSON ELECTR,JOYSON
"Hubbell, Inc.",HUBB
KYODO PRINTING CO LTD,KYODO
KYOTO PREFECTURE,KYOTO
CHINA ENTERPRISE CO LTD,CHENTE
OLAV THON EIENDOMSSELSKA,OLAV
ZJ ORIENT HOLDINGS GRP,ZJORIE
YN COMM INV CONS,YNHIWA
BUNDESREPUB. DEUTSCHLAND,DBR
"Avnet, Inc.",AVT
Federation des Caisses Desjardins du Quebec,CCDJ
KOREA MIDLAND POWER CO LTD,KOMIPO
YC TRANSPORTATION INV,YCJTTZ
AGENCE CENTRALE ORGANISMES SECURITE SOCIALE (ACOSS),ACOSSL
HUAINAN CONS DEV HLD GRP,HNCDHG
JIANGXI INTER ECON TECH,JXINEC
LC STATE HOLDING GRP CO,JSLCSH
CHINA PETROLEUM & CHEM,SINOPC
Veolia Environnement,VIEFP
EXMAR NETHERLANDS BV,EXMBB
Philip Morris International Inc.,PM
INNER MONG ENERGY GROUP,INMNRG
GUANGYUAN INVEST DEV GR,GYIHGR
SPACE LTD,SPACE
MANUF & TRADERS TRUST CO,MTB
NTN CORP,NTNCRP
NINGXIANG ECO TECH INVST,NXECTC
HAIAN COUNTY CONSTR,HAIANC
MONEYMAX TREASURE PTE LT,MMFSSP
SD QUANHUI DEV CO,SDQHDE
CQ JIULONG HI-TECH IND,CQJLIG
HENAN ROAD BRIDGE,HNRDBG
MSD INVESTMENT CORP,MSINTM
HN STA OWN CAP OPERA GRP,HENCGC
BLUE OWL FINANCE LLC,OWL
Encore Capital Group Inc,ECPG
"Bain Capital Specialty Finance, Inc.",BCSF
NISSHA CO LTD,NISSPR
BRUCE POWER LP,BRUPOW
Qatar National Bank QPSC,QNBK
MCDONALD'S CORP,MCD
"Ferrellgas, L.P. & Ferrellgas Finance Corp.",FGP
CQ TONGNAN IND INVST DEV,TNIIDG
Vodafone Group PLC,VOD
Republic of Austria,RAGB
SIIC SHANGHAI HOLDINGS,SIICSH
HARMONY GOLD MINING CO L,HARSJ
JSC NMH BAITEREK,BAINAT
ADVANTEST CORPORATION,ADVANT
"American International Group, Inc. - AIG",AIG
NEW DATA/UPDATE,CQWZET
CHARLOTTE BUYER INC,GENTVA
MOLDOVA GOVERNMENT BOND,MOLDGB
INVERSIONES CMPC SA,CMPCCI
ZHEJIANG GEELY HOLDING,GEELZ
Republic of Slovenia,SLOREP
BINHAI CONST & INVEST,BINHCO
KOMATSU FINANCE AMERICA,KOMATS
ROLLS ROYCE GROUP PLC,ROLLS
SICHUAN KELUN PHARM,SIKEPH
CB FRIST INVESTMENT BANK,FSTINV
HUBEI UNITED TRANS,HBTIDE
SALMON GROUP MAR ISLAND,SLGRMI
FUYANG CHENGTOU GROUP HK,HZFYCT
"VSP OPTICAL GROUP, INC.",VSP
SH CONSTRUCTION,SHCONS
JOTUN A/S,JOTUN
CHENGDU DONGFANG,CHDOGU
"TreeHouse Foods, Inc.",THS
CONVENE MIDCO SARL,ALBERI
CHUGIN FINANCIAL GROUP,CHUGFG
GUYANA TREASURY BILL,GUYATB
BSP BILL,BSPBIL
HY NEW MATERIAL TECH,YANCOA
"Five Point Operating Company, LP and Five Point Capital Corp.",FPH
GZ LINGNAN BUSINESS TRA,GUADEP
LLOYDS BANK GMBH,LLOYDS
NATL GRID ELECT TRANS,NGGLN
SINGAPORE CMTB,SICMTB
UNITED AIRLINES HOLDINGS INC,UAL
JIANGSU XIANXING HLD GRP,JSXXHG
STADT DORTMUND,DRTMND
ZHUHAI WATER ENVIRONMENT,ZHWATE
HAINAN STRAIT SHIPPING C,HNSTSH
CHENGHUA OLD CITY TRANS,CHOCTI
PROPETRO HOLDING CORP,PUMP
CA Immobilien Anlagen AG,CAIAV
JS HIGH TECH INVEST,JSGOVT
CHINA CINDA 2020 I MNGMN,CCAMCL
UNEDIC,TBD
TIANJIN TEDA INVESTMENT,TJTEDA
HENAN XINLIANXIN CHEM,CXLXSP
"Family Dollar Stores, LLC",FDO
CHALLENGER LIFE CO LTD,CGFAU
EIKA BOLIGKREDITT AS,EIKBOL
DATANG SICHUAN POWER,DTSCPW
TX JINFENGHUANG HOLDING,TXJFHG
Banco de Sabadell SA,SABSM
General Motors Financial Company Inc,GM
ZHUHAI GREE GROUP,ZHGREE
VALLEY NATIONAL BANCORP,VLY
CENTURY COMMUNITIES,CCS
DEUTSCHE BORSE AG,DBOERS
SAMYANGFOODSCOLTD,SAMFOD
TR Finance LLC,TRICN
HLDNG D'INFRA METIERS,SAUR
ARABIAN CENTRES CO,ARACEN
AUTOSTRADE PER L'ITALIA,ATOSTR
SEAH HOLDINGS CORP,SEAHHC
QIC (Cayman) Limited,QATIQD
AMERICAN NATIONAL GROUP,ANGINC
UBS SWITZERLAND AG,UBS
Lloyds Banking Group plc,LLOYDS
KUNSHAN RURAL BANK,KSRUBK
PT BANK NEGARA INDONESIA (PERSERO) TBK,BBNIIJ
NOMURA HOLDINGS INC,NOMURA
FREEDOM MORTGAGE HOLD,FREMOR
CELSA OPCO SA,BRNAES
CHINA CHENGXIANG HLD,CXHOLD
COVEA COOPERATIONS,COVEAC
SULZER AG,SUNSW
POSTNL NV,PNLNA
TPG OPERATING GROUP II,TPG
VIZSLA SILVER CORP,VZLACN
HKT CAPITAL LTD,HKTGHD
BANK OF BOTSWANA CERTS,BOTSCT
EMLAK KONUT GAYRIMENKUL,EKGYO
KEPPEL REIT,KREITS
REPUBLIC OF SRPSKA BOND,REPSBN
GANZHOU TOUR INV,GZTIGL
ARDONAGH GROUP FINANCE,ARDGRP
NONG SHIM HOLDINGS CO,NSHHOL
INDONESIA BI FRN,INDOFN
Assicurazioni Generali SpA,GIM
LSEG Nehterlands BV,LSELN
ALPHA GENERATION LLC,ALPGEN
MARRIOTT OWNERSHIP RESOR,VAC
CN IRON & STEEL RESEARCH,CNISRI
ZHUHAI HUARUN BANK,HUARBK
"IQVIA, Inc",IQV
"Home Depot, Inc.",HD
FORTISBC INC,FTSCN
CQ WZ SANXIA PINGHU,CQWZSP
ROTHESAY LIFE,ROTHLF
JI'AN MANKUN TECHNOLOGY,JAMKTE
BLUE OWL CAPITAL CORP,OBDC
JIANGSU RUGAO RURAL BK,JSRGAO
NTNL ENERGY NINGXIA COAL,SHNHUA
SHAOXING TEXTILE DEV,SXTEXT
SJZ CHANGSHAN TEXTILE GR,SJZCST
BUNGE GLOBAL SA,BG
BANGKOK BANK,BBL
ECORODOVIAS INFRAESTRUTU,ECORBZ
SNAM SpA,SRGIM
DENSO CORPORATION,NIPDES
AL_MUNAWWARAH SDN BHD,ALMUNA
AXA LOGISTICS EUROPE MASTER,<AXALEM>
ZIJIN MINING GROUP CO LT,ZJMGCL
BANK OF DONGGUAN,DNGGBK
SHINHAN FINANCIAL GROUP CO LTD,SFG
HAINAN DEVELOP HLD,HANADE
CHINA OVERSEAS GRND OCEA,COGOPG
FERGUSON ENTERPRISES INC,FERG
INVESTIS HOLDING SA,IRENSW
NT URBAN CONSTRU,NTURCD
BENGBU GAOXIN INV GROUP,BHHNIV
Viridium Holding AG,VRDIUM
LIBERTY MUTUAL GROUP INC,LIBMUT
MERCK & CO INC,MRK
EquipmentShare.Com Inc,EQPT
IMERYS SA,NK
SUNNHORDLAND KRAFTLAG AS,SUKRNO
ENERGIA GROUP ROI,ENRGRP
SH PD DEVELOP,SHPDKF
"AMC Entertainment Holdings, Inc.",AMC
PNE AG,PNEGR
CMT MTN PTE LTD,CAPITA
KUNTARAHOITUS OYJ,KUNTA
ZHANGZHOU TRANS DVLP CO,ZZTRAN
EUSHI FINANCE INC,EMACN
TopBuild Corp.,BLD
NANPING WUYI DEVLPT,FJMBED
SMARTSTOP OP LP,SMA
TONGLU STATE CPTL INV,TNGLCP
VISTA ENERGY ARGENTINA,VISTAA
JINGDE CERAMIC CULTURE,JDTCTO
SOLUSI SINERGI DIGITAL,SSDGIJ
EUROPEAN BANK FOR RECONSTRUCTION & DEVELOPMENT-HEAD OFFICE,EBRD
Cemex  S.A.B. de C.V.,CEMEX
Conceria Pasubio S.P.A.,PSUBIO
CGN WIND ENERGY LTD,CHGDNU
DDC 01 PROPCO LLC,DDCPPC
Westpac New Zealand Limited,WSTPNZ
JTBC CO LTD,JTBCCL
INTL PERSONAL FINANCE PL,IPFLN
YANCHENG HAIYING HOLDING,SCHYII
CD TIANFU INV,CDNFNA
FOSHAN CONT DEV,FSCDCL
W.P. Carey Inc.,WPC
Nederlandse Waterschapsbank NV,NEDWBK
"CaixaBank, S.A.",CABKSM
BLUE OWL TECHNOLOGY FINA,OTF
UZAUTO MOTORS AJ,UZAMTS
JSC NIH BAITEREK,BAINAT
CHINA NONFERROUS METAL,CNFMMZ
European Investment Bank.,EIB
BUNGE LTD FINANCE CORP,BG
BROADSTONE NET LEASE LLC,BNL
HLL BONDCO AB,HLLBND
Caterpillar Financial Services Corpn,CAT
NATIONWIDE BUILDING SOCIETY-SWINDON HEAD OFFICE,NWIDE
Marex Group PLC,MRX
FC DEV INV GROUP LTD,FCFZTZ
FAB SUKUK COMPANY LTD,FABUH
RAIFFEISEN LB NIEDEROEST,RFLBNI
GUANGZHOU METRO GR,GUAMET
DAYTON POWER & LIGHT CO/,AES
SWEDBANK HYPOTEK AB,SWEDA
"Reinsurance Group of America,  Inc.",RGA
HENKEL US FINANCE LLC,PRELPP
Softbank Group Corp,SOFTBK
CHONGQING KAIQIAN INVEST,CQKQIN
SHENWAN HNGYUAN INTL FIN,SWHYSE
TEST  DEAL - OCT RELEASE,DUMMYTEST
SHANDONG FINANCE INV GRP,SDECDI
SANXIA FIN GUARANTEE,CQSXGU
NOT APPLICABLE,ICICI
Islandsbanki hf.,ISLBAN
CSDC FINANCE I LLC,CSDCFN
ONTARIO (PROVINCE OF),ONT
MONTREAL INTL FUEL FACIL,MIFFC
JINCHUAN GROUP CO LTD,JINCHU
INTUIT INC,INTU
PFANDBRIEF SCHWEIZ HYPO,PSHYPO
HORSESHOE FUND TRST I,HUM
BANK OF GANZHOU,BGANZH
BANK OF TIANJING CO LTD,BANKTJ
HERTZ CORP/THE,HTZ
CHINESE UNIVERSE PUBLISH,CHUNPU
REGIONS BANKS/BIRMGHM AL,RF
ROYAL CARIBBEAN CRUISES,RCL
DUKE ENERGY PROGRESS LLC,DUK
National Securities Clearing Corporation,NSCCLF
SCATEC ASA,SSONO
GS UR DEVELOP INVES GRP,GSURDE
Black Sea Trade & Development Bank,BSTDB
AUSTRALIAN GOVERNMENT,ACGB
DEUTSCHE BANK AG,DB
NANJING GAOKE CO LTD,NANXIN
PG&E CORPORATION,PCG
CEMEX SAB DE CV,CEMEX
SUZHOU SND GROUP,SUZECO
National Rural Utilities Cooperative Finance Corp ( NRUC ),NRUC
Gatwick Airport Finance PLC,GTWICK
XIANGYU REAL ESTATE GRP,XIANGY
KBC Groupe NV,.
TEVA PHARMACEUTICALS NE,PRELPP
AB INDUSTRIVARDEN,INDDEN
VENTAS REALTY LP,VTR
PERP CORP TRUST LTD,PPTAU
JX WATER GROUP CO LTD,JXWAAF
Absa Group Limited,AGRPF
SHIZUOKA FINANCIAL GROUP,SHIZFG
FIRSTENERGY PENN ELECTRI,FE
ZKING PROPERTY & CASUAL,ZKPCIC
FUJIAN ENERGY PETROCHEMI,FJEPCG
OBOS BOLIGKREDITT AS,OBOS
KBC,KBCBB
CPPIB Capital Inc,CPPIBC
OMAN ARAB BANK SAOG-RUWI HEAD OFFICE,OMAB
STRATEGY INC,MSTR
HUANENG SHANDONG POWER,HNENGC
MCCORMICK & CO,MKC
"Albertsons Companies, Inc.",ACI
ONE GAS INC,OGS
MUYUAN FOODS GROUP CO,MUYUAN
INDIANA MICHIGAN POWER,AEP
ZHENGZHOU URBAN DEV,ZZREAL
APLD ComputeCo 2 LLC,TBD
CHIMERA INVESTMENT CORP,CIM
SWEDBANK AB,SWEDA
OSISKO DEVELOPMENT CORP,ODVCN
MONEYMAX TREASURE PTE LT,MTPLTD
PERU CERTIF DE DEPOSITO,PERUCD
WELFARE & MEDICAL SRV AG,SOCWMS
Gatwick Funding Limited,GATAIR
NEXUS BIDCO GMBH,NEXBDC
SWITZERLAND,SWISS
PILGRIM'S PRIDE CORP,PPC
SWEDISH EXPORT CREDIT,SEK
VIA OUTLETS B.V.,VIAOUT
MG EURO PROP FUND SICAV,MNGEPF
PRAEMIA HEALTHCARE,PRAEFP
SONOVA HOLDING AG,SOONVX
XIAMEN MUNI GOVT,XIAMEN
AMCOR UK FINANCE LIMITED,AMCR
DIG MIDCO/DIFL US II LLC,DIGMID
"Sumitomo Mitsui Financial Group, Inc.",SUMIBK
HUATAI SECURITIES CO LTD,HTSC
COLOSSUS ACQUIRECO LLC,CLACQU
AUSGRID FINANCE PTY LTD,AUSGF
KOREA OCEAN BUSINESS CORPORATION - SOUTH KOREA,KOBCOP
AHLENS AB,AHLENS
BOS FUNDING LTD,BOSUH
YUEDA CAPITAL CO,YDASST
BUNDESREPUBLIK DEUTSCHLAND-FINANZAGENTUR GMBH,DBR
Power Finance Corporation Limited,POWFIN
METLIFE INC,MET
LUNA 1.5 SARL,URBASR
ASTM SPA,ATIM
UBER TECHNOLOGIES INC,UBER
DAIWA SECURITIES LIVING,JAPREN
JD.COM INC,JD
CBRE SERVICES INC,CBG
ZHEJIANG LONGSHENG GROUP,LONGSH
ZF Europe Finance B.V.,ZFFNGR
CHONGKUNDANGPHARMA,CKDPHA
ASPEN INSURANCE HOLDINGS LTD,AHL
SHANDONG OCEAN CULT TOUR,SDOCTD
RUNJIAN CO,RUNJAN
"SV RNO Property Owner 1, LLC",TBD
PHISON ELECTRONICS CORP,PHIELE
NCL CORPORATION LTD,NCLH
BINZHOU URBAN INVEST,BZCITY
CARPENTER TECHNOLOGY CORPORATION,CRS
AMERICAN ELECTRIC POWER,AEP
BEIJING CAPITAL AIRPORT,CAPAPT
"TXNM Energy, Inc.",TXNM
KDX REALTY INV CORP,KDXRLT
Via Celere Desarrollos Inmobiliarios S.A.,CELDES
CRL CREDITO AGRICOLA MUT,CRLPL
DANANTARA INVESTMENT MAN,DAINMA
"Motorola Solutions, Inc.",MSI
TARGA RESOURCES CORP,TRGP
Teleperformance,RCFFP
TOYOTA ASTRA FINANCIAL,TOYAST
CRESCENT ENERGY CO,CRGY
CQ FULING URBAN DEVELOPM,CQFLLD
ZHANGZHOU YUANSHAN,ZZYSDM
Inter-American Investment Corporation,IDBINV
CHINA HUANENG GROUP,HUANEN
BOND US BIDCO 1/2/3/G1/2,BSCOAT
National Bank of Greece SA,ETEGA
SOOCHOW LIFE INSURANCE C,SOOCLF
PROFESIONAL TELEKOMUNIKA,TOWRIJ
LANDBK HESSEN-THUERINGEN,HESLAN
COREBRIDGE GLOB FUNDING,CRBG
NORWEGIAN CRUISE LINE [NCL],NCLHN
QZ URBAN CONSTR GRP,QZCCGC
SPAIN KINGDOM,SPAIN
Sixth Street Lending Partners,SIXSLP
GANSU AIRPORT GROUP,GSMHJC
KRAFTRINGEN ENERGI,KRAFGN
TIANJIN PORT GROUP,TJPORT
Banco Santander,SANTAN
WEPA HYGIENEPRODUKTE GMB,WEPAHY
LY SD CITY INVST HOLDING,LSCIHG
JBS NV/USA FOODS/FOOD CO,JBS
XIAMEN JINXIANG HOLDING,XMXYJX
KURARAY CO LTD,KURARA
Junta de AndalucÃ­a,ANDAL
APA INFRASTRUCTURE LTD,APAAU
DUMMY TEST,DUMMYTEST
THE WILLIAM CARTER COMPANY,CRI
CHINA TOURISM GROUP CO,CHITRA
STORSKOGEN GROUP AB,STORSK
NIGER GOVERNMENT BOND,NIGEGB
COMMONWEALTH BANK OF AUSTRALIA,CBA
CLAR GLOBAL AB,CLARGL
ICPF FINANCE PTY LTD,INCOPF
MITSUBISHI UFJ FINANCIAL GROUP [MUFG],MUFG
ANYANG INVST GROUP,ANYINV
GABON TREASURY BILL,GABTB
BIFFA GROUP HOLDINGS LTD,BIFFLN
DEPOSITORY TRUST COMPANY,DTCSLF
NICKEL INDUSTRIES LTD,NIC
EUROPEAN COMMISSION,TBD
NatWest Markets Plc,NWG
NEW YORK STATE ELECTRIC & GAS CORP,AGR
XY DINGXIN INDUSTRIAL IN,XYDXIV
PEARSON FUNDING PLC,PSON
Swedish Export Kredit AB,SEK
TOKUSHIMA PREFECTURE,TOKUPR
CDBL FUNDING 1,CDBALF
MALTA T-BILL,MALTTB
Landeshauptstadt Muenchen,MUENCH
HILTON DOMESTIC OPERATIN,HLT
JAPAN (2 YEAR ISSUE),JGB
BENGBU URBAN INVESTMENT,BEBUIN
EROSKI S COOP,EROSKI
JERROLD FINCO PLC,JERRGB
LAND BADEN-WUERTTEMBERG,BADWUR
ASIAN DEVELOPMENT BANK,ASIA
Columbia Pipelines Operating Co LLC,CPGX
"Japan Post Insurance Co., Ltd.",KAMPOS
HS SUPPLY & MARKETING GR,HSGXGC
BREAKWATER ENERGY PARTNERS LLC,BRKWTR
HUZHOU ECONOMIC DEV GRP,HEDGCN
HYUNDAI CAPITAL AMERICA,HYNMTR
NEW DATA/UPDATE,JSXXHG
ZS PUBLIC UTILITIES,ZSUTIL
EUROPEAN INVESTMENT BANK,EIB
INT JARINGAN EKO PT,INTJAR
HANJIN KAL CORP,KANKAL
Flowserve Corporation,FLS
ZJ BNB CONSUMER FINANCE,CFCBNB
OMNICOM GROUP INC,OMC
ABN Amro Bank,ABNANV
POWERCHINA LEASING,PWCNLE
"K. HOVNANIAN ENTERPRISES, INC.",HOV
CN SHIPBUIL  GROUP INVE,CNSPIV
JIANGXI GANNENG CO LTD,GANNEN
ARES CAPITAL CORP,ARCC
CU DEPOSIT FNDG 2026-1,CUDEPF
LAMAR MEDIA CORP,LAMR
DEVT BANK OF MONGOLIA,DBMMN
CROSSCOUNTRY INTER,CROSIN
TOYOTA MOTOR CORP,TOYOTA
NAVIENT CORP,NAVI
BOL LETRAS DEL TESORO,BOLTB
DALIAN DETAI ECON DEVELO,DLDTED
DASSAULT SYSTEMES,DSYFP
JORDAN CD,JORDCD
AZUL SA,AZUBBZ
NINGBO CITY RURAL,NINCIT
FS ITALIANE,TBD
COMMISSION EUROPEENNE EUROPEAN UNION - OI - BELGIUM,EU
ARTERRA WINES CANADA INC,VINOCN
DONGXING SECURITIES,DXSECU
LOTTOMATICA GROUP SPA,LTMCIM
URUGUAY NOTAS DEL TESO,UNT
MITCH & PEARL GO TO THE LIBRARY,MNP
ARCELORMITTAL,MTNA
FIRST CAPITAL SEC,FCSECU
INTACT FINANCIAL CORP,IFCCN
ATHORA HOLDING LTD,ATHORA
CIMB BANK BHD,CIMBMK
WENZHOU CITY CONS DEV,WZCITY
GUANGXI ENERGY GRP CO,GXGTEN
TOYOTA FINANCE CORP,TOYOTA
EXPORT-IMPORT BANK KOREA,EIBKOR
HUANENG TIANCHENG FIN,HNTCFL
SAMRUK KAZYNA JSC,SAMRUK
International Finance Corporation,IFC
CHN NEW ENERGY CO,SHNEWE
JX ADVANCED METALS CORP,JXHLDG
Federal State of Baden-Wuerttemberg,BADWUR
SYSCO CORPORATION,SYY
"RWE FINANCE US, LLC",RWE
ENTERGY CORP,ETR
KVALITENA AB,KVALIT
FINCO OPAL SARL,FIOPAL
BITMINE IMMERSION TECH,BMNR
J&F LUXEMBOURG FINANCE,JEFPBZ
ORIEN TRADE OU,ORIETR
PRIMEO HOLDING AG,PRIMEO
Audax Renovables,ADXSM
BINZHOU BC ECONOMIC DEVE,BIBIDI
SPAREBANK 1 OSTFOLD AKER,SOAGNO
KOREA SEC FIN CORP BONDS,KORSFC
InvestIndustrial,CEMEIT
SIMMONS FIRST NTL CORP,SFNC
NORWEGIAN GOVERNMENT,NGB
BANK OF CHINA/LONDON,BCHINA
SEVEN BANK LTD,IYBNK
BINGGRAE CO LTD,BINGGR
GANSU ENERGY CHEMICAL,JYCOEL
ZJ INDUSTRIAL INVEST GRP,ZJCTGS
COMMONWEALTH BANK AUST,CBAAU
KEG RESTAURANTS LTD,KEGRES
JINJIANG INTERNATIONAL,JINJII
OTIS WORLDWIDE,OTIS
PILG PRIDE /PILG EUROPE,PCC
CN NUCLEAR INDUS 23 CONS,CNHGYT
CHARLES SCHWAB CORP,SCHW
Nordic Investment Bank.,NIB
KOCHI PREFECTURE,KOCHI
AH CONSTR ENGINE  INV GR,AHCECI
MECURY FINANCE CO,SHAPIN
GS CALTEX CORP,GSCCOR
AXACTOR ASA,AXANO
B. A. T. Capital Corporation,BATSLN
Dummy,249927735
NOT APPLICABLE,JAZCOR
ENTRA ASA,ENTRAN
Government of Canada,CANADA
Smith & Nephew PLC,SNLN
MR DIY GROUP M BHD,MRDIYM
AVATION GROUP S PTE LTD,AVAGRS
QUEBEC T-BILL,QTB
Aeroporti Di Roma SpA,ADRIT
CITIC PRUDENTIAL LIFE,ZXBCBX
MITCH & PEARL PLANT A GARDEN,MNP
SUZHOU COMM INVEST,SUZSUJ
NIPPON LIFE INSURANCE COMPANY,NIPLIF
VOI TECHNOLOGY AB,VOITEC
ROMANIA,ROMANI
PODS LLC,PODLLC
YANCHENG STATE OWNED INV,YCSOAI
CH ENERGY ENG CORP,CHENEC
QZ TRANSPORT INVEST,BOZHOU
TOPRE CORP,TOPRE
NOT APPLICABLE,ZBJRKG
NINGBO COMM INVEST GRP,NBCOMM
SZ LH CONSTRUCT DEVELOP,SZLHCD
BOMBARDIER INC,BBDBCN
Georgia (acting through the Ministry of Finance of Georgia),GEORG
SINOHYDRO BUREAU,SIHDBU
CARREFOUR SA,CAFP
Eli Lilly & Co,LLY
CAPITAL SECURITIES,CAPSEC
"Amazon.com, Inc.",AMZN
GAMBIAN GOVERNMENT BONDS,GBGB
CHINA RAIL 11 BUREAU,CNRABU
Cassa Depositi E Prestiti SpA,CDEP
GANFENG LITHIUM GROUP,GANFLI
CLARIOS GLOBAL LP/US FIN,POWSOL
KASIKORNBANK PCL,KBANK
POWER FINANCE CORP LTD,POWFIN
CD JINYU ENERGY GROUP CO,CDCJYW
Land Nordrhein- Westfalen,NRW
POWSZECHNA KASA OSZCZEDNOSCI BANK POLSKI SA-WARSAW BRANCH,PKOBP
POLICE & NURSES LTD,POLNCS
TRELLEBORG (SWEDEN),TRELSE
Duke Energy Corporation,DUK
BNP PARIBAS,BNP
LS CABLE & SYSTEM LTD,LGCABM
BJ CAPITAL CITY DEV GP,BJCAPD
Platform HG Financing plc,PLATHG
ALLIED UNIVERSAL,TBD
ANHUI NATURAL GAS,AHNGAS
BEIJING SHOUGANG CO LTD,SHGANG
Landwirtschaftliche Rentenbank,RENTEN
PIONEER REWARD LTD,HTSC
KOREA HOUSING FINANCE CORPORATION - SOUTH KOREA,KHFC
LETRAS DEL BANCO CENTRAL,HONTB
TEPCO RENEWABLE POWER,TOKELP
BEIJING UNICONSTRUCTION,BJUNCO
JACKSON FINANCIAL INC,JXN
MERCADOLIBRE INC,MELI
VENTURE GLOBAL LNG INC,VENLNG
ANHUI RAILWAY DEV FUND,AHRDFC
CMOC CAPITAL LTD,CHMOLY
Test deal,DUMMYTEST
COMODORO RIVADAVIA SA,PCRD
HUAFA PROPERTIES CO,HUAFAI
UNITY BANK LTD,UNTBNK
QXO,QXO
NORDIC INVESTMENT BANK-HELSINKI HEAD OFFICE,NIB
RECONCEPT GMBH,RECNCP
CHANGSHU BINJIANG CONST,CHABIN
Altagas Services (U.S.) Inc.,ALACN
TONGLING CONST INVST,TONCON
BERTELSMANN SE & CO KGAA,BERTEL
CQ FULING CONSTRUCTIONS,FULING
CR POWER INVESTMENT,RESOPW
VEOLIA ENVIRONNEMENT,VIEFP
CHUGOKU ELECTRIC POWER,CHUGEP
ISRAEL CPI-LINKED,ILCPI
UBE CORP,UBE
NANNING COMM INV GROUP,NNCOMM
HONDA CANADA FINANCE INC,HNDA
ABP FINANCE PLC,ABPFIN
SHAODONG CITY DEV GRP,SDCDGP
TELUS CORP,TCN
SAMMONTANA ITALIA SPA,SAMMNT
CHINA CO-OP GROUP,CHICOO
PAGAYA US HOLDINGS CO,PGY
Government of Austria,RAGB
SJF BANK A/S,SPKSJA
GERMAN TREASURY BILL,BUBILL
ABSA BANK LTD,ASASJ
Verbund AG,VERAV
HAOJI RAILWAY,HAOJRL
TORONTO-DOMINION BANK,TD
Lansforsakringar Bank AB,LFBANK
KODIT GLOBAL 2026-2,KOCRGF
CREDIT AGRICOLE ITALIA,CARPP
FLUIDSTACK (ZENITH ARC),ZENARC
CHONG HING BANK LTD,CHOHIN
DUMMYTEST,DUMMYTEST
Southwest Airlines Co,LUV
CHENGDU AERO CITY DEV,SHLTIG
YIWU STATE OWNED CAPITAL,YWSOAO
GENERALI,ASSGEN
LIFEPOINT HEALTH INC,RGCARE
QINGDAO CONSON,CONSON
SNAM SPA,SRGIM
JAMMU & KASHMIR,JAMKAS
CHANGCHUN RAIWAY TRAFFIC,CHCHRA
BINHU CONS DVLP GROUP CO,CZBHCO
MONDELEZ INTERNATIONAL,MDLZ
"COPT Defense Properties, L.P.",CDP
INTERNATIONAL BANK FOR RECONSTRUCTION & DEVELOPMENT,IBRD
DEUTSCHE BANK NY,DB
CARDINAL HEALTH INC,CAH
BEIJER REF AB,BEIJER
FC HUSKY HOLDCO AB,FCHSKY
BEIJING CONSTRUCTION ENG,BJCONS
ZHAOJIN MINING INDUSTRY,ZHJMIN
ARKEMA,AKEFP
ALSTOM,ALOFP
WISE FINANCING,WISEFP
Riverside Housing Partnership I LLC,RIVFIN
SV RNO PROPERTY OWNER 1,TRACTC
EREX CO,EREXCO
GOHL CAPITAL HOLDINGS,GENTMK
RESTAURANT BRANDS INTERNATIONAL [RBI],QSR
GOLDMAN SACHS GROUP INC,GS
SDIC POWER HLDGS CO LTD,SDICHU
"Intercontinental Exchange, Inc.",ICE
WX GUOFA CAPITAL OPERATI,WXGFCO
SALTAIRE FINANCE PLC,SLTFIN
WUXI GUOLIAN DEVELOPMENT,GUOLIA
ADVANCED ENERGY IND,AEIS
JVC KENWOOD CORP,JVC
Westpac Banking Corporation,WSTPAC
LETRAS FINANCEIRAS DO TE,BLFT
OLYMPUS WTR US HLDG CORP,SOLEIN
TOKYO METROPOLITAN GOVT,TOKYO
KVIKA BANKI HF,KVABNK
international bank of reconstruction & development,IBRD
MALAYAN BANKING BHD-KUALA LUMPUR HO,MAYMK
GUANGDONG RISING HOLDING,RISING
NATIONAL MENTOR HOLDINGS,MENTOR
REGIONS BANK,GECR
GUANGDONG GW HLDGS GROUP,GENPRO
PEARL RIVER ENTERPRISES,GZPREG
Wells Fargo & Company,WFC
DAXIE ECONOMIC DEVE,DXECON
CUBESMART LP,CUBE
NIPPON LIFE INSURANCE,NIPLIF
JINGNENG THERMAL POWER,BJPOWR
Northwestern Mutual Global Funding,NORT
SECOP GROUP HLDG GMBH,SECOPG
SHANGRAO INVSTM HLD GRP,SHRIHG
Travel + Leisure Co.,TNL
AGILENT TECHNOLOGIES INC,A
CHANGJIANG SECURITIES CO,CHGJZ
BANQUE INTERNATIONALE LUXEMBOURG [BIL],LU0006040975
SUINING TIANTAI INDTL,SNTTIN
HERCULES CAPITAL INC,HTGC
FIRST EAGLE INVESTMENTS,TBD
TOKAI CARBON CO LTD,TOKAI
MAMOURA DIVERSIFIED GLOBAL HOLDING PJSC,MUBAUH
REPUBLIC OF TURKEY - OI - TURKEY,TURKEY
Unibail-Rodamco-Westfield,URWFP
TAYLOR MORRISON COMM,TMHC
LZ DEVELOPMENT HOLDING,LZDEHG
"MURPHY USA, INC.",MUSA
REVOLUTION MEDICINES INC,RVMD
CICC WEALTH MGMT SECURIT,CHINVS
SOUTH INDUS ASSET MGMT,SINASM
Deutsche Bank AG.,DB
SOFTBANK,SOFTBK
Motability Operations Group PLC,MOTOPG
LINTOU OVERSEAS CO LTD,LYINDE
BETCLIC EVEREST GROUP SA,BTCLIC
SPAREBANK 1 NORDMOERE,SNORNO
PROTECTIVE LIFE GLOBAL FUNDING,PL
CHARTER COMMUNICATIONS,CHTR
BELGIUM KINGDOM,BELG
Apollo Global Management Inc,APO
Alpha Bank S.A.,ALPHA
BUSSAN AUTO FINANCE PT,BUSAUT
SPAREBANK 1 HELGELAND,HELGNO
SINO CAPITAL INV LTD,SINOCH
LSEG US FIN CORP,LSELN
KYONGNAM BANK,KYONGB
INTERNATIONAL PETROLEUM,IPCOSS
CD CQ RAILWAY PASSENGER,CDCQRA
BLACKSTONE SECURED LEND,BXSL
AMER AC OF DRAMA ARTS,AMEACA
NOT APPLICABLE,CDXCIG
VAMOS EUROPE SA,VAMOBZ
SHAANXI PROVINCE GOVT,SHAANX
OCEANEERING INTL INC,OII
EVERGY,EVRG
The Ardonagh Group Limited,TBC
"QTS Fayetteville I DC1-2, LLC and QTS TRS Fayetteville I DCI-2, LLC",QTSQST
NRG Energy Inc.,NRG
Zegona Finance PLC,ZEG
TORNATOR OYJ,TORNAT
DONGGUAN INVESTMENT HOLD,DGFINH
VENTURA OFFSHORE MIDCO,VTURAM
COOPERAT RABOBANK UA/NY,RABOBK
CHINA AVIATION SUPPL,AVIASL
Guardian Life Insurance Company of America,GUARDN
JPN HOUSING FIN AGENCY,HLC
MMS USA HOLDINGS INC,PUBFP
WENZHOU TRANSPORTATION,WZTRAN
FERROVIAL SE,FERSM
Saudi Aramco,ARAMCO
ALLIANT ENERGY CORPORATION,LNT
SHAOXING TECH ZONE INV,DDNCIN
TIANJIN TEDA INTL HOLDIN,TJTDIH
Cousins Properties LP,CUZ
MERIDIAN COMPUTE LLC,TBD
CHINA MINSHENG BKG CORP,CHIMIN
INTL FINANCE CORP,IFC
DUNYA KATILIM SUKUK LTD,DUNYAK
CHANGZHOU HIGH-TECH GP,CZTECH
ARENA LUX FIN SARL,EMPARQ
NEW IMMO HOLDING,CEETRU
SUINING XINGYE INVEST,SNXIYE
FERRELLGAS LP/FERRELLGAS,FGP
PROTECTIVE LIFE CORPORATION,PROTLI
MARTIN MARIETTA MATERIAL,MLM
XIAMEN AIRLINES CO LTD,CHISOU
JIANGSU CHANGSHU RURAL B,CSRUBK
Dar Al-Arkan Real Estate Development Company,DARALA
ANZ NEW ZEALAND INTL/LDN,ANZNZ
VIRGIN MEDIA O2 VEN FIN,VMED
Northwestern Mutual Life Insurance Company,NWMLIC
adidas AG,ADSGR
BOLIVIA GOVERNMENT,BOLIVI
GD TOURISM HOLDINGS,GDTRHG
ALIMENTATION COUCHE-TARD,ATDBCN
BOC AVIATION,BOCAVI
European Union (EU),EU
AFRY AB,AFRYSS
SHAANXI COAL AND CHEMICA,SXCOAL
DAJIANGBEI SOA INV,NJDJBI
NIE FINANCE PLC,ESBIRE
CRISPR THERAPEUTICS AG,CRSP
HEBEI TRANSPORT INVST,HEBEIT
YILI CHUANNING BIOTECHNO,KLCNSW
SHOUGUANG CON INV DEVE,SHGCON
CHONGQING WATER GR,CHQWAT
KOLMAR KOREA CO LTD,KOKOLM
ORLEN SA,PKNPW
Tractor Supply Company,TSCO
SHANDONG STATE-OWNED ASS,SDASST
SANMEN NUCLEAR POWER,SMNUPW
BJ YIQING HOLDING CO LTD,BEJIYQ
BBVA Mexico,BBVASM
Ally Financial Inc.,ALLY
MCDERMOTT INTERNATIONAL,MDR
VERIZON COMMUNICATIONS,VZ
Sumitomo Mitsui Financial Group Inc,SUMIBK
CONSTANTIA FLEXIBLES GMB,COFAV
The Province of Chubut,CHUBUT
MARSH & MCLENNAN CO INC,MRSH
"CBRE Services, Inc.",CBG
POLARIS INC,PII
GREEN PALM BIDCO SARL,GNPALM
CENOVUS ENERGY INC,CVECN
"Raiffeisen Bank, SA (Romania)",RABROM
UBS Group AG,UBS
CENTERPOINT ENERGY RE II,CNP
PROLOGIS LP,PLD
Raiffeisen Bank International AG,RBIAV
AUGUSTA SPINCO-DROPPED,WAT
JOHN DEERE CAPITAL CORP,DE
BANK OF COMMUNICATIONS,BOCOM
HARROW INC,HROW
ANHUI REFINANCE,ANHUII
SANMENXIA INVESTMENT GRP,SMINVT
"Superior Energy Services, Inc.",SPN
FASTPARTNER AB,FPARSS
SD LEADING INDUSTRY INV,SDLDII
Wisconsin Electric Power Company,WEC
Credit Agricole SA,ACAFP
MDGH - GMTN BV,MUBAUH
THE BANCORP INC,TBBK
ZHUZHOU GECKOR GR,GECKOR
NEWCASTLE GTR MUTL GRP,NEWCAP
KAJIMA CORP,KAJIMA
MEDTRONIC INC,MDT
Visa Inc,V
Caixa Geral De Depositos S.A.,CXGD
WEIHAI HIGH TECH HOLDING,WHHTDG
BINHAI INTERNATIONAL BVI,WFBHIN
WESTERN MINING CO LTD,WESTMI
OKI PULP & PAPER MILLS,OKIPPM
AMER AIRLINE 26-2B PTT,AAL
B2 IMPACT ASA,BTWO
ION PLATFORM FINANCE US,IONTRA
ZHUJIANG INVESTMENT MANA,ZJMANA
LYB INT FINANCE III,LYB
LLOYDS,LLOY
SOPAIPILLA INVESTOR LLC,BLK
The Norinchukin Bank,NORBK
ELECTRANET PTY LTD,ELECTR
VIRGIN GALACTIC HOLDINGS,SPCE
NAGOYA CITY,NAGCTY
XIANNING HIGHTECH INVST,XNSASC
MONGOLIAN MINING,MONMIN
NextEra Energy Capital Holdings Inc,FPL
BXP INC,BXP
SHENZHEN AIRPORT GROUP,SZAIRP
GUANGDONG SHUNKONG DEV,FOSCIT
BROADCOM INC,AVGO
ARKEA HOME LOANS,CMARK
CREDITAS FINANCIAL SOLUT,CREDFN
UNION PACIFIC,UNP
AUSTRALIA,AUSTLA
MOBILITY GLOBAL INC,MBGL
CQ SCIENCE CITY CONST GR,CQGAXN
SMITH & NEPHEW PLC,SNLN
FirstEnergy Transmission,FE
NZ LOCAL GOVT FUND AGENC,NZLGFA
KAWASAKI KISEN KAISHA,KAWKIS
HYUNDAI DEPARTMENT STORE,HYUDPT
NATS EN ROUTE PLC,NATSER
BANK LEUMI LE-ISRAEL,LUMIIT
PUBLIC INVESTMENT FUND,PIFKSA
KAISER ALUMINUM CORP,KALU
ABN AMRO,ABNAMV
Octane,OCTANE
WI INFL IDX N/B,WITII
"Synergy Infrastructure Holdings, LLC",SYNRGY
OLD NATL BANCORP,ONB
KEIO CORPORATION,KEIO
CABEI - Banco Centroamericano de Integracion Economica   ,CABEI
Cenomi Centers,ARACEN
HAMI ST ASSET INV OP,HMSAIO
BONHEUR ASA,BONNO
Sociedad Transmisora Metropolitana S.A.,SOTMCL
STORE CAPITAL LLC,STOR
CaixaBank SA,CABKSM
CENTERFIELD MEDIA PARENT,CFIELD
SHELL FINANCE US INC,RDSALN
HUNTINGTON BANCSHARES INC,HBAN
CAPE VERDE GOVERNMENT BO,CAPGB
KARNATAKA,KARNAT
XIAMEN XIANGYU GOLDEN EL,XMXYGE
P3 GROUP S.A R.L.,PTHREE
HITGEN INC,CDHITG
Freie Hansestadt Bremen,BREMEN
Ministry Of Foreign Affairs For the State of Qatar,QATAR
GSH CORP LTD,GSHSP
PSP CAPITAL INC ,PSPCAP
NEWCASTLE COAL INFRASTRU,NCIAU
JIANGSU GAOCHUN ECONOMIC,GCECOZ
CHINA MCC 5 GROUP CORP,CNMCGP
CALIFORNIA BUYER/ATLANTI,AY
BOL CENTRAL BANK BILL,BOCBL
SAMSUNG FN REIT CO LTD,SAFNRE
JINGJIANG INFRA DEVELOP,JJINDE
CPI PROPERTY GROUP SA,CPIPGR
CHINA NATL SALT INDUSTRY,CHSALT
SD JINYUE TRANSPORTA DEV,SDJYTR
AUSNET SERVICES HOLDINGS,ANVAU
LINEAGE,LINE
JAPAN INVESTMENT ADVISER,JPINAD
SEAZEN HOLDINGS CO LTD,FTLNHD
TALLGRASS NRG PRTNR/FIN,TEP
MERCURY NZ LTD,MCYNZ
ALDERMORE GROUP,ALDMRE
BENGANG GROUP CO LTD,BENGGR
KENNAMETAL INC,KMT
HIGHWOODS REALTY LP,HIW
ANGEL YEAST,ANGYEA
DNB BANK ASA,DNBNO
CIBUS REAL ESTATE AB PUB,CIBNRE
HUNGARIAN DEVELOPMENT BA,MAGYAR
NN BANK NV NETHERLANDS,NNGRNV
XJ WATER CONSERVANCY DEV,XJWCDI
OMNIYAT SUKUK 1 LTD,OMNYAT
SICHUAN CHANGHONG ELEC,SCHCHH
BK OF COMMUNICATIONS/HK,BOCOM
CHANGDE ECON CONS INVEST,CHAECO
JIUJIANG LAND INVEST,JJLNIN
Church Commissioners For England,COECOM
PILGRIMS PRIDE CORP,PPC
SUZHOU INTERNATIONAL DEV,SZINTD
"ION Platform Finance US, Inc.",IONPLA
COCA-COLA EUROPACIFIC PARTNERS PLC,CCEP
Republic of Panama,PANAMA
HISCOX LTD,HSXLN
TAIZHOU RECYCLING,TAIREC
RENTOKIL TERMINIX LLC,RTOLN
JX CREDIT GUARANTEE,JXPCFG
ARCADIS NV,ARCAD
ALOQABANK AT,JSCALO
PENGUIN SOLUTIONS INC,PENG
BREAD FINANCIAL HLDGS,BFH
SHANDONG LUZHONG INV,SDLZIV
Lincoln National Corporation,LNC
CAIDA SECURITIES,CDSECU
PEAK ATHLETICS,PUCKCN
Adecoagro S.A.,AGRO
ELDORADO INTL FIN GMBH,ECELUP
JINTAN GUOFA INT INV DEV,JTGFID
HAITAI CONFECTIONERY & F,CROCON
OXFORD PROPERTIES GROUP,OXPROP
"Banco Santander Totta, S.A.",SANTAN
Haleon plc,HLNLN
CHENGDU RAIL TRANSIT,CDMETR
BAJ TIER 1 SUKUK CO LTD,JAZCOR
AVIS BUDGET GROUP INC,CAR
TIBET URBAN DEVELOPMENT,TBTUDI
Public Service Company of Colorado,XEL
SWIRE PACIFIC MTN FIN,SWIRE
RWE FINANCE US LLC,RWE
PHILIPPINE SPECIAL BILL,RPSSTB
INFORMA,INF
KREISSPARKASSE KOELN,KRSKOE
FIRST MAJESTIC SILVER,AGCN
Pacific Gas And Electric Company,PCG
SABESP LUX SARL,SABESP
BLACKSTONE PRIVATE CREDIT FUND,BCRED 
JAPAN (20 YEAR ISSUE),JGB
EVOTEC SE,EVTGR
Boroo Investments Pte. Ltd.,TBD
INFRASTRUTTURE WIRELESS,INWIM
ARE HOLDINGS INC,ASAHOL
SHANGHAI YONGYE ENTER,YONGY
EL SALVADOR LETES,ELSLET
DATANG INTL POWER GENERA,BEIDAT
PHH ESCROW ISS LCC/PHH C,PHHESC
PLS GROUP LTD,TBD
LINDE PLC,LIN
PEAK ATHLETICS,PEAACH
KINGDOM OF MOROCCO,MOROC
Deutsche Pfandbriefbank AG,PBBGR
NAGASAKI PREFECTURE,NAGPRE
"Level 3 International, Inc.",LVLT
ZHEJIANG ANJI GUOKONG,AJLZNR
T-Mobile USA Inc,TMUS
CENTRAL AMERICAN BANK,CABEI
Atmos Energy Corporation,ATO
ETHIOPIA TREASURY BILLS,ETHITB
LIANYUNGANG FIN HLP GRP,LYGFHG
National Bank of Canada,NACN
STARK FUTURE SL,STRFTV
HANGZHOU CONSTRUCTION IN,HZURBN
KSA SAMA MURABAHA,SAMAMU
OPTIMA BANK SA,OPTIMA
Banque Federative du Credit Mutuel,BFCM
HOKKAIDO ELECTRIC POWER,HOKKEL
JIANGXI FINANCIAL INV GR,JXFIIN
FLEX LTD,FLEX
Dow Chemical Co,DOW
IMERYS,NK
CHINA POST GROUP CO LTD,CHPOSG
FC HUAYU INDUSTRIAL GRP,HYCYJT
Chubb INA Holdings LLC,CB
PUBLIC SERVICE ENTERPRIS,PEG
CCCC SECOND HIGHWAY ENGI,CHCOMU
PINGHU GUOFA INVESTMENT,PHGFIN
FWD GROUP,FWDGHD
Caisse Francaise de Financement Local SA,CAFFIL
XJ SHUIFA AGRICULTURE GR,XJSFAG
Viking Baked Goods Acquisition Corporation,TBD
Guardian Life Global Funding,GUARDN
Energizer Holdings Inc,ENR
HUAIHUA CONST INV CO LTD,HZINVE
QIB SUKUK LTD,QIBKQD
Scottish Hydro Electric Transmission PLC,SHE1
GD NAVIGATION HLD CO LTD,GDNAVI
DUKE ENERGY INDIANA LLC,DUK
MINISTRY OF FINANCE OF THE REPUBLIC OF KAZAKHSTAN,KAZAKS
HENGLI GROUP CO LTD,HENGRO
POWSZECHNA KASA OSZCZEDNOSCI BANK POLSKI SA-WARSAW HO,PKOBP
PICC LIFE INSURANCE,PICCLI
OWENS-BROCKWAY,OI
CHINA OIL AND GAS GROUP,CHIOIL
VOLKSWAGEN AG,VW
KCC CORP,KAUMKG
AIR LIQUIDE SA,AIFP
ABC TEST,DUMMYTEST
Nordea Bank AB (publ),NDAFH
STIFTUNG PWG,STFPWG
Oriental Republic of Uruguay,URUGUA
INDIANAPOLIS PWR & LIGHT,AES
CANTON OF BASEL-STADT,KTBS
PAPREC HOLDING SA,PAPREC
POLARIS BAY,PLBGCL
TL NONFERROUS METALS GRO,TONGDU
ICL GROUP LTD,ICLIT
CHINA ASSET LEASING,CALCCN
GUANGDONG ENERGY FINANCE,GDYUDE
ZIBO HIGH TECH INT INV,ZBTECH
EASTMAN CHEMICAL CO,EMN
NORDEA - BANK - FINLAND,NDAFH
SENKO GROUP HOLDINGS CO,SENKO
NANJING TOURISM GROUP,NJASST
JX SCIENCE CITY INV DEV,JXSCIV
GOVERNMENT OF THE ARAB REPUBLIC OF EGYPT,EGYPT
KAZAKHSTAN GOVERNMENT,MTSKAM
POLY PROPERTY GROUP,POLHON
HELGELAND SPAREBANK,HELGNO
ABBOTT,ABT
JYSKE REALKREDIT A/S,JYKRE
HUAXIN CEMENT CO,HXCEME
THREE GORGES FIN I KY,YANTZE
POONGSAN CORP/NEW,POSANE
SD LAND DEVLPMT GRP,SDLAND
ZENKYOREN 5 SUB LOAN SEC,ZENKYO
DANONE,BNFP
THE CHARLES SCHWAB CORP,SCHW
NSTAR ELECTRIC CO,ES
SHANGHAI SUS ENVIR,SHSUSE
SANMEN INVESTMENT,SMINVT
ALEXANDRIA REAL ESTATE E,ARE
SEGREENENERGYCOLTD,SEGRNE
TSURUOKA CITY,TSROKA
PEMBINA PIPELINE CORP,PPLCN
VIETNAM GOVERNMENT BOND,VIETGB
BLUE OWL CREDIT INCOME,OCINCC
LINCOLN FINANCIAL GLOBAL FUNDING,LNC
UNITED UTILITIES PLC,UU
CROSSCOUNTRY INTERMEDIATE HOLDCO LLC,CROSIN
CVS Health Corp.,CVS
SANDOZ FINANCE B.V.,SDZSW
"SBL Holdings, Inc.",SECBEN
CHAI WATANA TANNERY GRP,CWTTB
HDKOREASHIPBUILD&OFFSHO,HYNHEA
Lloyds Banking Group PLC,LLOYDS
OMV AG,OMV
CITY OF BERN,BERCTY
TRANSCONT GAS PIPE LINE,WMB
DONGTAI SOCIAL INVEST,RUDCOU
BANK OF AMERICA CORP,BAC
CTP,CTPNV
International Finance Corporation (IFC),IFC
SUGI HOLDINGS CO LTD,SUGIHO
GANSU ELECTIC POWER,GSELEC
GOVERNMENT OF THE DEMOCRATIC REPUBLIC OF THE CONGO,DEMCON
NEW YORK LIFE GLOBAL FDG,NYLIFE
CHIBA CITY,CHICTY
DeepOcean Limited,DEEPOC
EUROFIMA,EUROF
Kommuninvest I Sverige AB,KOMINS
Targa Resources Corp.,TRGP
Kraft Heinz Foods Company,KHC
SEASPAN CORP PTE LTD,SSW
HUNGARY T-BILLS,HTB
SICHUAN BANK CO LTD,SICBAK
FZ SOC INVEST OPERATION,FZSOAI
SZ LONGGANG FINA INV HOL,SZLGFI
VERISURE PLC,VSURE
"Empresa Distribuidora de Electricidad de Mendoza S.A				",EDEMSA
GENPACT UK/USA INC,G
SPARKASSE DORTMUND,SSPDOR
"Goldman Sachs BDC, Inc",GSBD
DONGWHA ENTERPRISE CO,DONGWH
CARLSBERG BREWERIES A/S,CARLB
OTP Bank Nyrt.,OTPHB
BANK OF CHENGDE,BKCHDE
QINGDAO AUCMA HOLD GROUP,AUCMAG
CHENGDU INDUSTR INVEST,CDINVG
NFI GROUP INC,NFICN
Trustmark Corporation,TRMK
Sociedad Transmisora Metropolitana S.A. ,STM
STATE STREET BANK & TR,STT
BORR DRILLING LTD,BORR
REXEL SA,RXLFP
MHP S.A,MHPSA
Schaeffler AG,SHAEFF
INDIE SEMICONDUCTOR INC,INDI
HEFEI SCI & TECH RURAL C,HFSTRC
YIYANG HESHAN DISTR DEV,YYHSDD
"LBM ACQUISITION, LLC",USLBMH
PPG INDUSTRIES INC,PPG
WLB ASSET VIIB PTE LTD,WLBVIB
XM JIMEI INDUSTRIAL INVE,XMJMID
NEW HOME CO INC/THE,NWHM
PERUSAHAAN LISTRIK NEGAR,PLNIJ
BNP PARIBAS ,BNPPA
"Greentown China Holdings, LTD",GRNCH
BEWI ASA,BEWINO
SHANGGUOTOU ASSET  MGMT,SHSGAM
MOBILITY GLOBAL INC,PRELPP
AUCKLAND INTL AIRPORT,AIANZ
TELECOMMUNICATIONS CO TE,TELSER
IBERCAJA BANCO,CAZAR
BOHAI SECURITIES CO LTD,BHSEC
BIRD CONSTRUCTION INC,BDTCN
"TTM TECHNOLOGIES, INC.",TTMI
NRW.BANK DBA NRW.BANK,NRW
DATANG XINJIANG POWER GE,DTXJPO
SZ SMART CITY TECHNO DEV,SZSMTE
Koninklijke KPN NV,KPN
CHINA EASTERN AIR,CEAIRL
Morgan Stanley Direct Lending Fund,MSDL
SATURN OIL & GAS INC,SOILCN
STATE POWER INVESTMENT,POWINV
Renault SA,RENAUL
GS POWER CO LTD,GSCCOR
GECINA S.A.,GFCFP
DEKABANK DEUTSCHE GIRO,DEKA
JAPAN WATER AGENCY,WRDZ
CAPITAL AIRPORT GROUP,CAPAPT
BORR DRILLING LTD,BORRNO
TANGSHAN SANYOU CHEMICAL,SANYOU
CCCC CAPITAL HOLDINGS,CCCAHD
TIANJIN LINGANG INV HLDG,TJHARB
HK GOVT INFRA BOND PROG,GBHK
EMEIS SA,EMEIS
KINGCLEAN ELECTRIC,KICLEL
YICHANG HI-TECH INV DEV,YCGXIV
DUKE ENERGY PROGRESS NC,DUK
GD CONSTRUCTION ENGINEER,GDCEGH
PAN PACIFIC INTL HOLD,DONQUI
INDIA GOVERNMENT BOND,IGB
SHANGHAI LUJIAZUI FIN&TR,SLUJY
CJ LOGISTICS,KOREXP
RBL BANK LTD,RBKIN
SILFIN NV,SCRSBE
SAB AT1 LTD,SABBAB
FABEGE AB,FABGSS
COGECO COMMUNICATIONS,CCACN
Nissan Motor Acceptance Corporation,NSANY
"Puget Energy, Inc.",PSD
ARDONAGH GROUP,TBD
Argan SA,ARGFP
COMMERCIAL METALS COMPANY KODIAK RESOURCES INC KODIAK PRO,CMC
EVERBRIGHT ENVIRONMENTAL,CHSJGZ
SOLARIS ENERGY INFRASTRU,SEI
PT SARANA MULTI INFRA,SMIPIJ
M&T BANK,MTB
PRAEMIA HEALTHCARE SACA,PRAEFP
Skandinaviska Enskilda Banken AB,SEB A
BARITO PACIFIC TBK,BRPTIJ
VIER GAS TRANSPORT GMBH,VGASDE
OPEN GRID EUROPE GMBH,VGASDE
MITSUBISHI ESTATE CO LTD,MITEST
SERVICIOS FINANCIEROS CA,SFCARR
TJ SCIENCE TECHN INDUS C,TJKJSY
CIPHER COMPUTE LLC,TBD
ATHENE,ATH
CALB GROUP CO LTD,CALBCO
SH JINGAN INVEST GRP CO,JNGANI
QNB BANK AS,QNBFB
XINSHENG INV HLD GRP,XINSHE
JIANGSU JIUWU HI TECH,JWHTEC
BELFIUS BANK SA/NV,CCBGBB
IDS FINANCING PLC,IDSLN
SINGAPORE GOVERNMENT,SIGB
CHN CONSTRUCT BK/LONDON,CCB
ANHUI TRANSPORTATION  HO,ANHEXP
CONVATEC PLC,CTECLN
MAURITIUS GOVT BOND,MAURGB
CPI Property Group S.A.,O5G GR
TALANX AG,TALANX
ZHANGZHOU JIULONGJIANG,ZHAPIE
Aflac Incorporated,AFL
AT & S AG,ATSAV
SCHAEFFLER AG,SHAEFF
PARK-OHIO INDUSTRIES INC,PKOH
UZBEKISTAN T-BILL,UZBETB
THE EXPORT-IMPORT BANK OF KOREA,EIBKOR
Australian Metcoal Financing Pty Ltd,WHCAU
HUAGONG TECH CO LTD,HUAGNG
KILROY REALTY LP,KRC
HS HYOSUNG ADVANCED MATE,HYOSAM
HENKEL AG & CO KGAA,HENKEL
MTR Corporation Limited,66
COMPANIA GENERAL COMBUST,CGCSA
SKANDIABANKEN AB,SKANBK
COUNCIL OF EUROPE DEV BANK [CEB],TBD
TAG IMMOBILIEN AG,TEGGR
PACIFIC LIFE GF II,PACLIF
CHONGQING MEDICINES CO,CQCHEM
LANDSHYPOTEK BANK AB,LANHYP
TJ BEIQING ENERGY CO LTD,BQELEC
Landeskreditbank Baden-Wurttemberg-Forderbank,LBANK
GOVERNMENT OF THE REPUBLIC OF ICELAND,ICELND
YUNNAN CONS INV GRP,YNCING
SILGAN HOLDINGS INC,SLGN
DAESANG CORPORATION,DAECOR
CAPITAMALLS ASIA TREASUR,CMASP
QINGDAO CITY CONS INV GR,QDCCIZ
FUJIAN EXPRESS GP,FUEXPR
BASIN ELECTRIC PWR COOP,BASINE
DENSO,NIPDES
Republic of Chile,CHILE
MCDERMOTT INTL LTD,MCDIF
KUWAIT CENTRAL BANK BILL,KCBB
ELECTRIC POWER DEVELOPME,ELPWRD
GALAXY HELIOS DATA CNTR,GALAXY
JIAOZHOU DEVE INV,JZHDIN
TANGSHAN PORT INDUST GRP,JTPORT
AMERICA MOVIL SAB DE CV,AMXLMM
The Mosaic Company,MOS
GATX CORP,GMT
YICHUN URBAN CON INV,YICHUN
XI'AN SHAANGU POWER CO,XASGPO
SH PUDONG SOFTWARE PARK,PDSWPK
ZHONGYUAN ENVIR PROTECT,ZHOENV
DENMARK TREASURY BILL,DGTB
MAJOR JOINT LOCAL BOND,JTMUNI
UAE CENTRAL BANK BILL,MBILL
AEON CO LTD,JUSCO
GOVERNMENT OF THE REPUBLIC OF TRINIDAD & TOBAGO,TRITOB
ALTAGAS LTD,ALACN
WUXI MUNICIPAL CONSTRUCT,WUXIMU
NZ LOCAL GOVT FD AG BILL,NZLGFB
KOMMUNALKREDIT AUSTRIA A,KA
HENGYANG HONGXIANG SO IN,HYHXSA
SANDOZ GROUP AG,SDZSW
CHINA REFORM CO,CHRFRM
TELIA COMPANY AB,TELIAS
JINZHONG PUBLIC INFRAS,JIZHCI
"Clarios Global LP & Clarios US Finance Company, Inc.",POWSOL
SHANGHAI ATHUB CO LTD,SHATB
TIANCHEN ENGINEERING COR,CTCEGC
INT DISTRIBUTION SERV,IDSLN
SPARBANKEN MALARDALEN AB,MALARD
ING Bank N.V.,INTNED
SENDAI CITY,SENDAI
TELIO BIDCO GERMANY GMBH,TELIOG
SONGJIANG SOA INVEST,SJSOAI
EMPIRE LIFE INSURANCE,ELFCN
SINOHYDRO BUREAU 1,SINOHY
JIANGSU PORT GROUP,JSPTGR
REPUBLIC OF TURKIYE,TURKEY
Wanda Properties Global Co. Limited,DALWAN
Bpifrance,BPIFRA
JIANGSU DIESHIQIAO INDU,JSDSQI
ABN AMRO BANK NV,ABNANV
Bank Polska Kasa Opieki S.A,PEOPW
SOC NAT ROMGAZ,ROMGAZ
Banco Macro S.A.,BMAAR
ARLES I BV,ARLESI
WINDEY ENERGY TECH,WINDEY
GUOYUAN SECURITIES CO,GUOYUN
FÃ©dÃ©ration des caisses Desjardins du QuÃ©bec,CCDJ
NATIONAL PLANT AND EQUIP,NTLGRP
FUDIAN BANK,FUDIBK
SOECHI LINES TBK,SOCIIJ
Truist Bank,TFC
ZUERCHER KANTONALBANK,ZKB
Bundesrepublik Deutschland,DBR
TJ BEICHEN ECON TECH DEV,TJBEIC
LINJA AS,LINNJA
AERCAP FUNDING DAC,AER
Luminor Bank AS,LUMINO
MALAYSIA ISLAMIC T-BILL,MITB
AGEAS,AGSBB
NISSAN MOTOR,7201
"Five Point Operating Company, LP",FPH
TAIYUAN STATE OWN INVT,TYSTOW
Caisse dAmortissement de la Dette Sociale-CADES,CADES
MATCH GROUP HLD II LLC,MTCHII
AVIVA COFCO INSURANCE,ACLFIS
WUCHAN ZHONGDA GROUP CO,ZHONGD
JAZZ PHARMACEUTICALS PLC,JAZZ
Rathbones Group PLC,RATLN
NINGXIANG URBAN RENEWAL,NXSOAM
CHIBA BANK LTD,CHIBAB
Webuild S.p.A.,IPGIM
GENERAL ELECTRIC CO,GE
RELX FINANCE BV,RELLN
RIZHAO CHENGTOU GROUP,RZINGR
ATOS SE,ATOFP
5YR JGB WHEN ISSUED,WIJ
MAPLE PARENT HLDS CO,KDP
HUNAN IRON STEEL,HNVALI
CATHAYLIFE SINGAPORE,CATLIF
ANHUI TRANSPORTATION HK,AHTRHK
EOG RESOURCES INC,EOG
KION GROUP AG,KGXGR
PCC GLOBAL PLC,PCCGLO
MORGAN STANLEY DIRECT,MSDL
QTS CNTRL ISSUER LLC,QTSODY
INDTSS-WITHDRAWN,INDTSS
BANK OF THAILAND BOND,BOTGB
AMPRION GMBH,AMPRIO
LSERIES DAC,LSRSDC
YUEQING SO INV,LEQING
BAUSPAR.SCHWAEBISCH HALL,BAUSCH
VERALLIA - CORP / REAL ESTATE - FRANCE,VRLAFP
Bayerische Landesbank,BYLAN
KKR,KKR
CALUMET SPECIALTY PROD,CLMT
CN UNITED LIFE INSURANCE,CNUNLI
INPEX CORP,INPEX
SG JX INDUS DEVELOP GRP,JXIDGC
SWISSCOM FINANCE,SCMNVX
ACUSHNET CO,GOLF
Viatris Inc,VTRS
BKW AG,BKWSW
GEM CO LTD,GRNEMA
FARM HANNONG CO,DONCHE
XINJIANG TBEA GR,XJTBEA
"CENTERPOINT ENERGY HOUSTON ELECTRIC, LLC",CNP
CITADEL SECURITIES GLOBA,CITSEC
FENGTAI STATE-OWNED ASSE,FENSST
AIRCRAFT LEASING CO,AVL
YINSON HOLDINGS BERHAD,YNSMK
AMGEN INC,AMGN
UNITED MEXICAN STATES,MEX
AGRIC BK CHINA/TOKYO,AGRBK
BJ SHUNXIN AGRICULTURE,SHUNXI
BRITISH TELECOMMUNICATIO,BRITEL
BOCI CHINA,BOCICN
BANQUE SAUDI FRANSI-RIYADH HEAD OFFICE,1050
BANK PEKAO S.A. - POLAND,PEOPW
BOOZ ALLEN HAMILTON HOLDING CORP,BAH
Government Of Hong Kong,HKINTL
HUBEI CHUTIAN SMART COMM,CHUTIA
ING-DIBA AG,INGDIB
ENCORE CAPITAL,TBD
Societe Generale SA,SOCGEN
Main Street Capital Corporation,MAIN
OBRIGACOES DO TESOURO,PGB
COUNTRY OF SPAIN,SPGB
MINMETALS CAPITALS & SEC,MINMET
United States Steel Corporation,X
Intrum Investments and Financing AB,Intrum
GUIZHOU PROVINCE GOVT,GUIZHO
CHINA HUADIAN CORP,HUADIA
BREAD FINANCIAL HOLDINGS INC,BFH
Norddeutsche Landesbank - Girozentrale,NDB
ANTON OILFIELD SERVICES,ANTONO
SOUTH CEMENT CO LTD,CNABLM
BANCA MIFEL SA,MIFEL
BOHAI BANK,BOHAIB
SFG INTERNATIONAL HLDN,SDECDI
ABBOTT LABORATORIES,ABT
Eldorado Intl. Finance GmbH,ELDOBZ
Aroundtown Finance S.a r.l.,ARNDTN
EPR PROPERTIES,EPR
BYD CO LTD,BYDCOL
AONIC AB,AONIC
ZHANGJIAJIE ECO DEVE INV,ZHJJED
LB BADEN-WUERTTEMBERG,LBBW
GD FOSHUI ENVIRONM TECH,GDFSET
PRICOA Global Funding I,PRU
SITIME,SITM
Solstice Advanced Materials,SOL
STATE GRID OVERSEAS INV,CHGRID
UNITI GROUP LLC,UNIT
CANADA GOVERNMENT,CANADA
DENSO CORP,NIPDES
SHANDONG RAILWAY INV HLD,SDRAIL
ION PLATFORM FINANCE US,IONPLA
CN RAILWAY CONSTR ASS MA,CRCOAM
"Sammons Financial Group, Inc.",SAMMON
YAPI VE KREDI BANKASI AS,YKBNK
ADVANCED TECHNOLOGY MATE,ADVTEH
OPTUS FINANCE PTY LTD,SGTOPT
LOTTE PROPERTY & DEVELOPMENT CO LTD,LOTCOR
DONGGUAN COMMUNICATIONS,DGHBDD
Meituan,MEITUA
BANK OF EAST ASIA LTD,BNKEA
BJ BEIPAI INDUS DEVELOP,BPCYJT
ROMANIA GOVERNMENT BOND,ROMGB
COMET HOLDING AG,COTNSW
VALUEMAX GROUP LTD,VMAXSP
Fifth Third Bancorp,FITB
MOVIDA PARTICIPACOES S.A.,MOVI
HEBEI CONST TRANS INVST,HBCONS
SRV YHTIOT OYJ,SRVYHT
FAR EAST HORIZON INCLUSI,FEHIFL
OMAN ELECTRICITY TRANSMISSION CO SAOC,OMGRID
SKEENA RESOURCES LIMITED,SKECN
MINSHENG LIFE INSURANCE,MSLFIN
PACHELBEL BIDCO S.P.A.,MLTIVR
ARMENIAN TREASURY BONDS,ARMGB
CNH Industrial Capital LLC,CNHI
BBMG CORP,BBMG
SK ECOPLANT CO LTD,SUNKY
JN URBAN RURAL ZHENXING,JNURZX
JIANGNING ASSET OPERATIO,JNSOAO
BANK OF MAHARASHTRA,BOMHIN
"Sumitomo Mitsui Trust Bank, Limited",SUMITR
Swedbank Hypotek AB (Publ),SWEDA
INTL BK RECON & DEVELOP,IBRD
SOLARIS OILFIELD INFRA,SOILIN
CHINA JIANYIN INVESTMENT,JYINVZ
RIKISBREF,ICEGB
YANGCHENG ASSETS INV,YCASST
INEOS Finance PLC,INEGRP
UNITED TERRA ENT PLC,TERENT
BCEG HONGKONG CO LTD,BJCONS
QINGDAO NORTH CT CON INV,QDNCCI
MAXWEALTH FIN LEASING,MWFLEA
TAI AN HIGH-TECH CONSTRN,TAIANH
CHONGQING LIANGJIANG NEW,CQLJNA
HUNAN CHENGJI RAILWAY CO,HNCJRW
NORSE ATLANTIC ASA,NORSE
ZS HOLD GROUP,ZSHGCL
BNP PARIBAS ASSET MANAGEMENT - RM - FRANCE,BNP 
PKO BANK POLSKI - BANK - POLAND,PKOBP
MARKEL GROUP INC,MKL
PLATZER FAST HOLD AB,PLAZB
BANK OF CHINA/SYDNEY,BCHINA
Jackson National Life Global Funding,JXN
"CrossCountry Intermediate HoldCo, LLC",TBD
"Italy, Republic of",BTP
AL SYDBANK,SYDBDC
UNICREDIT BANK CZECH RE,UNICZ
APLD COMPUTECO LLC,APLD
SPAREBANKEN NORGE,SBNOR
EDGED ENERGY,TBD
SHUNDE RURAL COMM BANK,GDSDRC
HAWK INFINITY SOFTWARE,JOTGRP
ZHENJ URBAN INVEST HOLDI,ZJUIHC
ELM BV FOR JULIUS BAER,ELMBV
STRAUMANN HOLDING AG,STMNSW
SX RAIL TRANSIT GROUP,SXRAIL
BHP BILLITON FINANCE LTD,BHP
GOVERNMENT OF THE PORTUGUESE REPUBLIC,PGB
GZ URBAN INVEST HDNG GP,GZUIHG
UBS AG STAMFORD CT,UBS
ORAZUL ENERGY PERU SA,ORSAPE
REPUBLIC OF BULGARIA,BGARIA
EDGED COMPUTE LLC,TBD
ADTRAN HOLDINGS INC,ADTN
SIRIUS REAL ESTATE LIMITED,SRELN
FRANKLIN BSP CAPITAL CO,FRBP
QUANSHAN STATEOWNED ASSE,QSSOAI
ARAB PETROLEUM INVESTMENTS CORP,APICOR
CQ TRANSPORTATION DEV &,CQTRAN
REN Finance B.V,RENEPL
LGENERGYSOLUTION,LGENSO
INVITALIA SPA,INVITL
ENI SpA,ENIIM
JS JURONG INVEST GROUP,JSJRIG
SD SHOUGUANG JINXIN,SDSGJX
DUKE ENERGY FLORIDA LLC,DUK
SBI LEASING SERVICES CO,SBLESE
TITULOS DE TESORERIA,COLTES
POSTNORD AB,POSTND
VALEO,FRFP
ENERGI MEGA PERSADA TBK,ENMEPE
DAE SUKUK DIFC LTD,DUBAEE
"White Cap Supply Holdings, LLC",WHTCAP
BJ AUTOMOTIVE GR,BJAUTO
OP CORPORATE BANK PLC,OPBANK
ZHUHAI DA HENG QIN GRP,ZHUDHQ
JIAWANG CONSTN INVST DEV,JIWANG
Voya Financial Inc,VOYA
"Santander Holdings USA, Inc.",SANUSA
INTEL CORP,INTC
XINJIANG LIXIN ENERGY CO,XJLXEN
PACKAGING CORP OF AMERIC,PKG
QINGSONG BLD MATRL&CHEM,QINSON
COLUMBIA UNIVERSITY,COLUNV
YTG INVESTMENT MANAGEMEN,YTRGIV
ZIMMER BIOMET HOLDINGS,ZBH
"Bankinter, S.A.",BKTSM
DBS Bank Ltd,DBSSP
CMA CGM SA,CMACG
JACKSON NATL LIFE GLOBAL,JXN
FEDERAL REALTY INVS TRST,FRT
CS  TREASURY MGMT SVCS B,VDNWDL
IFLYTEK CO,IFLYTE
EUROPEAN BK RECON & DEV,EBRD
KBC Group NV,KBCBB
JIUJIANG INDSTRL DEV,JIUJDV
ANHUI EXPRESSWAY CO LTD,AHEXPE
BEIJING STATE-OWNED CAPI,BJASST
MINERAL RESOURCES LIMITED,MINAU
KOREA RAILROAD CORP,KORAIL
MBH BANK NYRT-BUDAPEST HEAD OFFICE,MBHBAN
MINERVA,BEEFBZ
HT JINFENG INDUS DEV INV,HTJFIN
TenneT GmbH & Co. KG,TENNGR
XIAMEN SIMING ST HLD GR,XMSMST
KUMHO TIRE CO INC,KUMHOT
NATIONAL HEALTH INVESTOR,NHI
JIANGXI COPPER CO,JIACOP
MUTUAL OF OMAHA GLOBAL,MUTOMA
TAIZHOU SOC OPERATION,TZSOCO
NANJING YANG ZI STATE-OW,NJYZSO
SBS STUDENT NORDEN,STUDBO
CICC HK FINANCE 2016 MTN,CICCHK
LITHIA MOTORS INC,LAD
CITIC CORP LTD,CITIC
F&G Global Funding,FG
"VOLKSWAGEN GROUP OF AMERICA FINANCE, LLC.",VW
"Nordrhein-Westfalen, German state of",NRW
SSE plc,-
SHANGHAI URBAN DEV HLDS,SUDHCZ
ENTAIN PLC,ENTLN
OMAN GOV INTERNTL BOND,OMAN
REPUBLIC OF KAZAKHSTAN,KAZAKS
NJ RAIL INVEST,NJRCIN
CHINA GENERAL TECHNOLOGY,GENERT
Land Hessen,HESSEN
GlaxoSmithKline Capital Inc ,GSK
AMERICAN AXLE & MANUFACTURING HOLDINGS INC,AXL
"AmeriGas Partners, L.P.",APU
WATERCARE SERVICES LTD,WATERC
MARUHA NICHIRO CORP,MARUNC
ENERGIE 360 GRAD AG,ENERGY
bank of montreal,BMO
ZEGONA FINANCE PLC,ZEGLN
INTERCONTINENTALEXCHANGE,ICE
EQVA ASA,EQVANO
SHAOXING CUL TOURISM GRP,SXNTOU
SUNNYBROOK HEALTH SCIENC,SUNNYB
GALAXY DIGITAL HOLDIN LP,GLXYLP
TAIHAN CABLE & SOLUTION,TAIHAN
JIANGNING ECO TECH DEV,JIANEC
SIKA AG,SIKASW
HYUNDAI ROTEM CO LTD,HYNROT
ELLINGTON CREDIT COMPANY,EARN
Transcontinental Gas Pipe Line Co LLC,WMB
CHINA DEVELOPMENT BANK,SDBC
WYNN MACAU LTD,WYNMAC
LUOYANG CITY COUNTRY CON,LYNDCI
PING AN DC FINAN LEASING,PADCIF
STANDARD CHARTERED BK/NY,STANLN
MERCHANTS PINGAN ASSET,MERCPN
Nabors Industries Limited,NBR
ENEL FINANCE INTL NV,ENELIM
WYNNTON FUNDING TRUST II,AFL
LYFT INC,LYFT
JS CHANGJIANG COMM BANK,CHJIBK
PROTECTOR FORSIKRING ASA,PROTCT
SARAWAK ENERGY BHD,SRWEMK
SUZANO INTERNATIONAL,SUZANO
UK DEBT MANAGEMENT OFFICE,UKT
HBIS GROUP CO LTD,TSSTEE
SRI LANKA GOVT BOND,SRILGB
CN MACHINERY IMP EXP,CNMCIE
Republic of Srpska,SRPSKA
MANIPUR,MANIPU
"Venture Global Calcasieu Pass, LLC",VENTGL
Aldermore Group PLC,ALDMRE
JIANGSU WUZHONG ECO TECH,JIAWUZ
ZHOUSHAN COMMUNICATIONS,ZHOTRA
WP CAREY INC,WPC
ANALOG DEVICES INC,ADI
Japan International Cooperation Agency,JICA
TELEFONAKTIEBOLAGET LM E,ERICB
Tutor Perini Corporation,TPC
EESTI ENERGIA AS,ESTONE
"Caixa Económica Montepio Geral, Caixa Económica Bancária, S.A.",MONTPI
JINGFA OVERSEAS INV,JTGFID
PEIXIAN CONSTR INVST DEV,PXCSIN
BUNDESSCHATZANWEISUNGEN,BKO
WENZHOU COMM DEV GRP,WZCIGC
GENIUS AUTO FINANCE,GEELY
KINGDOM OF DENMARK,DGB
HA INNOVA INVESTMENT GRP,HNINIV
MIRION TECHNOLOGIES INC,MIR
CHINA NATIONAL AVIATION,NAAVIA
WESTJET AIRLINES LTD,WJACN
OESIA NETWORKS SL,OESNET
NATIONWIDE BUILDING SOCIETY,NWIDE
dave test,dave
CHINA TOWER,CHTWRC
TRANSPORT DE GAS DEL SUR,TRAGAS
ZHEJIANG CHINA CMDTY CIT,CHCOMM
HPS Corporate Lending Fund,HLEND
GUODU SECURITIES CO LTD,GUODUS
TYSON FOODS INC,TSN
BRIGHT REAL ESTATE GRP,BREGCL
NAGALAND,NAGALA
INTRUM INV AND FIN,INTRUM
SHANGHAI ELECTRIC GP CO,SECGRP
JINSHINE INTERNATIONAL,XZETDZ
SAMUDERA INDONESIA TBK,SMDRIJ
AST SPACEMOBILE INC,ASTS
TX STA OWN CAP HOLD GRP,TXCAPH
30YR JGB WHEN ISSUED,WIJ
Bank Hapoalim B.M,HAPOAL
ZHONGSHAN CITY CONSTRUCT,ZHONGS
ZHUZHOU CITY CONSTRUCT,ZZCITY
THE PROVINCE OF NEUQUÉN,NEUQUE
NORTH HAVEN PRIVATE INC,NHPIFS
Lincoln Financial Global Funding ,LNC
Agence Francaise de Developpement,AGFRNC
AMNEAL PHARMACEUTICALS LLC,AMRX
KOMMUNINVEST I SVERIGE AB,KOMINS
AVIS BUDGET CAR/FINANCE,CAR
JSC ALOQABANK-TASHKENT HEAD OFFICE,ALKB
THAILAND SAVINGS BOND,THAISB
TOKYO CENTURY CORP,CENLEA
FASTIGHETS AB STENVALVET,FSTSTN
HANWHA REIT CO LTD,HANREI
OMNIA TECHNOLOGIES SPA,DELLTO
Synovus Bank/Columbus GA ,SNV
JIUJIANG STATE OWNED INV,JJSOIH
BOOKING HOLDINGS INC,BKNG
CBRE EUROPE LOGISTICS PARTNERS S.C.A. SICAV-SIF,CBRELP
BRITISH AMERICAN TOBACCO,BATSLN
GANSU TRANSPORTATION CON,GSTPCO
BAKER HUGHES CO,BHI
ZIONS BANCORP NA,ZION
JS QIDONG RL BANK,JSQIDN
COCA-COLA HBC FINANCE BV,CCHLN
NH TRANSPORTATION GRP,NHTRAN
NORTHWESTERN CORP,NWE
HSBC Holdings PLC,HSBC
WALLENSTAM AB,WALLB
SPARBANKEN BLEKING AB,SPARBE
DUNYA KATIILIM BANKASI,DUNYAK
TIANJIN FTZ INVESTMENT,TJFTZI
BJ FINL ST INVESTMENT,BJFSIG
Mediobanca SpA,BACRED
SEYCHELLES T-BILLS,SCTB
NATURGY ENERGY,NTGYSM
REP OF CONGO TREASURY BI,RPCGTB
CORPORACION QUIPORT SA,QUIPORT
SDIC SECURITIES,ESSSEC
EUROPEAN INVESTMENT BANK-LUXEMBOURG HEAD OFFICE,EIB
JANE STREET GRP/JSG FIN,JANEST
REPUBLIC OF PANAMA,PANAMA
FJFZ RURAL COMM BK,FUZRCB
BKV CORP,BKV
SAMPO OYJ,SAMPFH
SHINHAN FINANCIAL GROUP,SHINFN
SOUTHEAST STT OW AST INV,NJSEAI
ANHUI GUOYUAN FIN HLD,AHGYHG
REPLAY VIEW BALANCE FIN,RIVBFT
BANCO MULTIVA SA INSTITU,BAMULT
BCE INC,BCECN
VAMOS LOCACAO SA,VAMOBZ
CHANGCHUN URBAN DEV INV,CCUDIH
NOVONESIS NOVOZYMES B,NSISB
CANPACK GROUP INC,CANPCK
CPI Property Group S.A.,CPIPGR
Ameren Illinois Company,AEE
"Roper Technologies, Inc.",ROP
Bank Of Sharjah P.J.S.C.,BOSUH
QINGDAO OCEAN SCIENCE TE,QINOCE
REP OF CONGO GOVT BOND,RPCGBD
GENNEIA SA,GNNEIA
REPUBLIC OF HUNGARY,REPHUN
FIRST CITIZENS BANCSHARE,FCNCA
PAKISTAN INV WHEN ISSUED,PKGBWI
Entergy Corporation,ETR
DIGITALOCEAN HOLDINGS,DOCN
ARGENTA - BANK - BELGIUM,ARGSPA
CHANGSHU DONGNAN ASST,CHSHDN
NFH 240448 AS,NFHTWO
JAPFA PTE LTD,JAPSP
CHENGFA INVESTMENT GR,CHENFA
EUROFINS FINANCE LUXEMBOURG S.A R.L.,ERFFP
MOLDOVA T-BILL,MOLDTB
FISERV INC,FISV
CHINT GROUP CORP,CHIGRO
BAWAG PSK,BAWAG
DUMMY TEST,DUMMY TEST
Synchrony Financial,SYF
XINYU CITY CONST INVEST,XIYUCI
SHINHAN CARD CO LTD,SHINCA
BJ URBAN CONSTR DESIGN,BJUCDD
PINGAN SECURITIES CO LTD,PINGSE
RUNWAY GROWTH FINANCE CO,RWAY
SEYCHELLES GOVT BOND,SCGB
GILDAN ACTIVEWEAR INC,GILCN
SHINSEGAE INC,SHINSG
MOMENTIVE PERFORMANCE MATERIALS INC,MOMPER
NORTHERN TERRITORY TREAS,NTTC
"Oak-Eagle AcquireCo, Inc.",EA
KINGFA SCI & TECH CO LTD,KINGFA
PINGXIANG GUOSHENG HOLDI,PXGSHD
Test 7,DUMMYTEST
PICC REINSURANCE CO LTD,PICCRE
COMMERCIAL BANK OF DUBAI,CBDUH
PUBLICIS GROUPE SA,PUBFP
XYLEM INC,XYL
ALEXANDRITE MONNET UK HOLDCO PLC,BFIMMO
Lloyds Bank PLC,LTSB
"EUSHI Finance, Inc.",EMACN
"Liberty Mutual Group, Inc.",LIBMUT
KUWAIT INTL BOND,KUWIB
BJ FINL ST CAPITAL OPER,BJFSCO
OCBC/SYDNEY,OCBCSP
Core & Main LP,CNM
ZJ RONGSHENG HOLDING GRO,ZJRSHO
SHANDONG HI-SPEED GROUP,SDEXPR
ETHNIKI HELLENIC GEN INS,TPEIR
AVIVA,AV
NISSAN MOTOR,NSANY
NRW.BANK-DUSSELDORF HEAD OFFICE,NRWBK
JIANGXI AGRI DEV GROUP,JIDAST
AMERICAN AXLE & MFG INC,AXL
GUANGODNG ROAD BRIDGE,GDCOMM
CN CONS 5TH ENGINEER DIV,CHCONF
Constantia Flexibles GmbH,TBD
"Ventas Realty, Limited Partnership",VTR
UNITED OVERSEAS BANK LTD,UOBSP
Verisure Holding AB,VERISR
Unilever Capital Corpn,UNANA
BANK SMBC INDO TBK PT,BTPNIJ
AP CORE HOLDINGS II LLC,COLLPA
HONGSHAN CITY CONS INV,HSCCIZ
BEIJING MUNI CONSTRUC GR,BJMNCS
KENYA TREASURY BOND,KENGB
HUIZHOU COMMUNICATION IN,HZCOMI
Carrefour S.A.,CAFP
STARHILL GLOBAL REIT,SGREIT
MITSUBISHI HEAVY IND,MITHI
NP3 FASTIGHETER,NPFASS
JIFMAR NL BV,JIFMNL
Swedbank AB,SWEDA
HANWHA CORP,HANWHA
NEW IMMO HOLDING-,CEETRU
CCCC FIRST HARBOR,CFHENG
SINO TRENDY INVST,GXCMIN
CHINA OVERSEAS DEVELOP,CHIOLI
LIUPANSHUI WATER CONSERV,LPSWAT
HAINAN PROVINCE GOVT,HAINAN
Public Service Co of Colorado,XEL
REPUBLIC OF SOUTH AFRICA,SACPI
DOBANK SPA,DOBIM
VITTORIA ASSICURAZIONI,VITI
SDIC CAPITAL CO LTD,SDICCA
HEBA FASTIGHETS AB,HEBAB
Investec plc,INVP LN
NANJING COMMUNICATION IN,NJCMID
AMERICAN TOWER CORP,AMT
SHINSEGAE DF INC,SISEDF
REALTY INCOME CORPORATION,O
CJ ENM CO LTD,CJSHOP
PROVINCE OF SASKATCHEWAN,SCDA
GUIYANG IND INV GR,GYININ
"Evergy, Inc.",EVRG
SHANGHAI GUOSHENG GROUP,SHHGSH
SINOLINK SECURITIES,SNLINK
VIRIDIUM GROUP SARL,VRDIUM
PRS GBP 5Y FRN,PRSFIN
KONINKIJKE AHOLD DLHAIZE,ADNA
NANCHANG TRANS INV,NCHWID
CANADIAN GOVERNMENT,CAN
UAE SUKUK PROGRAMME LTD,UAESUK
MORGAN STANLEY FIN LLC,MS
The Free and Hanseatic City of Hamburg,HAMBRG
XPCC 12TH DIV STATE,XJSHER
Hikma Finance USA LLC,HIKLN
NEXTURE SPA,NXTURE
GLADSTONE INVESTMENT COR,GAIN
ZUNYI INV GRP CO LTD,ZYCIGR
CHINA THREE GORGES CORP,YANTZE
HUNGARY,REPHUN
XINHUA HYDROPOWER ELECTR,XHHDCL
CN NATIONL BLDING MTL GR,CNBMGR
WUJIANG COMM INV CO,WJTRA
AIRCASTLE LTD,AYR
FINANCIAL STREET HLDGS,FINSTR
XIAMEN ITG REAL ESTATE G,ITGREG
NEXANS SA,NEXFP
NEDER FINANCIERINGS-MAAT,NEDFIN
HARBIN URBAN DEV & INV,HBINVE
FUSSBALL CLUB GELSENKI,FCSCHA
B&G Foods Inc,BGS
MEDLINE BORROWER/MEDL CO,MEDIND
FIDELIDADE SEGUROS PT,FIDELI
SHANXI INSTALLATION GR,SXINST
COMMUNITY HOUSING FA,CHFANZ
HUAIAN DEVELOPMENT HOLDI,HUADEV
NANJING PHARMCTL,NJPHAM
"SM Prime Holdings, Inc.",SMPHPM
HUANGSHI STATE OWNED,HUASST
CHENGTONG SECURITIES,NEWITM
ALMARAI CO,ALMARA
Heineken N.V.,HEIANA
INDIGO GROUP,VPARKI
AVALONBAY COMMUNITIES,AVB
DP WORLD LTD UAE,DPWDU
LSF12 HELIX PARENT LLC - HILLENBRAND,HI
US TREASURY N/B,T
SPAREBANKEN NORG BOLIGKR,SNOBNO
EQUINIX EUROPE 2 FINANCING CORP LLC,EQIX
SOLLIO GROUPE COOPERATIF,SOLLIO
F.I.S. - FABBRICA ITALIANA SINTETICI S.P.A.,FISITA
Public Service Company of New Hampshire,ES
GUIZHOU RAIL INV CO LTD,GUIZRI
Banco Bilbao Vizcaya Argentaria SA,BBVASM
DEZHOU CAIJIN INV,DZCJIC
ASCENSION HEALTH,ASCHEA
COBANK ACB,COBKAC
WASU DIGITAL TV MEDIA,WASU
THAI RUBBER LATEX CORP P,TRUBTB
Shawbrook Group PLC,SHAWLN
ROYAL SCHIPHOL GROUP NV,LUCSHI
GRANDBRIDGE CORP,GRNDBR
POSTNL,PNLNA
CCCC FINANCIAL LEASING,CCCCFL
MALAYSIA T-BILL,MGTB
ZHEJIANG COMMUNICATIONS,ZJEXPR
Blackstone Property Partners Europe Holdings Sarl,BPPEHX
SPAREBANK 1 SMN,MINGNO
SYNCHRONY FINANCIAL,SYF
HIGHMARK INC,HIMARK
GABX Leasing LLC,GATX
ELI LILLY,LLY
United Mexican States,MEX
NSTAR Electric Company,ES
EDISON INTERNATIONAL,EIX
NORDEA EIENDOMSKREDITT,NDAFH
FRESENIUS MEDICAL CARE AG & CO. KGAA,FREGR
PacifiCorp,BRKHEC
RWANDA TREASURY BILLS,RWTB
BANK MUSCAT SAOG,BKMBOM
Azul Secured Finance LLP,AZUBBZ
STANDARD LIFE PLC,SDLF
PUKOU DISTRICT STATE,NJPKSA
PANASONIC HOLDINGS CORP,MATSEL
JIC LEASING,CJIANT
ESWATINI TREASURY BILL,ESWTTB
SHANGHAI ZHANGJIANG GRP,ZHAJIA
ALBERTA T-BILL,ALTATB
Italmatch Chemicals SpA,TBC
EMPRESA NAVIERA ELCANO S,EMNAEL
GS CALTEX,GSCCOR
CARIBBEAN DEVELOPMENT BK,CARDEV
LISHUI LIANDU RURAL COMM,LSLDRB
"Italy, Republic of",BTPS
NORTHWESTERN MUTUAL GLBL,NWMLIC
STATE BANK OF INDIA-MUMBAI HEAD OFFICE,SBIN
COASTAL GASLINK PIPELINE,COAGAS
CSDC FINANCE I LLC,CLSPRK
LIANYUNGANG INDUSTRY INV,JSGOBD
CHONGQING YUKAIFA CO,CQYUKA
Commonwealth Bank of Australia,CBA
AL RAJHI BANKING & INVESTMENT CORP-RIYADH HEAD OFFICE,RJHIAB
DONGAST CO LTD,DONAST
BEIJING MUNI GOVT,BEIJIN
VELOCITY COM CAP LLC,VEL
AMERICAN AIRLINES INC,AAL
IIFL FINANCE LTD,IIFOIN
CHONGQING NANAN CON DEV,CQNANA
Hanwha?Q CELLS Americas Holdings Corp,HWQCUS
Raiffeisen Schweiz Genossenschaft,RAIFFS
CH NCLR IND HUAXING CON,CNIHCC
HAWK FINANCE [DO NOT DELETE],DUMMYTEST MS
Republic of Portugal,-
JIZHONG ENERGY GROUP,JINNIU
Aldermore Group PLC,ALDLN
STONEPEAK-PLUS INFRA DEB,SPPHAL
DIVERSIFIED GAS & OIL CO,DIGAOI
GUANGZHOU PORT CO LTD,GZPORT
INSTITUT CREDITO OFICIAL,ICO
BANK SINOPAC CHINA,SINOCN
EATON CORP,ETN
AYALA CORPORATION,ACPM
TRAD & DEV BANK MONGOLIA,TDBM
STEEL DYNAMICS,STLD
LINGYUN INDUSTRIAL,LINYUN
KOREA SMES & STARTUPS AGENCY,SMIND 
COMISION FEDERAL DE ELEC,CFELEC
WEIFANG INVESTMENT GROUP,WFINVE
Banco BPM S.p.A.,BAMIIM
TALOPH PHARMCTCL STOCK,TALOPH
EXPORT DEVELOPMNT CANADA,EDC
JAPAN HOTEL REIT INVESTM,NIPHOT
MILLROSE PROPERTIES INC,LEN
YAMAHA MOTOR CO,YAMAHA
REP SRPSKA INTL BOND,SRPSKA
CRELAN SA,CRELAN
CDC DATA CENTRES AU PTY,CDCAUS
BAITEREK NATIONAL MANAGI,BAINAT
REPUBLIC OF INDONESIA,INDOIS
CMC Markets PLC,CMCX
FREIE HANSESTADT BREMEN,BREMEN
Monogram Foods,MGGOOD
GOLDMAN SACHS BDC INC,GSBD
Council of Europe Development Bank,COE
ONCOR ELECTRIC DELIVERY COMPANY LLC,ONCRTX
BLEND FUNDING PLC,BLNFND
Perusahaan Penerbit SBSN Indonesia III,INDOIS
JIANGXI TAIHE RURAL COMM,JXTHRC
BJ CN SCIENCES RUNYU ENV,BECHSC
LUZHOU XINGLU INV,XINGLU
POSCO INTERNATIONAL CORPORATION,POINTL
MUENCHENER RUECKVERSICHERUNGS-GESELLSCHAFT AG IN MUENCHEN,MUNRE
IREN LTD,IREN
GALAXY HELIOS DATA CENTERS II LLC,GLXY
HORACE MANN EDUCATORS CO,HMN
MERCURY FINANCE CO,SHAPIN
STRIVE INC,ASST
RUGAO TRAFFIC INDUSTRY,RUGCOM
WUXI CAITONG FINANCIAL,WXCTRZ
CS TIANXIN URBAN DEVELOP,CSTXUD
SINOHYDRO BUREAU 3,SINOHY
Government of Cyprus,CYPRUS
AIR LIQUIDE FINANCE,AIFP
ELDORADO DRILLING,ELDORD
BEIJING XINGCHUANG INV,BJXCIN
SHUNYI STATE-OWNED ASSET,SYASST
SPARBANKEN SYD,SPARSY
SZ CECPORT TECHNOLOGIES,SZCECP
HEBEI SHUNDE INV,HBSNDI
Solaris Energy Infrastructure LLC,TBD
JINHUI HARDWARE,ZJJHHI
KANGFU INTERNTL LEASING,CKFILC
CSX Corporation,CSX
EVERGY METRO,EVRG
CGE Treasury IFSC Private Limited,CWENIN
SUQIAN NEW CITY HOLDING,SUQCIT
CHINA GOVT INTL BOND,CHINA
LISHUI STATE OWNED CAP,LSSOCO
GROUPE BRUXELLES LAMBERT SA,GBLB BB
"ZIONS BANCORPORATION, NATIONAL ASSOCIATION",ZION
COOPER-STANDARD AUTOMOTI,CPS
TR GROUP LTD,TRGROP
Republic of Honduras,HONDUR
HOKKAIDO PREFECTURE,HOKKA
FUYANG INV DEV,FYINDE
MBH BANK NYRT,MBHBAN
INVITALIA SPA,INVITA
TIANJIN HUANCH URBN INVT,TJHUAN
United Overseas Bank Limited,UOBSP
EVANGELISCHE BANK EG,EVKGSB
DURA SVERIGE AB,REMAGR
FUYUAN WORLDWIDE LTD,SHDCOM
NINGBO HZBAY NEW ZONE DV,HZBNZD
KDDI CORPORATION,DDI
Australian MetCoal Financing Pty Ltd,WHCAU
CANPACK SA,CANPCK
ADLER ORTHO SPA,ADLORT
TIER MOBILITY SE,TIEMOB
HARBIN CITY INV GROUP,HBINVE
VYLOR ,VYLR
"Banco Bilbao Vizcaya Argentaria S.A,",BBVASM
Aker BP ASA,AKERBP
GUANGXI AUTO REGION GOVT,GUANGX
CHANGSHU INVEST HOLDING,CSUDIC
SHANDONG ENERGY GROUP NE,SDEGNE
SHINSEGAE FOOD CO LTD,EMART
DUOMO BIDCO SPA,DUOMBI
SHANGHAI ELEC WIND,SHEWPO
YUNNAN INDUSTRIAL INVEST,YNINVH
KEYCORP,KEY
ACCOR SA,AC
HL MANDO CO LTD,MANDNW
Mashreqbank PSC,MASQUH
HUSQVARNA AB,HUSQB
BAWAG PSK BANK FUER ARBEIT & WIRTSCHAFT-VIENNA HEAD OFFICE,BAWAG
ISRAEL DISCOUNT BANK,IDBILI
BAOTOU IRON & STEEL GRP,INNMON
CHENGDU ETDZ STATE OWNED,CDECST
Novo Banco SA,NOVOBAN
BEIJING HAIKAI HOLD GRP,BJHKHG
HPHT FINANCE 26 LTD,HPHTSP
PACIFICORP,BRKHEC
YANCHENG HAIXING INVEST,SCHXIC
ZJ SEAPORT INVEST OPERAT,ZSPIOG
JDE PEET'S NV,JDEPNA
SASOL FINANCING USA LLC,SASOL
GOVERNMENT OF THE DOMINICAN REPUBLIC,DOMREP
CN RAILWAY ENG INV CONS,CREICG
ZHEYUE ASSET MANAGEMENT,ZYASMA
Edison International,EIX
FEDEX CORP,FDX
Olympus Water US Holding Corporation,SOLENIS
Test deal API,DUMMYTEST
XIAMEN ASSET MGT,JYINVT
CHONGQING MUNI GOVT,CHONGQ
Nykredit Realkredit A.S.,NYKRE
Nordea Bank Abp,NDAFH
"Sumitomo  Mitsui Financial Group, Inc",SUMIBK
CFE Fibra,FCFEMM
ABERTIS FINANCE BV,ABESM
PB FINANCIAL CORP,PBNC
GUANGXI AIRPORT GR,GXAIRP
Unedic,UNEDIC
NIBC BANK NV,NIBCAP
JOLMO INVEST MANAGEMENT,JMINMA
XJ BEIXIN ROAD & BRIDGE,XINBEI
EAGLE FUNDING LUXCO SARL,MEX
KOREA TREASURY BOND,KTB
Hercules Capital Inc,HTGC
YZ TRANSPORTATION INDUST,YZTRID
B&G FOODS INC,BGS
CHINA CONSTRUCT BANK/HK,CCB
PEPSICO,PEP
BJ ENERGY INTL HLD CO,GDPOLY
PRICOA GLOBAL FUNDING [NEWARK],PRU
LEGEND FORTUNE LTD,CHINAM
BINGHATTI,BINHLD
Finnvera Oyj,FINNVE
ANHUI CONSTRUCTION,AHWRDP
GLENCORE FINANCE CANADA,GLENLN
ILIAD,ILDFP
NIE Finance plc,ESBIRE
Carrefour SA,CAFP
CENCOSUD SA,CENSUD
REGENCY CENTERS LP,REG
BANQUE CANTONALE VAUDOIS,BCVAUD
SODEXO,SWFP
HEFEI VISIONOX TECHNOLOG,HEFVIS
Mizuho Bank Ltd.,MIZUHO
Bayer US Finance LLC,BAYNGR
"EOG Resources, Inc.",EOG
FORTINOVA FASTIGHETER AB,FNOVAB
INTL AIRPORT FINANCE SA,QUIPOR
AVIATION CAPITAL GROUP,ACGCAP
SHANDONG IRON & STEEL,SHDOIS
The Procter & Gamble Company,PG
PENSKE TRUCK LEASING CAN,PENSKE
HOTEL PROPERTIES LTD,HPLSP
ADVANCED MICRO DEVICES,AMD
JINING CONSTR INV,JNCOIN
CITY OF BUENOS AIRES,BUEAIR
HERC HOLDINGS INC,HRI
BANK OF NY MELLON CORP,BNY
NEWFOUNDLAND T-BILL,NFTB
CENTURION CORP LTD,CENSP
Nationwide Building Society,NWBD
DEAG DEUTSCHE ENTERTAINM,ERMKGR
SLOVENSKA SPORITELNA AS,SLOSPO
SAMRUK-KAZYNA JSC,SAMKAZ
MARKET BIDCO FINCO PLC,MRWLN
BRI MULTIFINANCE INDONES,BRIMUL
SHANXI PROVINCE GOVT,SHANXI
PAKISTAN T-BILL,PAKTB
FUJIAN HAIXIA BANK,FJHXBK
RLGH Finance Bermuda Ltd,RLGH
SICHUAN RURAL DEVELOPMEN,SCRUDE
GUILIN NEW CITY INV DEV,GLLGCI
YICHUN DEV & INV GRP,YCDIGC
BANK OF CHINA LTD-SYDNEY BRANCH,BCHINA
"TEAM SERVICES HOLDING, INC",TEAPUB
SAMOS ENERGY INFRA LTD,SAENIN
ABU DHABI COMMERCIAL BNK,ADCBUH
GLL IHT PTE LTD,GUOLSP
SUZHOU WUJIANG INVST DEV,SZWJCI
HPHT FINANCE 25 LTD,HPHTSP
REPUBLIC OF LITHUANIA,LITHUN
YUNNAN TIN GROUP HOLDING,YUNTIN
INFRACOMMERCE CXAAS SA,IFCMBZ
HOWARD MIDSTREAM ENERGY,HOWMID
AMYNTA AGENCY/WARRANTY,AMYNTA
PROVINCE OF QUEBEC,Q
JIANGSU HAIZHOUWAN,HAIZHW
The Cleveland Electric Illuminating Company,FE
CN JX ELEC POWER CONSTRU,PWCNJX
LIUZHOU CONSN INV DEV,LZUCID
Quest Diagnostics Incorporated,DGX
REPUBLIC OF ANGOLA,ANGOL
JS GUOJIN INVESTMENT GRP,JSGJIV
ASTRA SEDAYA FINANCE PT,ASIIIJ
BANCO NACIONAL DE COMERCIO EXTERIOR SNC,BNCE
BETCLIC EVEREST GROUP SA,BANIJA
WIRT & INFRA BK HESSEN,WIBANK
EUROBANK ERGASIAS,EURBr
INFORMA PLC,INFLN
HEICO Corporation,HEI
FB FINANCIAL CORP,FBK
DAVIDE CAMPARI-MILANO SP,CPRIM
CHANDRA ASRI PETROCHEMIC,TPIAIJ
CPI RONGHE FINANCIAL,SPICRH
KANEKA CORPORATION,KANCHE
TERUMO CORP,TERUMO
KM ANJU GROUP,KMLHDM
WANSHENG ECO TECH INVEST,WSECOT
Banque Ouest Africaine de DÃÂ©veloppement,BOAD
Textron Inc.,TXT
SC JINYU FINANCING,SCJYFG
LIUZHOU DONGTONG INV DEV,LZDTID
TECNICAS REUNIDAS SA,TRESM
Sartorius Finance B.V.,SRTGR
EMBRAER NETHERLANDS FINA,EMBRBZ
CHINA RAILWAY CONSTRUCT,RLCONS
BAYERISCHE LANDESBANK,BYLAN
RWE FINANCE EUROPE BV,RWE
K+S AG,SDFGR
EQUINIX XSCALE SEC FUNDG,EQIXXS
QDPINGDU HOLDINGS GROUP,QDPDHG
Automatic Data Processing Inc,ADP
CITADEL FINANCE LLC,CITADL
BANCA MIFEL SA INSTITUCION DE BANCA MULTIPLE GRUPO FINANCIERO MIFEL,BANCA MIFEL
BITFARMS LTD,BITF
JAPAN EXCELLENT INC,JPEXCL
LENOVO GROUP LTD,LENOVO
ELEVING GROUP SA,MOGOFI
YIYANG URB CONSTRUCTION,YIYANG
Assurant Inc.,AIZ
AZERBAIJAN TREASURY BOND,AZERGB
ZHEJIANG INTL BUS GR,ZHJIBG
HELLENIC T-BILL,GTB
JUNSHI BIOSCIENCE,JSHBIO
ZHONGXIAODAN VENTURE INV,SZZXDV
LIUZHOU IRON & STEEL CO,LIUIRO
AGRICULTURAL BK OF CHINA,AGRBK
XIAMEN RAIL CONS DEV,XMRTGP
EL PUERTO DE LIVERPOOL,LIVEPL
NB GEORGIA CD,NBGCD
FED REPUBLIC OF BRAZIL,BRAZIL
PUYANG INV GROUP CO,PYCICO
Genneia S.A.,GNNEIA
Eurobank SA,EUROB
JIANGSU FIN LEASING,JSFINA
TERAWULF INC,WULF
HCA INC,HCA
GLOBAL SUKUK VENTURES,QATAR
VOLKSBANK WIEN AG,VOWIBA
GZ PHARMACEUTICALS,GZPHAR
GIGABYTE TECHNOLOGY CO,GIGA
DYNAGREEN ENVIRONMENTAL,DYNAGR
GS YUASA CORP,GSYUAS
BORAL LIMITED,BLDAU
Highmark Inc.,HIMARK
Eesti Energia AS,ESTONE
METALLURGICAL CORP OF CN,CHMETL
FUBON LIFE INSURANCE CO LTD,FUBON
Alimentation Couche-Tard Inc.,ATDBCN
Picard Groupe SAS,TBC
Volcan Compania Minera S.A.A.,VOLCAN
SHENERGY CO LTD,SHECOL
AMAZON.COM INC,AMZN
Aircastle,AYR
PACCAR FINANCIAL EUROPE,PCAR
HD HYUNDAI CHEMICAL CO,HYUOIL
XIAMEN FINANCIAL LEASING,XMFINL
American Honda Finance Corp,HNDA
CES ENERGY SOLUTIONS,CEUCN
INNOVATION FCU,IFCUCN
SANTOS LTD,STOAU
Accenture Capital Inc.,ACN
UNITED PARCEL SERVICE,UPS
Cooperatieve Rabobank UA,RABOBK
SHENMA INDUSTRY CO LTD,SHENMA
RYDER SYSTEM INC,R
ZHENJIANG CULTURE TOURIS,ZHJWCI
JEJU BANK,CHEJUB
NEOEN FINCO PLC,NEOEFI
WANLIAN SECURITIES CO,WLSECU
Bank Gospodarstwa Krajowego,BGOSK
TRACTOR SUPPLY CO,TSCO
GSK Capital B.V.,GSK
ZIBO CITY ASSET OP,ZIBOPR
ZIJING INT ENERGY HK,ZJENER
BANCA COMERCIALA ROMANA,BCRBK
CAJAMAR,CAJAMA
BENGBU ECONOMIC,BEECDE
GALDERMA GROUP AG,GALDSW
HUAINAN MINING GROUP,HUAINM
ABERTIS INFRAESTRUCTURAS,ABESM
SANTANDER UK PLC,SANUK
Junta de Castilla y León,CASTIL
FOXCONN SINGAPORE PTE,HONHAI
TRUIST BANK,TFC
NOT APPLICABLE,MIZUHO
MSU GREEN ENERGY,MSUGEN
AEROPORTS DE PARIS,ADPFP
GLP Capital LP / GLP Financing II Inc,GLPI
DUKHAN TIER 1 SUKUK,DUKHAN
Unicaja Banco SA,UNISM
EUROPEAN UNION BILL,EUB
BANK AL JAZIRA,JAZCOR
ForteBank JSC,FORTEB
Oversea-Chinese Banking Corp Ltd,OCBCSP
ARTEA BANKAS AB,SABLLH
"McCormick & Company, Inc.",MKC
"HCA, Inc.",HCA
DONGGUAN SECURITIES,DGSECU
DP WORLD LTD,DPWDU
TERUMO,4543
ENGIE SA,ENGIFP
JIANGXI CONS ENG GR,JXCNEN
FIRST ABU DHABI BANK P.J.S.C.,FABUH
MAGNUM ICC FINANCE BV,MICCNL
Montego Bay Airport Revenue Finance Limited,MOAIRJ
Test Deal - March Release,TD2
RWE Aktiengesellschaft,RWE;
TELEREAL SECURITISATION,TELSEC
ING GROUP,INTNED
PITNEY BOWES INC,PBI
MITSUBISHI UFJ FIN GRP,MUFG
NORCOD AS,NCODNO
SHANGHAI INFO INVESTMENT,SHINIV
GS ENERGY CORP,GSHLDG
XIAMEN BANK,XMBANK
ELM BV FOR SWISS PRIME,SPSNSW
LONGNAN TOURISM,LTDIGC
"Goodman, LTD",GMGAU
XZ ECO TECH DEV,XZETDZ
KT SKYLIFE CO LTD,KSDBCO
DL INVEST GROUP PM SA,DLINVS
THE WILLIAMS COMPANIES INC,WMB
SD TONGHUI CAPITAL INVES,STCIVG
WOORI FINANCIAL GROUP I,WOORIF
Hanwha Q CELLS Americas Holdings Corp,HWQCUS
QD CITY DEV,QDCDGC
KBC IFIMA SA,KBC
Nuuday A/S,NUU
BANK RBK JSC-ALMATY HEAD OFFICE,RBKAZ
BPIFRANCE ESN MASTER FCT,BPIESN
Royal Schiphol Group N.V.,LUCSHI
GZ INDUSTRY INVEST,GZGYTZ
NJ PUKOU COMMNCTN CONSTR,NJPKCC
NXPI 2,NXPI
"UBS AG, Stamford Branch",UBS
TURKIYE IHRACAT KREDI BANKASI AS-ISTANBUL HEAD OFFICE,EXCRTU
DEVELOPMENT BK OF JAPAN,DBJJP
BAHRAIN LEASING SUKUK,BHISL
REALKREDIT DANMARK,RDKRE
BOYANG URBAN CONST,BYURCN
Elia Group SA/NV ,ELIASO
Republic of South Africa,SAGB
MUNDYS SPA,AUTOSPA
Saudi Electricity Sukuk Programme Company,SECO
KFW Bankengruppe,KFW
EL CORTE INGLES SA,CRTING
GOLDMAN SACHS PRIVATE CREDIT CORP ROADSHOW,GSCRED
RAIFF VERBAND SALZBURG,RFVBSA
"MORGAN STANLEY BANK, N.A.",MS
HN AGRICULTURAL INVESTME,HNAGIV
TIANJIN XIQING ECO GRP,XIQECO
FEDRIGONI SPA,FEDRIG
CREDIT AGRICOLE SA,ACAFP
NASSAU COMPANIES OF NY,NASSAU
TEXAS INSTRUMENTS [TI],TXN
NEOGENOMICS INC,NEO
IWATE PREFECTURE,IWATE
QNB FINANCE LTD,QNBK
CEMBRA MONEY BANK AG,CMBNSW
WENZHOU HIGH TECH DEVE,WZHIGH
MashreqBank PSC,MASQUH
VERTEX CAPITAL INV LTD,GZINFU
Hyatt Hotels Corporation,H
WPP 2025 LLC,WPPLN
INDONESIA GOVT SUKUK,INDOIS
KUBOTA CREDIT CORPORATION,KUB
AIR FRANCE-KLM,AFFP
BANK OF THAILAND BILL,BOTB
EUROPEAN INVESTMENT BANK EIB - OI - LUXEMBOURG,EIB
CAPGEMINI SE,CAPFP
BPER BANCA,BPEIM
SK INCHEON PETROCHEMICAL,SKICPT
"Cooperatieve Rabobank U.A., New York Branch",RABOBK
SUNCORP GROUP LTD,SUNAU
WIWYNN CORP,WIWYNN
WHITEHAVEN COAL LTD,WHCAU
BANK OF SHAOXING CO LTD,SHAXBK
XINGTAI ROAD BRIDGE,XTROAD
MITSUBISHI HC FINANCE AMERICA,MITHCC
SZ HT COMMERCIAL PROPERT,SUHTIV
KRAKEN OIL & GAS PARTNER,KRAOIG
CIPHER MINING,CIFR
CN AVIATION CAPITAL HOLD,CNAVCA
Ares Strategic Income Fund,ARESSI
CHENGDU PLC TRANSPORT,CHPTRS
SHUDAO INV GROUP,SDIVGC
GF SECURITIES CO LTD,GFSECU
SWIRE PACIFIC,0019
IGM FINANCIAL INC,IGMCN
Nutrien Ltd.,NTRCN
ARDONAGH FINCO LTD,ARDGRP
JBT MAREL CORP,JBTM
CRBC INTERNATIONAL,CRBCIN
REDEXIS,REDEXS
Golden Goose SpA,GOLGOO
Yondr,TBD
SHIGA PREFECTURE,SHIPRE
SK HYNIX INC,SKHYNIX
POWERCHINA REAL ESTATE,PWCNPG
"Osaic Holdings, Inc.",ADVGRO
MIDAMERICAN ENERGY CO,BRKHEC
Saturn Insurance Inc,SATRN
PG&E CORP,PCG
OKLAHOMA G&E CO,OGE
ZAMBIA TREASURY BILLS,ZATB
BLACKSTONE SECURED LENDING FUND,BXSL
AGC INC/JAPAN,ASAGLA
PROLOGIS EURO FINANCE,PLD
CP ATLAS BUYER INC,AMBATH
HONGKONG & SHANGHAI BK,HSBC
NOVOZYMES A/S-,NSISB 
Stonepeak Motion Holdco Limited,CSTRL
SEAH STEEL HOLDINGS CORP,SEAHST
LUOYANG SHENGSHI CON INV,MGSLCI
PORT OF NEWCASTLE INVEST,PONEIV
QINGDAO MUNI GOVT,QINGDA
CHICAGO US MIDCO III LP,NFPWEA
OFFICE PROPERTIES TRUST,OPI
NEO NEXT ENERGY GRP LTD,NEOENE
TEVA PHARMACEUTICAL INDUSTRIES LTD,TEVA
ICON INVESTMENTS SIX DAC,ICLR
FJ METALLURGICAL HLD,FJMLHC
INDAH KIAT PULP & PAPER,INKPIJ
CCCC THIRD HIGHWAY ENG,CCCCTH
NORDIC INVESTMENT BANK,NIB
Commonwealth Bank of Australia,CBAAU
JINAN JINTOU HOLDING,JNFIHG
LA BANQUE POSTALE,FRLBP
TIANCHANG AGRI DEV,SCJYFG
FEDERAL INTERNATIONAL FI,ASIIIJ
THURGAUER KANTONALBANK,THURBK
SK ON,TBD
CHINA MINSHENG BKG/HK,CHIMIN
DEUTSCHE TELEKOM AG,DT
CNNC FINANCIAL LEASING,CNNCFL
HONG KONG MORTGAGE CORP,HKMTGC
JS YUANBOYUAN CONS DEV,JSYBYC
LONDONMETRIC PROPERTY PL,LMPLN
SUMITOMO MITSUI TR PANAS,SUMITR
SHENMU STATE OWN ASSET,SMUSTA
VIPER ENERGY INC,VNOM
CREDIT AGRICOLE PUBLIC S,ACASCF
FINECO BANK SPA,FINBAN
"ServiceNow, Inc",NOW
HZ HITECH FINA INVST HLD,HZHTVI
ING BANK NV,INTNED
ESWATINI INFSTR BOND,ESWTIB
SPECAC INTERNATIONAL LTD,SPECCI
YIXIN GROUP LTD,YIXGRP
KAIYUAN SECURITIES,KAIYSE
GURMAT ELEKTRIK URETIM,GURELE
PETROBRAS GLOBAL FINANCE,PETBRA
NANTONG ECO & TECH DEV,NTETDE
SIMON GLOBAL DEVELOPMENT B.V.,SPG
BANK OF GUIYANG CO LTD,GUIYAN
JERSEY CENTRAL PWR & LT,FE
Horseshoe Funding Trust I & Horseshoe Funding Trust II,TBD
WEST NIPPON EXPRESSWAY,WESEXP
SHANDONG DEV INVEST,SHGUOH
BROOKFIELD PPTY FIN ULC,BPYUCN
EXMAR NETHERLANDS BV,PRELPP
RAYHOO MOTOR DIES,RAYHMD
SH PHARMACEURICALS HLD,SHPHAR
MEGHALAYA,MEGHAL
FINNVERA PLC,FINNVE
SHANGHAI SECURITES,SHAINT
NOT APPLICABLE,SHENZH
UK TREASURY BILL GBP,UKTB
ACONCAGUA ENERGIA SA,PEACAR
GANSU AGRIBUSINESS GRP,GSFARM
OAK-EAGLE ACQUIRECO,EA
BEUSA INVESTMENTS LLC,BEUSAN
"Pitney Bowes, Inc.",PBI
QI SHANG BANK CO LTD,QISHBK
Caisse Francaise de Financement Local SA,caffil
AVOLON,AVOL
MINISTRY OF FINANCE OF NORDRHEIN-WESTFALEN,NRW
ENFRAGEN SUR/CHILE/SPAIN,ENFRAG
YANTAI YEDA URBAN DEV GR,YTDSOA
TEST  DEAL - OCT RELEASE,DUM
PARAGUAY IRM,PYIRM
CN O GRAND OCEANS FIN V,COGO
CAPITAL ONE FINANCIAL CO,COF
JIANGSU QIANRONG INVST,JSQRIN
SUZHOU CONSTRUCTION INV,SZCONS
Ministry of Finance of the People's Republic of China,CHINA
HELVETIA SCHWEIZERISCHE,HBANSW
TALOS PRODUCTION INC,TALO
PERNOD RICARD SA,RIFP
MICRON,MU
KONINKLIJKE PHILIPS NV,PHIANA
JIANGSU FUXUAN INDUSTRIA,JIAFUX
SHANXI WATER DEV GRP CO,SXWATA
JADESTONE ENERGY UK PLC,JSELN
American Express,AXP
"Xylem, Inc.",XYL
COLUMBIA BANKING SYSTEM,COLB
ZHUZHOU KIBING GROUP,ZZKIBI
JPMORGAN CHASE & CO,JPM
CHINA OS GRAND OCEAN FIN,COGO
SDG FINANCE LTD,SDGOLD
MANPOWERGROUP INC,MAN
TRANSCOM HOLDING AB,TRNSCM
UZPROMSTROYBANK JSCB,SQBNZU
BANK OF RIZHAO CO LTD,RIZHBK
TT VARLIK KIRALAMA,TURKTI
ANHUI FORKLIFT TRUCK GRP,AHFKTK
LAZARD GROUP LLC,LAZ
JACKTEL,MAMANO
ODFJELL RIG  III LTD,ODLNO
CQ THREE GORGES BANK,CQTGBK
"Cox Asset Mexico, S.A. de C.V.",COXMEX
Met Tower Global Funding ,MET
VARBERGS SPARBANK,VARBRG
BURGAN SENIOR SPC LTD,BGBKKK
NINGBO CONSTRUCTION,NINBCN
WEST JAPAN RAILWAY CO,WJRAIL
PUBLIC SERVICE ENTERPRISE GROUP [PSEG],PEG
BIT DIGITAL INC,BTBT
WINDSTREAM SERVICES LLC,UNIT
DOM REP DOP BILLS,DRTB
VISTA OIL & GAS ARGENTIN,VISTAA
NSTAR ELECTRIC COMPANY,ES
SHANGHAI JINQIAO GROUP,JINQAO
AEON MALL CO LTD,AEONMA
XINGYE GOLD HK MININIG,CHIFEN
HUA YANG NEW ENERGY,YANGQU
Clariant International Financial Services (Luxembourg) S.à r.l.,CLNVX
GROUP 1 AUTOMOTIVE INC,GPI
CHORD ENERGY,CHRD
FUBON BANK CHINA CO LTD,FUBBAN
VICINITY CENTRES TRUST,VCXAU
ESTONIA GOVT BOND,ESTGB
TIANJIN MUNI GOVT,TIAJIN
JOY TRSR ASSETS HLD,ORIEAS
CQ INTL LOGISTICS HUB,CQLGST
JONKOPINGS KOMMUN,JONKOP
NOT APPLICABLE,ASSGEN
CH CONSTR 1ST BULDNG,CHCONS
NEW CHINA LIFE INSURANCE,NCHLII
Kommunalkredit Austria AG,KAFIN
Compania General de Combustibles S.A.,CGCSA
ARABIAN CTRS SUKUK IV,ARACEN
WI TREASURY BILL,WIB
HEFEI RAIL TRANSIT GROUP,HEFRAI
Skipton Building Society,SKIPTN
EXEDY CORP,EXEDY
KODIAK GAS SERVICES LLC,KGS
HUANGSHI DONGCHU INV GRP,HSDCIG
SUZHOU AGRICUL DEV GROUP,SUZHAG
FEDERAL REALTY OP LP,FRT
URUMQI CITY CONSTRUCTION,URUCCI
ZJ JXG HIGH TECH HOLDING,ZJJXHT
TAIZHOU FINANCE INV GRP,TZHFII
GLOBAL LOGISTICS PROPERTIES [GLP],GLPSP
EUROGRID GMBH,EUROGR
HANGZHOU INDUSTRIAL INV,HZIAMI
VIET BANK FOR SOCIAL POL,VBSP
LINK FINANCE CAYMAN 2009,LINREI
TSETSENS MINING & ENERGY,TSTSME
FEDERATIVE REPUBLIC OF BRAZIL,BRAZIL
SKANDINAVISKA ENSKILDA BANKEN AB,SEB
CLEANSPARK,TBD
KOMERCNI BANKA AS,KOMERC
Arkema SA,AKE FP
INDUSTRIAL BANK/HK,INDUBK
GRAND RIVER FND TRST II,JXN
KOREAN AIR LINES CO LTD,KOREAN
BENGBU INVT GROUP,BENBIN
SOFTBANK CORP,SOBKCO
SGS Finance B.V. ,SGSNVX
"Shui On Land, LTD",SHUION
Societe Generale,SOCGEN
Niagara Mohawk Power Corporation,NGGLN
BONOS DEL GOBIERNO,HONBG
TAIZHOU HAILING URBN DEV,TAIHAI
BPCE ASSURANCES SA,BPCEAS
GZ SOA OPERATION,GZASOP
FLUVIUS SYSTEM OP,FLUVIU
SOBHA SUKUK I HOLDING,SOBHA
MIRAE ASSET SECURITIES CO LTD,DAESEC
DAZHONG TRANSPORTATION,DAZHON
NICHICON CORP,NICHIC
Mizrahi Tefahot Bank Limited,MZRHIT
M2 ASSET MANAGEMENT,MASSET
HASBRO INC,HAS
AMERICAN WATER CAPITAL C,AWK
SOUTHERN CAL EDISON,EIX
LUZHOU BK,LZCOBK
BKV UPSTREAM MIDSTREAM L,BKVCOR
CHAOHU URBAN TOWN INV,CHAOHU
SHANGHAI ZHANGJIANG HIGH,ZHANGJ
BAKER HUGHES HLDGS LLC,BHI
ALUMINA PTY LTD,AA
SWITZERLAND T-BILL,SWISTB
TANGSHAN INDUSTRIAL HOLD,TSINDH
Truist Financial Corp,TFC
FIRST ABU DHABI BANK PJS,FABUH
CESKO OBCH BANKA(SLOVAK),CSOBSK
GEORGIA T-BILL,GEORTB
Yapi ve Kredi Bankasi AS,YKBNK
BONO TESORO BONCAP/TAMAR,BONTAM
CHINA EVERBRIGHT LTD,CHINEV
CX INDUSTRIAL INVES DEVE,CXINIV
NORTHWESTERN MUTUAL GLOBAL FUNDING,NWMLIC
PRIMA BANKA SLOVENSKO AS,PKBSK
HELVETIA BALOISE HLDG,HBANSW
Allison Transmission Inc,ALTRAN
YZ GREEN INDUSTRY,YZGREE
CHINA WUYI,CNWUYI
Travelers Cos Inc/The,TRV
"Prologis Targeted U.S. Logistics Fund, L.P.",PLDTLF
"The Mauritius Commercial Bank, LTD",MCBMP
TIAN HENG DEVELOPMENT GR,BJTHDG
COMISION EJ HI RIO LEMPA,CELELS
AMPRION,TBD
COOPERATIEVE RABOBANK UA,RABOBK
WENZHOU IND ENERGY DEV,WZMUNI
ZHEJIANG MYBANK,ZJMBCL
GAIA PURCHASER INC,AMXGBT
Drawbridge Special Opportunities Fund LP,DRAWBR
FJ PUTIAN RURAL BK,FJPTBK
CIMIC Finance Limited,CIMAU
VOLTAGRID LLC,VOLTAG
MIZUHO BANK LTD/SYDNEY,MIZUHO
SHENZHEN EXPRESSWAY,SZEXPR
LOCKHEED MARTIN CORP,LMT
NORWEGIAN T-BILL,NGTB
OTP BANK,OTPB
WELL HEALTH TECHNOLOGIES,WELLCN
ROSINO FINANCIAL LEASING,SIPHCF
SUMITOMO MITSUI BANKING,SUMIBK
BANCO LATINOAMERICANO SA,BLX
CETC INVEST HOLDINGS,CHELTE
HOLMEN AB,HOLMSS
ING BANK HIPOTECZNY SA,INGPW
His Majesty's Treasury,UKTI
XIANGCHENG INV GP LTD,CDXCIG
NOT APPLICABLE,GUANGD
FUTURE PLC,FUTRLN
HALEON US CAPITAL LLC,HLNLN
Evergy Kansas Central Inc,EVRG
SM Energy Company,SM
Carlsberg Breweries AS,CARLB
STENHUS FASTIGHETER I NO,SFAST
PAR PETROLEUM LLC,PARR
GD RAILWAY CONS INVT GRP,GDRAIL
TONGFU MICROELECTRO,TFMCRE
CHINA RAILWAY INV GRP CO,ZTTZJT
SHENZHEN SEZ CONSTRUC GR,SZSECG
ALM EQUITY AB,ALMSS
Flutter Treasury Designated Activity Company,FLTR
ANZ,ANZBGL
SZ PINGSHAN CITY CONS,SZPSCI
BEIJING STATE-OWNED ASSE,BJSTAT
SC INDUS REVITALIZATION,SCIPDI
KOREA INV & SECS CO LTD,DFHOLD
KBC INSURANCE - RM,KBCBB
Dell International L.L.C. and EMC Corporation,DELL
ZHUZHOU JINCHENG INV HD,JCINVH
INT DEVELOPMENT FIN CORP,DFC
"Block Communications, Inc.,",BLOCKC
DNB NOR BANK ASA - NORWAY,DNBNO
DMG MORI CO LTD,MORSEI
SK IE TECH CO LTD,SKIETE
CIBUS NORDIC RE AB,CIBNRE
ALGERIA TREASURY BILL,ALGERB
JRTT,JRCTTA
CITIGROUP GLOBAL MARKETS,C
Emirates NBD Bank (P.J.S.C),ENBD
SLOVENSKE ELEKTRARNE,SENSK
COSMO ENERGY HLD,COSENE
GRANITE CONSTRUCTION INC,GVA
KIWOOM F&I CO LTD,KWMFNI
NARA PREFECTURE,NARA
STOREBRAND ASA,STBNO
LOTTE PROPERTY & DEVELOP,LOTCOR
PREMIUM WATER HOLDINGS I,WTRDIR
CQ XSQ URBAN CON DEVELOP,CQXHUC
THE NEW HOME COMPANY INC.,NWHM
Alphabet Inc.,GOOGL
QINGHAI ENERGY DEV,QHENGY
SHEYANG URBAN CONSTRUCT,SHCICO
HELLENIC REPUBLIC,GGB
GREENTOWN REAL ESTATE,GRNCH
ITHACA ENERGY NORTH,IAECN
TIANMUHU GROUP,TMHUGP
NEDERLANDSE GASUNIE N.V.,NEGANV
KENNEDY-WILSON INC,KW
"Essential Utilities, Inc.",WTRG
FORTUNA FUNDING CR,FRTFUN
General Motors Financial Co Inc,GM
CHS/COMMUNITY HEALTH SYS,CYH
HUZHOU BANK,HZBANK
AYDEM YENILENEBILIR ENERJI AS,AYDEMT
HAWK FINANCE [DO NOT DELETE],TBD
SINOLONG NEW MATERIALS,SILGNM
VEGFINANS VESTFOLD OG,VVOGTM
Aroundtown SA,ARNDTN
ENCORE CAPITAL GROUP INC,ECPG
HDFC BANK LTD/GIFT CITY,HDFCB
GUANGDONG HOLDINGS LTD,GDINV
TURKIYE  GOV GOLD BOND,TURKGD
TIBET AUTO REGION GOVT,TIBETB
GUARDANT HEALTH INC,GH
POWERCN ECO-ENVIRONMENTA,PWCNEC
EXTENDICARE INC,EXECN
Threelands Energy Ltd S.a. r.l. ,TBD
GUANGXI BEIBU GULF BANK,GXBBGB
SOUTHERN COPPER CORP,SCCO
TURKIYE CENTR BANK BILL,TURKCB
SHANDONG ENERGY CO,YGCZCH
XIAMEN STATE OWNED CAPIT,XMSTCO
CN TV BROADCAST HEBEI,HEBTVI
LAND NIEDEROESTERREICH,NIEDOE
Rocket companies,RKT
LAND NIEDERSACHSEN,NIESA
PLS GROUP LTD,PILMIN
ENITY BANK GROUP AB,BLSTEP
GENERALI,GIM
WUXI RURAL COMMERCIAL BK,WXRUCB
EW SCRIPPS CO,SSP
CNBM UNITED INVESTMENT,CNBMUI
SPAREBANKEN NORGE,SVEGNO
SIERRA LEONE GOVT BONDS,SLGB
Oversea-Chinese Banking Corporation Limited,OCBCSP
BARINGS PRIVATE CREDIT,BARPCC
"Sumitomo Mitsui Trust Group, Inc",SUMITR
PEGADAIAN PERSERO PT,PPGDIJ
META PLATFORMS INC,META
PLANET FINANCIAL GROUP,PLNFIN
BANK OF VALLETTA PLC,BOVMV
CASSA DEPOSITI E PRESTITI SPA-ROME HEAD OFFICE,CDEP
MONGOLIAN GOVT BOND,MONGGB
DONGYANG ST ASSET INV,DONGCI
Land Nordrhein-Westfalen,NRW
GHANA CENTRAL BANK BILL,GHCB
EVERBRIGHT SECURITIES,EVBSE
Prime Data Center,Prime Data Center
GEMEINSCHAFT DEUTSCHER LAENDER,LANDER
ALERION INDUSTRIES SPA,ARNIM
ITALMATCH CHEMICALS SPA,FIREBC
SOLOMON ISLANDS TREASURY,SOLTB
XIAOSHAN RURL COMM BANK,ZJXSRB
ZJ TECH VENTURE CAPITAL,SHZJVC
BOYD GROUP SERVICES INC,BYDCN
HUADIAN POWER INTL CORP,HUADIA
"Pioneer OpCo, LLC",TBD
BANQUE NATIONALE DU CANADA - BANK - CANADA,NACN
PING AN BANK CO LTD,PINANI
NISSAN MOTOR ACCEPTANCE,NSANY
BZ SMART CITY OPERATION,BIZHSC
SAUDI REAL ESTATE,SARSTA
CDW LLC/CDW FINANCE,PRELPP
DAZHOU INVESTMENT CO,DAZHIN
EUROPEAN UNION,EU
EEW Energy from Waste GmbH,EONWGR
CNH INDUSTRIAL CAP LLC,CNHI
ATI Inc,ATI
WESTPAC BANKING CORP NY,WSTP
MICHAELS COS INC/THE,MIK
MAPFRE SA,MAPSM
UNICAJA BANCO SA,UCAJLN
HANGZHOU UNITED RURAL BK,UNIRUR
Interstate Power & Light Company,LNT
Xcel Energy Inc. ,XEL
MUYUAN FOODSTUFF CO LTD,MUYUAN
NOT APPLICABLE,ZIGGO
SHANGHAI FUDAN ELEC,SHFUDM
CN CONS 7TH ENGINEER DIV,CONSEV
NOT APPLICABLE,XZETDZ
CI FINANCIAL CORP,CIXCN
Verizon Communications Inc.,VZ
TOYOTA TSUSHO AMERICA IN,TOYOTS
Societe Nationale SNCF,SNCF
JIANGXI EXPRESSWAY INVST,JEIDHZ
FEDEX CORPORATION,FDX
MOTOROLA SOLUTIONS INC,MSI
MAPLETREELOG TR CO PTE L,MLTSP
TAG Immobilien AG,TEGGR
MORGAN STANLEY BANK NA,MS
PK 1Y HYBRID SUKUK,PKHSL
XIZANG TIANLU CO LTD,XZTNLU
Southern Power Company,SO
"Blue Owl Finance, LLC",BOF1
QIC CAYMAN LTD,QATIQD
SVENSKA HANDELSBANKEN - SWEDEN,SHBASS
Svenska Handelsbanken,SHBASS
Brooklyn Union Gas Co/ The,NGGLN
Landeskreditbank Baden-Wuerttemberg -Foerderbank-,LBANK
GREENALIA SA,GRENAL
"Aldar Investment Properties, LLC",ALDAR
MAPLE PARENT HOLDINGS CORP.,KDP
Industrial and Commercial Bank of China Ltd. (Luxembourg branch),ICBCAS
CENCORA INC,COR
JIANGXI RAILWAY AVIA INV,JIAPRO
BANK OF ENGLAND,BOEN
SONY GROUP CORP,SNE
MOZAMBIQUE T-BILLS,MOZTB
NEC CORPORATION,NECORP
BANGLADESH TBILL,BANGTB
SC ZIPINGPU DEVELOPMENT,SCZPDC
AYVENS SA,AYVFP
TOTALENERGIES SE,TTEFP
BANK GOSPODARSTWA KRAJOW,BGOSK
EISAI CO LTD,EISAI
Republic of Finland,RFGB
SABLE OFFSHORE CORP,SOC
DIVERSIFIED HEALTHCARE T,DHC
HZ XIAOSHAN INTL AIRPORT,HZXSIZ
SOUTHERN NATURAL GAS,SONGAS
TIBET CONSTR ENG BUILD,TBCEBM
SHENZHEN GAS CORP LTD,SHZGAS
POSTEN BRING AS,POSTEN
HYBAR LLC,REEBAR
EQUINIX ASIA FIN CORP,EQIX
CHINA EASTERN AIRLINES,CHIEAS
HUANENG RENEWABLES,HUANEN
TURKIYE IS BANKASI AS-ISTANBUL HEAD OFFICE,ISCTR
CITY SERVICE SE,CTYSRV
Swiss Life Finance II AG,SLHNVX
TELEVISAUNIVISION INC,UVN
WH JA STE OND AST MGT,JIANGA
Government of the Province of Saskatchewan,SCDA
SHUMYIP INFRAS CONS HLD,SHUMYI
CHINA EVERBRIGHT GROUP,CHINEV
HOWDEN UK REFINANCE / US,HWDGRP
Dubai Aerospace Enterprise,DUBAEE
HARVEST MIDSTREAM I LP,HARMID
SK BROADBAND CO LTD,HATELE
PT BANK TABUNGAN NEGARA,BBTNIJ
SONGZI JINRONG INV HLD,HBSZJS
Merck & Co Inc.,MRK
NEIGHBORHOOD INTELL INC,NXH
CHINA NATIONAL MACHINERY,CHMACH
DIGI ROMANIA SA,RCSRDS
HITEJINRO HOLDINGS CO,CHOBRE
HSBC HOLDINGS PLC,HSBC
CANADIAN IMPERIAL BANK,CM
CHINA CONSTRUCTION,CNCSTI
ONCOR ELECTRIC DELIVERY COMPANY,ONCRTX 
ZUNYI TRAFFIC TRAVEL INV,ZYTOUR
ITRON INC,ITRI
NATIONWIDE BUILDING SOCIETY,NWIDE 
XINJIANG ZHONGTAI GROUP,XJZHTA
GLOBAL NEW MATERIAL,GNMIHL
SHANDONG HEAVY IND,SDHEAV
EUROBANK ERG SVCS HLDGS,EUROB
BANK OF HANGZHOU CO LTD,BKOFHZ
HUZHOU COMMUNICATIONS IN,HZHCOM
GUIZHOU WUJIANG HYDRO DE,HUADIA
WEC Energy Group Inc,WEC
CCCC TJ DREDGING,CHCOMU
GUOSEN SECURITIES,GUOSEN
LUMINOR BANK AS-TALLINN HEAD OFFICE,LUMINO
KUNSHAN HITECH GROUP,KSHTAO
JIANGSU HUAJING ASSET MT,JSHUJI
ALTALINK LP,ALTALK
AKTIENGES KERN BETEIL,AKEB
TMD Friction Group GmbH,TBD
SULTANATE OF OMAN,OMANTB
HANGZHOU JINTOU LEASING,HZJTLS
KENTUCKY UTILITIES COMPANY,PPL
EUTELSAT COMMUNICAT SACA,ETLFP
COMMERCIAL BANK PSQC/THE,CBQKQD
"PulteGroup, Inc",PHM
DAIMLER TRUCK FINAN NA,DTRGR
ACCOLADE FINCO CZECH 2,ACCFIN
VIA OUTLETS BV,VIAOUT
BANCO NACIONAL DE MEXICO S.A.,BANMEX
RMK ENERGY TBK PT,RMKENE
TROY COS INTERNATIONAL,TROYCO
Close Brothers Group plc,CBGLN
INTERNATIONAL FINANCE FACILITY FOR IMMUNISATION COMPANY,IFFIM
URUMQI PUBLIC TRANSPORT,URPUTR
BROOKFIELD FIN II INC,BNCN
DALIAN MUNI GOVT,DALIAN
DIAGEO FINANCE PLC,DGELN
"MORGAN STANLEY PRIVATE BANK, NA [NEW YORK]",MS
WEIHAI BANK,WEIHAI
FIBRA SOMA ,FISOMA
JIGSAW BIDCO AS,JIGBID
SOUTHWESTERN PUBLIC SERV,XEL
Euronext N.V.,ENFXP
"RWE Finance US, LLC",RWE
CARDS II TRUST,CARDS
ABERTIS INFRAESTRUCTURAS FINANCE B.V.,ABESM
Corp Nacional Del Cobre de Chile,CDEL
VERALTO CORP,VLTO
EUROFIMA - European Company for the Financing of Railroad Rolling Stock,EUROF
CONTACT ENERGY LTD,CENNZ
KLP KOMMUNEKREDITT AS,KLPKOM
NEW ZEALAND LOCAL GOVERNMENT FUNDING AGENCY - NEW ZEALAND,NZLGFA
DUMMY TEST August 28,DUMMYTEST
VIRGIN MEDIA O2 VEND FIN,VMED
MALAWI T-NOTE,MALWTN
MIZUHO LEASING CO LTD,IBJLS
"NUVEEN, LLC",TIAAGL
SCIENCE CITY GUANGZHOU,GZDZCD
Westpac Banking Corporation,WSTP
Test deal 1,DUMMYTEST HSBC
BNK FINANCIAL GROUP INC,BSFINA
BJ ERSHANG MEAT FOOD,BJESMF
ZHEYIN FIN LEASING,ZJZYFL
VoltaGrid LLC,VOLTAG
SUZHOU CAPITAL GROUP CO,SUZCAP
ELM BV FOR JULIUS BAER,BAERVX
FIBERCOP SPA,FIBCOP
ORANGE COUNTY BANCORP,OBT
TRANSDIGM INC,TDG
KOREA LAND & HOUSING COR,KOLAHO
TREASURY CERTIFICATES,BGTB
DRC INTERNATIONAL BOND,DRCIB
ORACLE CORP,ORCL
THE SHERWIN-WILLIAMS CO,SHW
SANTANDER UK GROUP HLDGS,SANUK
CITY OF TORONTO CANADA,TRNT
BOLIVIAN TREASURY BOND,BOLGB
LATVENERGO AS,LATVEN
NINGBO OCEAN SHIPPING CO,NBOCEA
HS UNIVERSIT CITY SO INV,HSUCSO
GUANGAN DEVELOP& CONSTRU,GANDEV
CHANGJIZHOU ASSET INV,CHJIZ
GANSU LOGISTICS GROUP,GSLOGI
CHUZHOU ECO TECH DEVELOP,CZETDG
TIANQI LITHIUM CORP,TQLTHI
International Development Association,FINNVE
Georgia Power Company,SO
FIRST QUANTUM MINERALS L,FMCN
ASN Bank,ASNBNK
CREDIT UNION AU LTD,CRUNAU
ALLREAL HOLDING AG,ALLNSW
Kommunalbanken AS - KBN,KBN
WISDOMTREE INC,WT
"RXO, Inc.",RXO
AZERBAIJAN TREASURY BILL,AZERTB
ENERGEAN PLC,ENOGLN
NOTA DO TESOURO NACIONAL,BNTNB
MORROW AB,MORWAB
Riyad Sukuk Limited,RIBL
SRI LANKA T-BILL,SRILTB
TOCHIGI PREFECTURE,TOCPRE
QINGDAO SHANGHE HLD DEV,QDSHHD
OCEANICA LUX,OENCBZ
Mitsubishi HC Capital UK PLC,HITCAP
TENAGA NASIONAL BERHAD,TNBMK
COUNTRY OF ITALY,TBD
DONGYING FIN INV GROUP,DYFIIN
"DOMINION ENERGY SOUTH CAROLINA, INC.",D
W. P. Carey Inc.,WPC
PURE DATA CENTRES GROUP,PUREDC
DNB BOLIGKREDITT AS,DNBNO
"Indonesia, Republic of",INDON
Principal Financial Group Inc,PFG
"VSP OPTICAL GROUP, INC.",VSPOPT
CQ HUAXIN ASSET MANGT,CHOJIA
COMMUNITY OF MADRID SPAI,MADRID
LEIDOS INC,LDOS
KOREAOVERSEAINFRA,KINDC
KINGPIN INTERMEDIATE HOLDINGS LLC,LUCK
CITIBANK NA,C
YINCHUAN CONSTRUCT INVES,YCPBHD
Basque Government,BASQUE
ALTERNATIFBANK AS,ALNTF
STATE TREASURY OF THE REPUBLIC OF FINLAND,RFGB
CAMDEN PROPERTY TRUST,CPT
LUOYANG DEVELOP INV GR,LYNDIN
SHANDONG ENERGY GRP CONS,YKDHCC
KEIHAN HOLDINGS CO LTD,KEIHAN
JIAXING CITY INV & DEV,JXCCMZ
CHINA RESOURCES BUILDING,CHRESO
National Bank of Oman,NBOBOM
BOOTS GROUP FINCO LP,BOOTFN
INTEA FASTIGHETER AB,IBTFAS
KR SMES & STARTUPS AGEN,SMIND
Wynnton Funding Trust & Wynnton Funding Trust II,AFL
Capital One Financial Corporation,COF
NEDER WATERSCHAPSBANK,NEDWBK
TELUS Corporation,TCN
HALOZYME THERAPEUTICS IN,HALO
USA COMPRESSION PARTNERS LP / USA COMPRESSION FINANCE CORP,USAC
Evergy Missouri West Inc,EVRG
BANK OF BEIJING CO LTD,BOBJ
SNF GROUP,SNFF
Dell Bank International Designated Activity Company,DELL
TELEVISAUNIVISION INC,UNV
NETHERLANDS GOVERNMENT,NETHER
QUANZHOU STATE OWNED ASS,QZUCIN
BONOS TESORERIA PESOS,BTPCL
AT&T INC,DUMMYTEST
HUAIHE ENERGY HOLDING GR,HHEGHG
JGC HOLDINGS CORP,JGC
ZB ZD STATE ASSETS OPERA,ZZSOAO
REPUBLIC OF COTE D'IVOIR,IVYGB
TZ HUACHENG MED INV GRP,TZHCMI
MAREX GROUP PLC,MARGRO
JERA CO INC,JERA
VIKING CRUISES LTD,VIKCRU
MANULIFE FINANCIAL CORP,MFCCN
RADIANCE GROUP CO LTD,JNHUIG
BANCO ITAU CHILE/NY,ITAUCL
DXC TECHNOLOGY CO,DXC
Standard Chartered Bank (Singapore) Limited,STNCSG
royal bank of canada,RY
ABBVIE,ABBV
KBG Group NV,KBCBB
JAPAN AIRPORT TERMINAL,JAPAIR
CCCC FIRST HIGHWAY ENGIN,CCCCFH
HINES EUROPEAN CORE FUND,HECFLX
UGANDA T-BILL,UGANTB
BOSTON PROPERTIES LP,BXP
EVOLENT HEALTH INC,EVH
CAVALIER ACQUISITION,CAVACQ
YES BANK LTD,YESIN
EVERGY KANSAS CENTRAL,EVRG
PUB SVC NEW HAMP,ES
VERISIGN INC,VRSN
RIYAD BANK,RIBL
PSEG POWER LLC,PEG
"SK Battery America, Inc.",SKBTAM
KBC Group NV,KBC Corp
GSK CAPITAL BV,GSK
SICHUAN GUANGAN AAA PCL,GANAAA
Truist Financial Corporation,TFC
JACOBS SOLUTIONS INC,J
Symrise AG,SYMRIS
"Qnity Electronics, Inc.",TBD
TRAVERE THERAPEUTICS INC,TVTX
HEFEI BINHU CONTR INV,HFBNHU
OFFICE PROPERTIES INCOME TRUST,OPI
SEAH STEEL CORPORATION,SEAHST
SWEDISH GOVERNMENT,SGB
NATIONAL BANK OF CANADA,NACN
AMER AGCREDIT FLCA/PCA,AAGACA
PING AN PPTY & CSLTY INS,PINGPC
REPUBLIC OF COTE D'IVOIRE,IVYCST
AGENCE FRANCE LOCALE,AFLBNK
YUNNAN ENERGY INVESTMENT,YNENEI
BANK OF KUNLUN,BOKLUN
TURKIYE T-BILL,TURKTB
MKS INC,MKSI
TONG-YEOUNG ECO POWER,TYECOP
Standard Building Solutions Inc.,BMCAUS
DRBS test,DRBS
KYOBO SECURITIES,KYOBOS
MONGOLIA INTL BOND,MONGOL
YANGZHOU URBAN CONSTRUCT,YZHINV
JOHNSONVILLE COMBUSTION TURBINE,JACTGL
HYUNDAI ENGINEER & CONST,HYNENC
OMA SAASTOPANKKI OYJ,OMASST
CN POWER ENGINEERING CON,CNPECG
TOKYO HOUSING SUPPLY COR,TMHS
Air France-KLM,AFFP
HUNAN TV & BROADCAST,HNTVBR
VASTERAS (CITY OF),VASTER
KOLON INDUSTRIES INC,KOLONT
"PR RNO PROPERTY OWNER 1, LLC",TRACTC
NATIONAL SECS CLEARING,NSCCLF
ZHONGYUAN ASSET MGMT,ZYAMCL
GLENCORE FUNDING LLC,GLENLN
TYCO ELECTRONICS GROUP,TEL
FINNING INTL INC,FTTCN
John Deere Capital Corp,JDCC
XIANGYANG HI TECH INVT,XYANHI
TAKUNI GROUP PCL,TAKUNI
NRG ENERGY INC,NRG
Mercedes-Benz Finance North America LLC,MBGGR
HF NORTH CITY CONS INV,HFNCCI
BJ SPC ENVIRONMENTAL,BJSPCE
PROLOGIS YEN FINANCE,PLD
GA GLOBAL FUNDING TRUST,GBLATL
Standard Chartered PLC,STANLN
PT Bank Mandiri (Persero) Tbk,BMRIIJ
VEON MIDCO BV,VEONHD
GUANGZHOU ASSET MNMT,GZAMCL
MAF SUKUK LTD,MAFUAE
CHC FINANCE PTY LTD,CHCFIN
INDONESIA TREASURY BILL,INDOBL
SUMITOMO CHEMICAL CO,SUMICH
SMBC AVIATION CAPITAL LTD,SMBCAC
PIONEER OPCO LLC,VENRES
SPARKASSE IN BREMEN,SPKBRE
ZJ NEW ENERGY INVESTMENT,ZJNEEN
ING Bank N.V.,INGA
VENTIA FINCO PTY LTD,LSDECO
COLUMBIA PIPELINE HOLDCO,CPGX
Dave test,DAVE
CENTRAL AFRICAN REP GOVT,CAFGB
XJ INVEST DEVELOP GR,XIJIND
"Light and Wonder International, Inc.",LNW
HANA BANK,KEBHNB
BANK OF MOLDOVA CERTIFIC,MOLDBC
KAIFENG ECO TECH DEVE GR,KFECTE
RIO GRANDE LNG LLC,RIOLNG
NATWEST,NWG
LPBI,LIEPBI
NONGHYUP BANK,NACF
TAIHAN ELECTRIC WIRE CO,TAIHAN
DSM BV,DSFIR
HF HENGCHUANG IT CO LTD,HFHCIT
HENAN AIRPORT INV CO,ZZAIRI
SPACE EXPLORATION TECH,SPCX
Amkor Technology Inc,AMKR
SHENZHEN SF TAISEN HLDS,SZSFTS
NOT APPLICABLE,TOKYO
Highwoods Realty Limited Partnership,HIW
LEVI STRAUSS & CO,LEVI
Staatskanzlei und Ministerium für Kultur des Landes Sachsen-Anhalt,SACHAN
OC OERLIKON CORP AG PFAF,OERLSW
SUPER MICRO COMPUTER INC,SMCI
Airbus SE,AIRFP
NANJING METRO,NJMETR
DNB Bank ASA,DNBNO
LAND SCHLESWIG-HOLSTEIN,SCHHOL
GUANGXI XIJIANG DEV INV,XZAPYZ
GS ENG & CONS CORP,GSENGI
Unibail-Rodamco SE,URWFP
STONEBRIAR ABF LLC,STNABF
WESTPAC NEW ZEALAND,WSTPNZ
HUBEI SCI TECH INVT,WHGBIO
KB CAPITAL CO LTD,HANMIL
WINDFALL MINING GROUP,GFISJ
STATE BANK INDIA/LONDON,SBIIN
JIANGXI SANXIN MEDTEC,JXSXME
TOYOTA MOTOR CREDIT CORP,TOYOTA
BOKF NATIONAL ASSOCIATION,BNKOKL
"TAILORED BRANDS, INC.",TBD
HANWHA Q CELLS AMERICA,HWQCUS
DAIMLER TRUCK FI CANADA,DTRGR
COUNTRY OF DENMARK,TBD
FIRST CITIZENS BANCSHARES INC,FCNCA
LANDSBANKINN HF-REYKJAVIK HEAD OFFICE,LANBNN
BRITISH COLUMBIA PROV OF,BRCOL
ALTAGAS SERVICES US INC,ALACN
GANSU RAILWAY INV CON,GSRWIC
YPF SOCIEDAD ANONIMA,YPFDAR
Fedrigoni SpA,TBC
HENGAN INTL GROUP CO,HENGAN
TEAM SERVICES HLDG INC,TEAPUB
SYMETRA LIFE INSURANCE,SYMLIR
KOHLS,KSS
JS WUJIN ECONOMIC DEV,JSWUJI
NORTH UNITED POWER CORP,HUANEN
SAMYANG PACKAGING CORP,SAMPAC
SLOVAKIA GOVERNMENT BOND,SLOVGB
CHENZHOU BAIFU INV,CHZHBF
Golub Capital BDC Inc,GBDC
Pacific Gas & Electric Company,PCG
Nidda Healthcare Holding GmbH,SAZGR
MERITZ FINANCIAL GROUP,MERIFN
Duke Energy Florida LLC ,DUK
YUEXIU REIT MTN CO,YXREIT
TONGWEI CO LTD,TONWEI
STINGRAY COMPUTE,CIFR
UNION ELECTRIC COMPANY DBA AMEREN MISSOURI,AEE
BEIJING INFRASTRUCTURE,BEIJII
Republic of the Philippines,PHILIP
OMV AG,OMVAV
MDGH GMTN RSC LTD,MUBAUH
GLENCORE CAP FIN DAC,GLENLN
KAWASAKI CITY,KAWCTY
HUNAN XIANGYIN RURAL BK,HNXYRB
GANSU HIGHWAY AVIATION,GSHIAV
SH XINHUA FAXING GROUP,SHXHFX
PIEDMONT OPERATING PARTN,PDM
FUZHOU MUNI SOA INV HOLD,FZCIIN
CHINA RAILWAY GROUP LTD,CHRAIL
NEXUS INDUSTRIAL REIT,NXRCN
"Blue Owl Finance, LLC",OWL
BLOGIS HOLDING CO LTD,BAOWAN
Canadian Imperial Bank of Commerce,CIBC
VERBUND AG,VERAV
SHIBUSAWA LOGISTICS CORP,SHIBWH
DUMMY TEST DRB,DUMMYTEST
Sumitomo Mitsui Banking Corporation,SMBC
PSA TREASURY PTE LTD,PSASP
KOREA EAST-WEST POWER CO LTD,KOEPW
CIGNA,CI
HONGSHI GROUP CO LTD,HONSHI
ALLEGIANT TRAVEL CO,ALGT
BANCO C6 SA,BNKSIX
IMPLENIA AG,IMPNSW
"Sage Group Plc, The",SGELN
HONDA MOTOR CO LTD,HNDA
E-MART INC,EMART
Province Of British Columbia Canada Interest Strip,BRCOL
"Mobiliare Latam, S.A.",MOBLMC
BMW Finance NV,BMW
SOPAIPILLA INVESTOR LLC,TXEDCI
CAIXA GERAL DE DEPOSITOS,CXGD
TECHNIP ENERGIES NV,TEFP
ONTO INNOVATION INC,ONTO
GOVERNMENT OF THE REPUBLIC OF TRINIDAD AND TOBAGO,TRITOB
SHAANXI BOND INSURANCE,SXCREN
GA Global Funding Trust,GBLATL
BOZHOU URBAN CONS,HZYIJU
AH CONST ENG GP HOLDING,AHCONS
Federal State of Lower Saxony,NIESA
EDP-Energias de Portugal SA,EDPPL
ELI LILLY & CO,LLY
GODO STEEL LTD,GODO
MERCHANT BK OF SRI LANKA,MERBSL
TX RURAL BANK,TXRUCB
ALD S.A.,AYVFP
LENDLEASE ASIA TREASURY,LLATSY
Tecpetrol S..A.,TECPET
TOKYO GAS CO LTD,TOKGAS
La Poste S.A.,FRPTT
IND & COMM BK OF CHINA,ICBCAS
COMMONWEALTH BANK OF AUSTRALIA - BANK - AUSTRALIA,CBAAU
VIPER ENERGY PARTNERS LL,VNOM
VAMOS EUROPE,VAMOBZ
GX BEIBU GULF INVEST,GXGULF
BUNDESOBLIGATION,OBL
AIR CHINA LTD,AIRCHI
FIDELITY NATIONAL INFORMATION SERVICES INC,FIS
SX KEQIAO STATE OWNED,KQSOAI
NINGXIA AUTO REGION GOVT,NINGXI
KREDITANSTALT FUR WIEDERAUFBAU,KFW
NOT APPLICABLE,WHGHJT
CROATIAN TREASURY BILLS,CROTB
PAKISTAN INVEST FLOAT,PKFLGB
Barclays Bank PLC,BARC
GOVERNMENT OF JAMAICA,JAMAN
NTT FINANCE CORPORATION,NTT
CRELAN SA-BRUSSELS HEAD OFFICE,crelan
PROVINCE OF ALBERTA,ALTA
"Piedmont Operating Partnership, LP",PDM
EquipmentShare.Com Inc ,EQPT
LOXAM SAS,LOXAM
TeamSystem SRL,TBC
BOC FINANCIAL LEASING CO,BOCFIL
CHINA SOUTHERN AIRLINES,CHISOU
OFFICE CHERIFIEN DES PHO,OCPMR
QINGDAO RURAL BANK,QDRCBK
HECIC NEW ENERGY,HECICN
WEIFU HIGH-TECHNOLOGY GR,WEIFHT
HEILONGJIANG PROVINCE GO,HEILOJ
OBOS BBL,OBOS
ZHONGGUANCUN SCI,ZGCSTL
GUANGXI GUIGUAN ELECTRIC,GUIGUA
ZC SC CULTURAL TOURISM,ZCSCTG
BANK OF CHINA HONG KONG,BOCHKL
Export-Import Bank of Korea,EIBKOR
Healthpeak OP LLC,DOC
HONGKONG ELECTRIC FIN,HKE
HUANGSHI URBAN DEVELOPME,HSUDIG
NEDERLANDSE WATERSCHAPSBANK NV - NETHERLANDS,NEDWBK
HEIDELBERG MATERIALS AG,HEIGR
SIERRA PACIFIC POWER CO,BRKHEC
TSINGHUA TONGFANG CO LTD,TSIGTF
BANK OF HUNAN,BANKHN
CLOUD SOFTWARE GRP INC,TIBX
"The Men's Wearhouse, LLC",TLRD
YZ HANJIANG CONSTR DEV,YZHJUC
STOCKLAND TRUST,SGPAU
LEASYS ITALIA SPA,LEASYS
SC JS LEASING,SCJDIF
TRELLEBORG AB,TRELB
IM FINANCIAL GROUP,DGBFGI
HCA Inc.,HCA
PRISMA PROPERTIES AB,PRIPRO
SIB SUKUK CO III LTD,SIB
AH WAN TOU PROPERTY,AHWTPR
Oesterreichische Kontrollbank Aktiengesellschaft,OKB
AES ESPANA BV,AES
BNP PARIBAS ALM,BNPPA
LESOTHO GOVERNMENT BOND,LESOGB
IQVIA INC,IQV
Lincoln National Life Insurance,LNC
CHINAORIENTASSETMGMT,COAMCO
ADVANCE AUTO PARTS,AAP
GZ CON INV HOLDING,GZJKTZ
ROBINHOOD MARKETS INC,HOOD
BIHAR,BIHAR
TAISHAN FIN INTNL,TAIFIN
TANZANIA GOVT BOND,TANZGB
QINGDAO OCEAN INV,QDHXIN
AP MOLLER-MAERSK A/S,MAERSK
Velocity Financial Inc,VEL
SHIZUOKA GAS CO LTD,SHIZGA
WUXI COMMUNICATIONS INDU,WUXICO
ICHIGO INC,ASSETM
NATIONAL AUSTRALIA BANK LIMITED,NAB
JIASHAN GUOCHUANG CAP HD,JSGCCA
LUCID GROUP INC,LCID
UNION BANK OF INDIA DIFC BRANCH,UNBKIN
"American Airlines, Inc.",AAL
AGC,ASAGLA
KOREA CREDIT GUARANTEE FUND - RM - SOUTH KOREA,KOCRGF
COLUMBUS MCKINNON CORP,CMCO
Axis Bank Limited/Gift City,AXSBIN
GUIZHOU QIANYUAN POWER C,GZQYPW
BANCA SELLA HOLDING,BNSELL
EGYPT DOMESTIC SUKUK,EGSUK
GREENTOWN CHINA HLDGS,GRNCH
"HLF Financing SARL, LLC",HLF
KB SECURITIES CO LTD,HYUSEC
BANCO BILBAO VIZCAYA ARG,BBVASM
ZHONGRAN INVESTMENT,CNGAS
QZ TRANSPORTATION DEV,QZTRDV
EURAZEO SA,RFFP
JAPAN (5 YEAR ISSUE),JGB
Australia and New Zealand Banking Group Ltd,ANZBGL
Australia and New Zealand Banking Group Ltd,ANZ
CCF Holding,CCFHLD
New England Power Company,NGGLN
GOTION HIGH TECH,GYHITE
EURONEXT NV,ENXFP
ALLTUB GROUP SAS,ALLTUB
STEDIN HOLDING NV,STEDIN
BANQUE FEDERATIVE DU CREDIT MUTUEL SA,BFCM
SOUTH WEST WATER FIN PLC,PNNLN
ATLANTICA SUSTAINABLE  INFRASTRUCTURE GROUP PLC,AY
JAPAN GOVT CPI LINKED WI,WIJI
AZORRA FINANCE,AZORRA
HENGLI PETRO,HLPTRO
ZIBO HIGH TECH CITY DEV,ZBHIGH
Piraeus Financial Holdings SA,TPEIR
Intesa Sanpaolo Assicurazioni S.p.A,ISPVIT
TURK IHRACAT KR BK,EXCRTU
NATIXIS,KNFP
BANQUE FEDERATIVE DU CREDIT MUTUEL-STRASBOURG HEAD OFFICE,BFCM
LVMH MOET HENNESSY VUITT,MCFP
JX CULT AND PERFOR ARTS,JXCPAD
VALE OVERSEAS LIMITED,VALEBZ
LEEDS BUILDING SOCIETY,LEED
WPP FINANCE 2013,WPPLN
NOT APPLICABLE,HAINAN
JTEKT CORPORATION,KOYO
CENTRAL CHINA SECURITIES,CCNSEC
HANDELSBANKEN,SHBASS 
SHENZHEN PORT GRP CO LTD,SHEYAN
NINGBO COMMERCIAL,NBCOGR
UENO BANK S.A.,TBD
OLD REPUBLIC INTL CORP,ORI
Svenska Handelsbanken,SHB A
SPIE SA,SPIEFP
KISTOS HOLDINGS PLC,KIST
TEXAS CAPITAL BANCSHARES,TCBI
ION PLATFORM FINANCE SAR,IONTRA
XUCHANG CITY INVST,XUCGEN
Infineon Technologies  AG,IFXGR
FIRST-CITIZENS BANK/TRST,FCNCA
MATTERHORN TELECOM SA,MATTER
HANWHA VISION CO LTD,HWVISI
ZHANGJIAGANG IND CAP INV,ZJGIND
NTT Finance Corporation (Japan),NTT
CHINA POST LIFE INS,CNPLIN
SINGAPORE SAVINGS BOND,SIGBRT
Hanwha Q Cells Americas Holdings Corporation,HWQCUS
SHANGHAI FENGXIAN DEV,SHFXDG
JINAN CITY CONS GRP,JNUCGC
ING GROUP,INGA
GOODMAN US EIGHT LLC,GMGAU
ADM ELEKTRIK DAGITIM AS,ADMELE
ATLAS WAREHOUSE LEND,ATWALD
OSAKA PREFECTURAL HOUSIN,OPHS
NIPPON YUSEN KK,NIPYU
PAKISTAN 1Y SUKUK,PKISL
STANFORD UNIVERSITY,STNFRD
TANGSHAN TONGSHUN INV,TSHTSH
"Hamburg, German state of",HAMBURG
JIANGSU COMMUN HOLDING,JSCOMM
DEYUAN INV GROUP,DEYUAN
"Entergy Louisiana, LLC",ETR
YUNNAN INV HLDINGS GROUP,YUNINV
CATURUS ENERGY LLC,KTGLLC
ATHENS INTERNATIONAL AI,AIAGA
Teachers Insurance and Annuity Association of America,TIAAGL
SHANGRI-LA ASIA LTD,SGRLAL
COMPASS GROUP PLC,CPGLN
PHILIPPINE AIRLINES INC,PALPM
The Toronto-Dominion Bank,TD
PROVINCE OF NEUQUÉ,NEUQUE
KODIT GLOBAL 2025-1,KOCRGF
CD XISHENG INV GRP,CDXSIG
DIOS FASTIGHETER AB,DIOSSS
MACQUARIE BANK LTD,MQGAU
CHINA SECURITIES FINANCE,CSFCO
AEP TEXAS INC,AEP
HAINING CITY DEV INVST,HNCDIN
Development Bank of Mongolia,DBMMN
JINAN CITY INV GROUP,JNCING
ALMARAI SUKUK LTD,ALMARA
AVANZA HOLDING BANK AB,AZASS
AIDER KONSERN AS,ADRKNS
HAIAN DEV ZONE CON INV,HADZCI
APOLLO DEBT SOLUTIONS BD,APODS
ERSTE BANK HUNGARY ZRT,ERSHUN
BANK PEKAO,PEO
HINES REAL ESTATE MASTER FCP-FIS,HECF LX
WENZHOU MODERN SERVICES,WZMUNI
STARZEN CO LTD,STAZEN
SAGAMIHARA CITY,SGMCTY
GANSU YASHENG INDUSTRIAL,GANYAS
XINJIN NEW CITY DEV,CDXJII
NB ZHENHAI HAIJIANG INV,NBZHIN
SOUTHERN COPPER CORPORATION ,SCCO
Franklin Resources Inc,BEN
ERP Operating Limited Partnership,EQR
Covivio,COV
SZ INTL DEV VC,SZIDVC
SHUANGQIAO ECO TECH DEV,CQSQET
IBERDROLA SA,IBESM
CHINA ELECTRIC EQUIPMENT,CHEEG
SABESP LUX SARL,SABLUX
10YR JGB WHEN ISSUED,WIJ
BINZHOU CAIJIN INVESTMT,BZFIGC
QD ECO TECH DEV ZONE INV,QDETDZ
URUMQI TRANS TOUR,URTRAN
KSA IJARAH SUKUK,KSA
YANAN NEW AREA INV DEV,YNINVD
UOL TREASURY SERVICES,UOLSP
National Grid PLC,NGGLN
DAYE LAKE HI TE INDU DEV,DYLAHT
Turkiye IS Bankasi A.S.,ISCTR
TOP LINE BUS DEV CORP,TOPLPM
"Sumitomo Mitsui Trust Group, Inc.",SUMITR
MITSUI & CO,MITSCO
SPARBANKEN SKARABORG AB,SPASKA
CHINA NANSHAN DEVELOP,NANSHD
AXA INSURANCE - FRANCE,AXASA
ROCHE HOLDINGS INC,ROSW
SHANGHAI PUDONG DEV BANK,SHANPU
NIBE INDUSTRIER AB,NIBEBS
CLOSE BROTHERS FIN PLC,CBGLN
NINGBO PIA AUTOMATION HD,NBPIAA
GUNMA PREFECTURE,GUNPRE
INSURANCE AUSTRALIA GRP,IAGAU
SR INNOVATION INV,SRCXFA
ING Groep NV,INTNED
MORGAN STANLEY PVT BANK,MS
HUBEI YIHUA CHEMICAL IND,HUYIHU
FOUNDER SECURTIES,FNDERS
CHINA WATER INVST,CHIWAT
AAREAL BANK,AARB
HEXI NEW TOWN ASSETS MAN,NJHEXI
SHANDONG BROADCAST TV NE,SDBDTV
Danske Bank A/S,Danske
BORYEONG LNG TERMINAL CO,BOLNGT
INTERPARKING SA,INTPSA
FASTIGHETS AB BALDER,BALDER
NANJING JIANGBEI CONS,NJCHEP
CARLYLE GROUP INC/THE,CG
MUNDYS SPA,ATLIM
PUDONG ROAD&BRIDGE CONS,PDRBCO
AL RAJHI BANK,RJHIAB
CHINA DATANG CAPITAL,DTCAPI
YONDR JK 2 LLC,YNDRDC
CHANGTU FINANCIAL LEASIN,SHYXFL
IND & COMM BK CHINA/SG,ICBCAS
JIANGSU TENGHAI INV HLD,JSTHIG
US BANK NA CINCINNATI,USB
ENERGY TRANSFER LP,ET
CX STATE OWNED ASSETS IN,ZJCXSI
JINLULING ECO DEVELOP,JLLEDC
FUJIAN HUADIAN FURUI,FJHDFR
ENTERGY TEXAS INC,ETR
Fibra Prologis,FIBRAP
AVIATION CAPITAL GROUP (ACG),ACGCAP
SWIRE PROPERT MTN FIN,SWIPRO
UNIVRSITAETSSPITAL BASEL,UNIBAS
NINGBO CONSTR INVEST GRP,NBRCON
BOSNIA & HERZEGOVINA,FEDBH
DALRYMPLE BAY FIN,BIP
SD LUCION INV HLD,SHANDO
CHENGDU PIDU DIS,PICSTI
BPCE S.A.,BPCEGP
CN PROP&CASUALTY REINSUR,CPCRCL
Alumina Pty Ltd,AWC
KAZAKHSTAN NATIONAL BANK,KAZTN
NRW.BANK,NRWBK
FUZHOU METRO GP,FZMETR
KAZMUNAYGAS NATIONAL CO,KZOKZ
Saudi Real Estate Company,SARSTA
HYUNDAI CAPITAL SERVICES,HYUCAP
SIMMONS FIRST NATIONAL,SFNC
ZHEJIANG CONST INVEST CO,ZJECCO
ZHENHAI HAIJIANG INV,ZHHJI
National Australia Bank Ltd,NAB
MAGNOLIA OIL GAS/MAG FIN,MGY
NORTHWESTERN MUTUAL LIFE,NWMLIC
ARCOR SAIC,ARCOR
PARAGUAY TREASURY BOND,BTGN
OMAN GOVERNMENT BOND,OMANGB
KM GANGTONG LOGISTICS GR,KMNWAM
HA SUSTAINABLE INF CAP,HASI
GANZHOU NANKANG CON GRP,GZHNNK
Land Mecklenburg-Vorpommern,MECVOR
ARGENT LETRAS DEL TESORO,ARGTB
VODAFONE INTERNAT FINANC,VOD
CHANGSHA PILOT INV HLD,CSPLIN
ZJ SO ASSET MGMT,ZJSOAM
VAKIF KATILIM SUKUK LTD,VAKIFK
SYNGENTA GROUP CO,SYNGEN
BAIDU INC,BIDU
TRISURA GROUP LTD,TSUCN
PANGEA AS,PANGE
EPHIOS SUBCO 1 SARL,SYABEP
Kingdom of Bahrain,bhrain
STO EXPRESS,STOEXP
NANNING LVGANG CONS,NNGLVG
COMMONWEALTH BK AUSTR NY,CBAAU
SAGICOR FINANCIAL CO,SFCCN
SF HOLDING GLOBAL 2026,SFHOLD
ISLAMIC REP OF PAKISTAN,PKSTAN
Republic of Finland,FINL
CHANGCHUN AGRICULTUR DEV,CCCITY
GE VERNOVA,GEV
TD SYNNEX CORP,SNX
SVEA BANK AB,SVEABK
JIANGYIN ECO DEV CORP,JIAECO
The Cigna Group,CI
SUBURBAN PROPANE PARTNRS,SPH
NYKREDIT,TBD
GUONENG ENV PRTCT INV,GUOENV
"Park River Holdings, Inc.",PRIMBP
WEICHI HOLDING GROUP,JSWECH
ING BANK,INTNED
CHASING SECURITIES,FORSEC
"Chemours Company, The",CC
RED ELECTRICA FINANCI SA,REESM
ZIYANG DEVELOP INVEST GR,ZYSOAI
ANGLO TUNISIAN OIL & GAS,ANGTUN
"Wealthspire, LP",TBD
QUEBEC CITY,QC
GUANGDONG XINGFA ALUMINU,GDXFAC
NJ HIGHWAY DEV GROUP CO,NJHWDG
CIDRON ATRIUM SE,ALLOHE
SICHUAN KAIZHOU DEVELOP,SIKAIZ
ITOCHU CORP,CITOH
SGSP AUSTRALIA ASSETS,SGSPAA
CITY DEVELOPMENTS LTD,CITSP
WBI OPERATING LLC,WBI
CQ NANCHUAN HUINONG,CQNCHN
Severn Trent Utilities Finance Plc,SVTLN
NIPPON SANSO HOLDINGS,NIPSAN
BEIJING E-TOWN INTL INV,BJYZIN
TAIHEIYO CEMENT CORP,ONODA
Azul Secured Finance LLP,AZUL
CANTON OF TICINO,TESSIN
BANK OF IRELAND,BIRG
SICHUAN HUASHI CO,SIHUGR
PUTAILAI NEW ENGY TECH,PUTALA
"Analog Devices, Inc.",ADI
GALDERMA HOLDING,GALDSW
ADVANCEI BVI LTD,CEBSIL
ARWIDSRO FASTIGHETS,ARWFTG
VEOLIA ENVIRONNEMENT SA,VIEFP
KUNMING RAIL TRANSIT GRP,KMRLGP
BAYER AG,BAYNGR
NOT APPLICABLE,ALVGR
GRUENENTHAL GMBH,GRUPHA
ZTO EXPRESS KY INC,ZTO
BROOKFIELD ASSET MANAGEM,BAMCN
Sysco Corporation,SYY
FORD CREDIT CANADA CO/CA,F
ON SEMICONDUCTOR CORP,ON
SIMON PROPERTY GROUP INC,SPG
GUANGTOU CAPITAL MANAGEM,GXCPMG
OTIS WORLDWIDE CORP,OTIS
TAIYUAN LONGCHENG DEV IV,TYLCDI
BANCA DEL MEZZOGIORNO MEDIOCREDITO CENTRALE - ITALY,BNCMCC 
NiSource Inc.,NI
Bunge Limited Finance Corp.,BG
"KODIAK GAS SERVICES, LLC",KGS
INGRID CAPACITY AB,INGCAP
Freistaat Sachsen,SAXONY
PLAINS ALL AMER PIPELINE,PAA
HEWLETT PACKARD ENTERPRISE CO,HPE
GOVERNMENT OF THE COMMONWEALTH OF THE BAHAMAS,BAHAMA
JINAN ENERGY GROUP,JNENGR
DBS BANK LTD/AUSTRALIA,DBSSP
MOROCCO TREASURY BILL,MORTB
KEB Hana Bank,KEBHNB
BPC GENERATION INFRASTRU,BPCGEN
OAKTREE STRATEGIC CREDIT,OAKSCF
BANK OF MONTREAL - BANK - CANADA,BMO
SHANXI COKING COAL GROUP,SXCOKC
CREDITO EMILIANO - BANK - ITALY,CRDEM
HANSOH PHARMACEUTICAL,HSPGCL
M&T Bank Corporation,MTB
CO-OPERATIVE GROUP LTD,COOPWH
"T-Mobile USA, Inc.",TMUS
SCE RECOVERY FUNDING LLC,EIX
WENDEL SE,MWDP
NOT APPLICABLE,FRFP
NINGXIANG CHENGFA INV,NXCFIH
Banca Comerciala Romana S.A.,BCRBK
INDONESIA SRBI,INDOSR
AMPOL LTD,ALDAU
CHINA GAS HOLDINGS LTD,CNGAS
TOKMANNI GROUP CORP,TOKMAN
AMPRION,AMPRIO
GZ ENVROMT PRTCT INVST,GRANTP
MINERAL RESOURCES LTD,MINAU
JS ANDONG HOLDING,JSADHG
CONSTELLATION GLOBAL FUNDING/AUGUSTAR LIFE INSURANCE   ,CONSTL
XIAOSHAN ST ASSET MNGMNT,XSSTAS
Nordea Bank ABP,NDAFH
IBARAKI PREFECTURE,IBARAK
BANQUE CAISSE D'EPARGNE,BCEE
KOREA LAND & HOUSING CORPORATION,KOLAHO
MIZUHO BANK LTD,MIZUHO
Texas Capital Bancshares Inc.,TCBI
CANTONE E TICINO,TESSIN
HAMMERSON PLC,HMSOLN
HAIDIAN STATE-OWNED ASSE,HDASST
Flutter Entertainment PLC,FLUT
FINANCIAL ST SECURITIES,HETASC
CHUZHOU WEIRAN INVST DEV,CZWRIN
"Corebridge Financial, Inc.",CRBG
CQ YC HIGH TECH IND INVE,YCHTCD
ZHANGJIAJIE COMM BK,ZJJRCB
TOAGOSEI CO LTD,TOAGOS
SZ BA INVESTMENT MANAGEM,SZBAIM
Tronox Limited,TROX
SAMSONITE FINCO SARL,SAMISA
NANYANG TECH UNIVERSITY,NTUSP
ORIZA HOLDINGS CO LTD,ORIZAH
REN FINANCE BV,RENEPL
HENGQIN LIFE INSURANCE,HEQNLI
GC CREDIT-BAIL QUEBEC,GLJGR
ZHANGZHOU ECO DEV GRP,ZZECDV
HARBOUR ENERGY FINANCE 2,HBRLN
NONGHYUP BANK-SEOUL HEAD OFFICE,NACF 
"CenterPoint Energy, Inc.",CNP
SOUTH STATE,SSB
JACCS CO LTD,JACCS
LG UPLUS CORP,LGTELE
NANHAI RURAL BANK,NHRURA
JX LIANXI CHENGTOU GROUP,JZLUSH
SOUTHWEST SECURITIES,SWSECU
Swedish Export Credit Corporation,SEK
QINGJIANGPU INVST HLD GR,HAINVE
ARCHER-DANIELS-MIDLAND C,ADM
J-OIL MILLS INC,JOIL
GZ HAIGE COMMUNICATIONS,GZHGCG
SHANGHAI INTL GROUP INVS,SHSGAM
Landwirtschaftliche Rentenbank,LWSR
ROQUETTE FRERES SA,ROQFRE
WBI Operating LLC,WBI
SOFTBANK CORP.,SOBKCO
"TPG Operating Group II, L.P.",TPG
INTERCORP PERU LTD,IFHBH
SAITAMA PREFECTURE,SAITAP
CHENGDU RURAL COM BK,CDRCBK
"Constellation Energy Generation, LLC",CEG
QD CITY NEW ENERGY,QDCCNE
Patterson-UTI Energy Inc,PTEN
LIGAND PHARMACEUTICALS I,LGND
NANJING SECURITIES,NJSECU
SABESP LUX SARL,SBSBZ
AFRICAN EXPORT-IMPORT BA,AFREXI
BECTON DICKINSON EURO,BDX
SICHUAN DEVELOPMENT,SIDEVE
PRIMARIS REAL ESTATE INV,PMZUCN
Grand City Properties S.A.,GYCGR
CHINA ZHESHANG BANK,ZHESHG
CORP ANDINA DE FOMENTO,CAF
BJ ZGC CAPITAL FUND MANA,ZGCCFM
UNITED GROUP BV,ADRBID
SOUTHERN CALIFORNIA GAS COMPANY,SRE
GABX LEASING,GMT
SOOCHOW SECURITIES,SOCHOW
SOCIEDAD TRANSMISORA MET,SOTMCL
MASTEC INC,MTZ
SAMMAAN CAPITAL LTD,IHFLIN
Zegona Finance PLC,ZEGLN
"MEDLINE BORROWER LP & MEDLINE CO-ISSUER, INC.",MEDIND
Brightstar Lottery PLC,IGT
CHINA ISOTOPE RADIATION,ISORAD
ZF NA CAPITAL,ZFFNGR
Schneider Electric SE,SUFP
QUZHOU QUTONG DEV,QZTRIN
BEIJING SCIENCE PARK DEV,BJSCIE
"SE COSMOS, LLC",SECMOS
ALCON FINANCE CORP,ALCSW
CASSA CENTRALE BANCA,CASSAC
J&F Luxembourg Finance S.?.r.l.,JEFPBZ
Caixa Geral de DepÃ³sitos S.A.,CXGD
T ROWE PRICE OHA SELECT,OCREDT
"Dominion Energy, Inc.",DEI
CUMBERLAND COMBINED CYCLE GENERATION LLC,CGHLLC
CMB INTERNATIONAL LEASIN,CMINLE
NEPI ROCKCASTLE N.V.,NRPSJ
KS GUOKE VENTURE CAPITAL,KSGKVE
Bond US BidCo 1 Inc.,BASGR
ISLAMIC DEVELOPMENT BANK,ISDVBK
FREEDOM MORTGAGE HOLDINGS LLC,FREMOR
HSE Investment S.a.r.l,HSEINV
GUANGDONG PROVINCE GOVT,GUANGD
ION PLATFORM FINANCE SAR,IONPLA
SOPAIPILLA INVESTOR LLC,PRELPP
AEGEA SANEAMENTO,AEGEBZ
Reckitt Benckiser Group PLC,RKTLN
FRENCH DISCOUNT T-BILL,BTF
VALERO ENERGY CORP,VLO
Boston Gas Company,NGGLN
STRATEGY,MSTR
CITY OF LAUSANNE,LAUSAN
CHINA ENERGY CONS,CHENER
PAKISTAN INVESTMENT BOND,PAKGB
PROGRESSIVE CORP,PGR
BENIN GOVERNMENT BOND,BEGB
NOBLE FINANCE II LLC,NE
TJ VENTURE CAPITAL CO LT,TJVTCP
Stora Enso Oyj,STERV
DEUTSCHE BOERSE AG,DBOERS
CZ COMM INDUSTRY GRP,CZCIGR
SHANGRAO INV HLDG INTL,SHRIHG
"EDP - Servicios Financieros Espana, SAU",EDPPL
HIKARI TSUSHIN INC,HIKTSU
"Rio Grande LNG, LLC.",RIOLNG
DYNEX CAPITAL INC,DX
GM FINANCIAL CAD,GM
Coventry Building Society,COVBS
BANCO NACIONAL COM EXT,BNCE
JS ZIJIN RURAL BANK,ZJRRCB
COLGATE-PALMOLIVE CO,CL
International Development Association,IDAWBG
Hera S.p.A.,HERIM
YUNNAN HUADIAN HYDRO,HUADIA
BEIJING HUAYUAN GROUP,BJHUAY
GOVERNMENT OF THE FEDERATIVE REPUBLIC OF BRAZIL,BRAZIL
CQ CHANGSHOU DEV INVST,CQCHSH
NOSLI AB,NOSLAB
SH TITAN SCIENTIFIC CO L,SHTITA
TAIAN BANK,TAIANB
Cenomi Centers,ARCEN
CAOFEIDIAN STATE HOLDING,CFDGKI
NATIONAL ENERGY GRP JIAN,GDJSUZ
Arches Buyer Inc.,ACOM
CHONGQING EXPRESSWAY GRP,CQEXPR
"JANE STREET GROUP, LLC",JANEST
FRASERS PROPERTY TREASUR,FPLSP
State of Israel,ISRAEL
Korea Securities Finance Corporation,KORSFC
Banco BTG Pactual S.A.,BPAC3
SOUTH E POWER NETWORKS,UKPONE
ERSTE GROUP,ERSTBK
HUZHOU INDUS INVEST DEV,HZININ
North Haven Private Income Fund LLC,NHPIFS
SUNTORY HOLDINGS LTD,SUNTOR
WS ESCROW LLC,WS
RHEINMETALL AG,RHMGR
HN ZHAOSHAN ECO CONST IV,HNZSEC
Canadian Pacific Railway Company,CPKC
WEST CHINA CEMENT LTD,WESCHI
REPUBLIC OF ESTONIA,ESTONI
SOUTHERN CO,SO
BANK OF SHANGHAI,BOSHAI
ZJ WZ OUHAI RURAL COM BK,OHRCBK
"Kinder Morgan, Inc.",KMI
Marriott International Inc.,MAR
SIMON GLOBAL DEV BV,SPG
Northwestern Corporation,NWE
BANKINTER - AM - SPAIN,BKTSM
Akbank TAS,AKBNK
NatWest Markets PLC,NWG
ReNew Treasury IFSC Private Limited,RPVIN
MOYA INDONESIA PT,MOYAID
JIAXING IND DEV GROUP,JIXISD
BANCO COMERC PORTUGUES,BCPPL
AEGIS LUX 1A S.A R.L.,VERISR
STANDARD CHARTERED PLC,STANLN
NEW DEVELOPM BANK BRICS,NEWDEV
MANITOBA (PROVINCE OF),MP
CITIC GROUP CORP,CITIC
GREEN GENIUS INTL BV,GGINBV
SH YUANTONG JIAOLONG,SHYTJL
NONGHYUP FINANCIAL GROUP,NACF
ORIX,ORIX 
ADVANCED DRAINAGE SYSTEMS INC,WMS
QILU BANK,QILUBK
TURKIYE IS BANKASI A.S,ISCTR
TenneT Netherlands B.V.,TENNNL
FANA SPAREBANK,FANASP
UBS AG,UBS
AGRICULTURAL BK CHN/SYD,AGRBK
LAND BRANDENBURG,BRABUR
SpareBank 1 SMN,MINGNO
NISSIN FOOD PRODUCTS,NISSIN
COLUMBUS MCKINNON,CMCO
BEACON POINT DC LLC,HUTBPA
MUNICIPALITY FINANCE PLC,KUNTA
HENGDIAN GROUP HOLDINGS,HEDIAG
TAIZHOU TRAFFIC INDTR,TAZHTR
Golub Capital Private Credit Fund,GCRED
SWEDISH COVERED BOND,SBAB
C&D REAL ESTATE GROUP CO,XIAMCD
Entain Plc,GVC
SRC Sukuk Limited,SRCSUK
LSEGA FINANCING PLC,LSEGA
MONTEGO BAY AIRPORT REVE,MOAIRJ
PACCAR FINANCIAL PTY LTD,PCARAU
ONE REIT INC,SIAREI
Oneok Inc,OKE
ELAND RETAIL LTD,ELANDW
AIB GROUP,TBD
GIGA MAIS FIBRA TELECOM,ALLOHA
JISHOU HUATAI ST OWN AST,JSHTSO
"Gaia Purchaser, Inc.",TBD
TECHEM VERWALTUNGSGESELL,TCHEN
CLEARSTREAM EUROPE AG,DBOERS
Newmont,NEM
EDL-GENERATION PCL,EDLLS
PORR AG,POSAV
Asian Development Bank,ASIA
Autostrade Per l'Italia SpA,ATOSTR
BURUNDI T-BONDS,BURTBO
SD EXPRESSWAY INFRAS CON,SDEWIC
META PLATFORMS,META
SYSTEM ENERGY RESOURCES INC.,ETR
HUBEI FIN GUARANTEE,HBFGGC
CITY OF GOTHENBURG,GOTA
FOXCONN SINGAPORE PTE LTD,HONHAI
AGSTAR FIN SERVICE ACA,AGSTAR
ANTOFAGASTA PLC,ANTOLN
GEORGIA T-BILL,NBGCD
GEORGIA T-BOND,GEOGB
BURKINA FASO BOND,BFGB
BNG Bank NV,BNG
EASTBEST&LS GROUP,SHEBGP
Bank of Cyprus Public Company Limited,BOCHLN
ANTARES HOLDINGS,ANTHOL
ARGAN,ARGFP
JIANYANG RURAL BANK,JYRUBK
Dominican Republic,DOMREP
XINJIN ST ASST INV OPE,CDXJST
HIROSHIMA PREFECTURE,HIROP
AEGEA FINANCE SARL,AEGEBZ
THE KOREA DEVELOPMENT BANK,KDB
Apcoa Parking AG,APPARK
AMERICAN EXPRESS [AMEX],AXP
PENTA-OCEAN CONSTRUCTION,PENTA
VISA INC,V
OPTOWIDE TECHNOLOGIES CO,OPTWTE
KINGDOM OF THAILAND,THAI
KFW,KFW
"Carlyle Secured Lending, Inc.",CGBD
LY MANU & DEVELOPMENT,LYMANU
ADVANCEL BVI LTD,CEBSIL
OMNIYAT,OMNIYT
SHENZHEN HUAQIANG GROUP,SHEHUA
ASTRONICS CORP,ATRO
E.I. DU PONT DE NEMOURS & COMPANY,CTVA
LIANFA GROUP,XIAMCD
QD BULLET TRAIN TOWN INV,QDBTTI
TY HEAVY MACHINERY,TYHEMA
ICCREA Banca SPA-Istituto Centrale del Credito Cooperativo,ICCREA
JANE STREET,TBD
HANGZHOU WATER GROUP,HZWTGC
"CoreWeave, Inc.",CRWV
Svenska Handelsbanken AB.,SHBASS
ENG INTERN FINANCE LUXEM,EFGBNK
PACCAR Financial Corp,PCAR
AXOS FINANCIAL INC,AX
NAGOYA EXPRESSWAY CORP,NAGEXP
WESTERN SYDNEY UNI,WSUAU
Sumitomo Life Insurance Company,SUMILIF
Minmetals Capitals & Securities Inc,MINMET
TOGO GOVERNMENT BOND,TOGB
SMURFIT KAPPA TREASURY,SW
Eurobank Ergasias S.A.,EUROB
EDP Servicios Financieros Espana SA,EDPPL
CANADA CARTAGE CORP,CANTAG
QINGDAO METRO GP,QDMTRG
MAISON FINCO PLC,KEEPMT
SHANXI SECURITIES CO LTD,SHNXIS
AUSTRALIAN RAIL TRACK,ARTAUS
KAZAKH GOV BOND METIKAM,MTIKAM
CNX Resources Corporation,CNX
"HAWAIIAN ELECTRIC COMPANY, INC.",HE
DOMETIC GROUP AB,DOMSS
SEPTWOLVES GROUP CO LTD,SEPTWO
DG RAIL TRANSIT CO LTD,DGRTST
WESTERN MINING GROUP,WSTMIN
Capri Global Capital Limited,CPRGLC
Arkea Home Loans SFH SA,CMARK
AUSTRALIA,TCV
Investitions- und Strukturbank Rheinland-Pfalz (ISB),ISB
AIRCASTLE / IRELAND DAC,AYR
Rede D Or Finance S.a r.l.,RDEDOR
DYNATRACE LLC,DT
HUAI'AN CULTURAL TOURISM,HNCTSG
SRC SUKUK LTD,SRCSUK
Digicel MidCo Limited,DIGMID
SOUTH AUST GOVT FIN AUTH,SAFA
KSA SAMA BILL,SAMABL
Avianca MidCo 2 PLC,AVIAGP
DOLOMITI ENERGIA SPA,DOLOEN
TAIAN GUOTAI MINAN INV,TAIGUT
Banco Santander SA,SANTAN
MINSHENG SECURITIES,FANHAI
ABN AMRO - BANK - NETHERLANDS,ABNANV
Credit Agricole S.A.,ACAFP
"Banco do Brasil, Cayman Branch",BANBRA
MASS MUTUAL LIFE INS CO,MASSMU
Ashton Woods USA LLC,ASHWOO
EFG International Finance (Luxembourg) S.à r.l.,EFGN
EURO STABILITY MECHANISM,ESM
SCOR SE,SCOR
BOOZ ALLEN HAMILTON INC,BAH
Japan Bank for International Cooperation,JBIC
MOLSON COORS BEVERAGE,TAP
The Hong Kong Mortgage Corporation Limited,HKMTGC
GUANGZHOU YUE XIU HOLDIN,GZYXH
QTS FAYETTEV I DC1-2/TRS,QTSQST
Kingdom of Saudi Arabia,KSA
"Jacobs Engineering Group, Inc.",J
OSAKA GAS CO LTD,OSAKAG
Cadent Finance PLC,CDTFIN
CAPITAL ONE,COF
RATHBONES GROUP PLC,RATLN
QINGDAO HUALAN DEV GROUP,QDIAPG
DAIO PAPER CORP,DAIO
LLOYDS BANKING GROUP,LLOY
LINFEN INVEST GROUP,LFINVC
EMPRESA DISTRIBUIDORA DE ELECTRICIDAD DE MENDOZA ,EDEMSA
BONO GAR PROV DEL CHUBUT,CHUBUT
VEDANTA RESOURCES,VEDLN
Nordic Investment Bank,NIB
HUANGSHAN CHENGTOU,HSHUCI
Danske Bank A/S,DANBNK
WUHAN METRO,WHMTR
HEILONGJIANG CONST GROUP,HEICON
TRONOX INC,TROX
PAR TECHNOLOGY CORP,PAR
DAIDO STEEL CO LTD,DAIDST
Land Saarland,SAARLD
TRUSTMARK CORP,TRMK
BAHRAIN SUKUK AL-SALAM,BHSASB
Park-Ohio Industries Inc,PKOH
TAICANG ASSET MGT,TAICAN
LEIDOS HOLDINGS INC,LDOS
CHANGAN HUITONG GROUP,CNHITN
Cno Global Funding,CNO
CHARTER COMM OPT LLC/CAP,CHTR
BHP BILLITON FIN USA LTD,BHP
DEFENCE BANK LTD,DEFNCE
ALDAR INVESTMENT PROP,ALDAR
LIANYUNGANG TRANSPORT,LYGTRC
KFH TIER 1 SUKUK LTD,KFHKK
PIRAEUS BANK SA,TPEIR
DANYANG INV GRP CO LTD,DYCONI
RAMACO RESOURCES INC,METC
Test 29,DUMMYTEST
Leeds Building Society,LEED
NEWELL BRANDS INC,NWL
HOLCIM HELVETIA,HOLNSW
CONSON INDUS FINAN HOLD,CONSON
"QTS Realty Trust, Inc",QTSODY
SALMON GROUP LTD,SLMGRP
ATHENE GLOBAL FUNDING,ATH
EUROPEAN OUTLET MALL VENTURE SARL,EOMVLX
XIAMEN ITG HOLD GRP,XMITGH
CABOT CORP,CBT
"Buenos Aires, City of",BUEAIR
Invitation Homes Operating Partnership LP,INVH
ROGALAND SPBK BOLIG AS,ROGBNO
CITY OF BIEL,BIENNE
REPUBLIC OF PARAGUAY,PARGUY
PRINCIPAL FINANCIAL GRP,PFG
EVERBRIGHT FINANCIAL,CHEVBK
ANHUI SO CAPITAL,AHGKCA
CANVAS CARDS TRUST,CCTRUS
HUACHUANG SEC,HCHSEC
BITDEER TECHNOLOGIES GRP,BTDR
FUYANG SC INDUSTRIAL DEV,HFXTGT
BUMI SERPONG DAMAI PT,BSDEIJ
Iberdrola Finanzas SAU,IBESM
UK DEBT MANAGEMENT OFFICE [DMO],TBD
CBRE EUROPE LOGISTICS PARTNERS S.C.A. SICAV-SIF,CBRE
THE BRITISH UNITED PROVIDENT ASSOCIATION LTD,BUPFIN
GANZHOU DEV INVESTMENT,GANZHO
TEMPTON PERSONALDIENSTL,TMPTNP
BNP PARIBAS Cardif,BNPP 
TIANJIN FOOD GROUP,TJFOOD
CES Energy Solutions,CEUCN
POLAND T-BILL,PTB
HIKMA FINANCE USA LLC,HIKLN
SCIH SALT HOLDINGS INC,MORTON
TAIZHOU CITY CONS INV,TZCOIN
HN MINERAL RESOURCES GRP,HNMIRE
KINGDOM OF BAHRAIN,BHRAIN
Compagnie de Financement Foncier,CFF
FIJI GOVERNMENT BOND,FIJIGB
Garda World Security Corporation,GWCN
THE REPUBLIC OF SLOVENIA,SLOVEN
GRAND CITY PROP FINANCE,GYCGR
TOPPAN HOLDINGS INC,TOPPAN
CN CONS 4TH ENGINEER DIV,CHCONT
HUAXIA BANK CO LTD,HUAXIA
CN RAILWAY CITY DEVE INV,CNRADE
Export Development Canada,EDC
NETFLIX INC,NFLX
ANDHRA PRADESH,ANDHRA
VERISURE MIDHOLDING AB,VERISR
JINAN WEST CITY INVT,JNXCCC
Agenzia nazionale per l'attrazione degli investimenti e lo sviluppo d'impresa SpA,INVITA
QNB BANK AS-ISTANBUL HEAD OFFICE,QNBFB
AIRX GROUP HOLDINGS,AIRXGH
MSCI INC,MSCI
SK GEO CENTRIC,SKGLCH
JPMorgan Chase & Co,JPM
UZBEKISTAN INTL BOND,UZBEK
Hanwha Q Cells Americas Holdings Corp.,HWQCUS
MCC SPA,BNCMCC
BOYD GROUP INC,BYDCN
DADU RIVER HYDROPOWER,GUOPOW
ENERGIAS DE PORTUGAL S.A. (EDP),EDPPL
SHANDONG PROVINCE GOVT,SHANDO
SHUDAO CAPITAL HOLDING G,SUDACP
AVIANCA GROUP INTERNATIONAL LTD,AVIANCA
TEBIAN ELEC,TBELEC
Kommuninvest i Sverige AB (Publ).,KOMINS
JINNENG COAL,DATONG
SHEA HOMES LIMITED PARTNERSHIP,SHEAHM
BREITENEDER IMMO PARKING,BEPAKO
ESAB CORP,ESAB
GREAT WALL LIFE INSURE,GRTWLI
CHIBA BANK,8331
Empresa Distribuidora y Comercializadora Norte S.A,EDNAR
STOCKHOLM EXERGI HOLD,FVHSAM
HUAYUAN INTL LAND PORT,SXETIC
ALINMA SUKUK LTD,ALINMA
FORAN ENERGY GRP CO LTD,FSGGCL
DONGHAI CRYSTAL INDUSTRY,JDCIID
ASN Bank N.V.,ASNBNK
TEMASEK FINANCIAL I LTD,TEMASE
NSW ELECTRICITY NETWORKS,TRGRID
JONES DESLAURIERS INSURA,NAVCOR
ENEL SPA,ENELIM
YINING STATE OWNED ASSET,YNSAIO
QIDONG URBAN INVEST,QIDOUR
AEON FINANCIAL SERVICE,AECRSV
SCIH Salt Holdings Inc.,MORTON
Saudi Awwal Bank,SAB
VITEC SOFTWARE GROUP AB,VITSOF
SHAOXING COMMUNICATIONS,SXCIGC
INFINEON TECHNOLOGIES AG,IFXGR
"Pioneer OpCo, LLC",VENRES
PROVINCE OF NEWFOUNDLAND,NF
JINGCHENG INVST&DEVET,ZHAJIN
Bidvest Plc,BVTSJ
EXPERIAN,EXPNLN
Beacon Point DC LLC ,HUTBPA
Newell Brands Inc.,NWL
ALPHA SERV & HLDGS,ALPHA
Australia and New Zealand Banking Group Limited,ANZBGL
SANTOS FINANCE LTD,STOAU
XIANGCHENG CONST INVST,CDXIDU
APLD COMPUTECO 3 LLC,PFORGE
ARES STRATEGIC INCOME FU,ARESSI
CDW LLC/CDW FINANCE,CDW
Bank of Ireland Group plc,BKIR
TMD FRICTION GROUP GMBH,TMDFGG
HOMEVI SASU,DMVIFR
Action Logement Services,ALSFR
RENEW TREAS IFSC PVT LTD,RPVIN
GOA,GOAIN
"PulteGroup, Inc. ",PHM
XM SEASHINE GROUP,XMSESH
PHOENIX CHARM INT INV LT,PHCIIL
ARAGVI FINANCE INTERNATIONAL DAC,ARAGVI
ALEXANDRIA REAL ESTATE EQUITIES INC,ARE
AVILEASE CAPITAL LTD,AVILE
SHANGYU WATER GROUP,SXSYWG
Bank of Montreal,BMO
VICTORIA POWER NETWORKS,VPNF
TONGREN SOC OPERATION,TONTOU
Boroo Investments Pte. Ltd.,BORLTD
PACIFIC GAS & ELECTRIC CO,PCG
CN STATE C SILK ROAD INV,CSCEC
RUSHAN STT AST OPRT,RSSAOC
ECOBANK TRANSNATIONAL,ETINL
WANGCHENG ECO DEVELOPMEN,WANGC
Ferguson Enterprises Inc.,FERG
HICREAT DEVE CON INV,HICRET
HESTEEL CO LTD,TSSTEE
PNC FINANCIAL SERVICES,PNC
IBM CORP,IBM
CJ CHEILJEDANG CORP,CJCHEI
Southern Company Gas Capital Corporation,SO
EAST CHINA MATERIAL LTD,ESCNMT
NGL ENRGY OP/FIN CORP,NGL
MINMETAL CAPITAL,MINMET
T-MOBILE US INC,TMUS
GALAXY CORE INC,GACORE
WUXI JUNA HOTELS MANAGEM,WUJUHO
CHENGZHI CO LTD,CHENGZ
BOLIDEN AB,BOLSS
SLOVENIA MOF T-BILL,SLVNTB
BROOKLYN UNION GAS CO,NGGLN
ComisiÃ³n Federal de Electricidad,CFELEC
Landesbank Hessen-Thueringen Girozentrale,HESLAN
REPSOL E&P CAP MARKETS,REPSEP
PEOPLEFIRST BANK,PEFRBK
HN XIANGTOU INTERNAT INV,HNXTIN
LUZERNER KANTONALBK AG,KBLUZE
CBRE EUROPE LOGISTICS PA,CBRELP
AMNEAL PHARMACEUTICALS L,AMNPHA
FUJIAN JINJIANG,JJEINV
ASURION,ASUCOR
METLIFECARE LTD,METNZ
TRANSFAR ZHILIAN CO LTD,ZJTRAN
Givaudan Finance Europe B.V.,GIVNVX
Samsonite Finco S.a r.l.,SAMISA
AYDEM YENILENEBILIR ENER,AYDEMT
Packaging Corp of America,PKG
GUANGZHOU PLC TRANS,GZPTRS
EMIRATES NBD - BANK - UNITED ARAB EMIRATES,ENBD
CITIZENS BANK NA/RI,CFG
Rithm Capital Corp,RITM
RAKUTEN GROUP INC,RAKUTN
GEORGIA POWER CO,SO
TRIUMPH SCIENCE & TECH,TRMPST
MET LIFE GLOB FUNDING I,MET
Advanced Info Service Public Company Limited,ADVANC
UENO BANK SA,UENOPY
DXC CAPITAL FUNDING LTD,DXC
HB HUANCHUAN STATE INV,HHSOCI
State of Saxony-Anhalt,SACHAN
SINOHYDRO CORP LTD,SIHYDR
WUXI VENTURE CAPITAL,WUXIVC
PEOPLE'S BANK OF CHINA,PBOCIN
ASB Bank Limited,ASBBNK
SZ LUOHU INVESTMENT HOLD,SZLHIV
OMAN SOVEREIGN SUKUK,OMANGS
SEIKO EPSON CORPORATION,SEIKOE
NATIONAL GRID NA INC,NGGLN
BONO TESORO CAPITALIZAB,BONCAP
INEOS FINANCE PLC,INEGRP
ENEXIS B.V.,ENEXIS
CHUZHOU TONGCHUANG CONS,CZTONG
SHANDONG SHIPPING CORP,SDSHIP
CN SG SUZHOU INDUS PARK,CNSGSZ
EMEI LESHAN TOURISM,EMEILT
NIGERIA OMO BILL,NGOMOB
BRIGHTSTAR LOTTERY PLC,BRSL
LA MONDIALE,LAMON
HIVE BERMUDA 2026,HIVLTD
ABN AMRO Bank N.V. (NL),ABNANV
L'OREAL,ORFP
AIR FRANCE - KLM,AFFP
BJ SUPPLY  MARKETING,BJSMCI
EVERSOURCE ENERGY,ES
CBQ FINANCE LTD,COMQAT
CPUK Finance Limited,CPKLN
REPUBLIC OF POLAND,POLAND
BPIFRANCE SACA,BPIFRA
MG HZ STATE OWNED CAPITA,HZMGSC
"BANCO DE CREDITO SOCIAL COOPERATIVO, S.A.",CAJAMA
NBK TIER 1 LTD,NTBKKK
ZSCALER INC.,ZS
IRIDIUM CAPITAL PLC,IRICPT
BLUENORD ASA,BNORNO
CAF-WITHDRAWN,CAF
GUANGZHOU CT CONS DEV,GZCCDC
DATANG FINL LEASING,DTFNLS
DUMMYTEST July 3,DUMMYTEST
LIBERIA C-BILL,LIBECB
CN MERC FINANCIAL LEAS,CINMFI
"AutoNation, Inc.",AN
FINNISH T-BILL,RFTB
TRIPURA,TRIPUR
SUMITOMO MITSUI FINL GRP,SUMIBK
SCIENCE APPLICATIONS INTERNATIONAL CORP,SAIC
NANHAI HOLDING GROUP,NHHOLD
IND & COMM BK CHN/LONDON,ICBCAS
HILTON DOMESTIC OPERATING COMPANY INC.,HLT
REPUBLIC OF AUSTRIA,AUST
Parker-Hannifin Corporation,PH
COMMERZBANK AG,CMZB
Deutsche Bank AG Frankfurt,DB
"Delek Logistics Partners, LP",DKL
EASTMONEY SECURITIES CO,XZDFCF
MITSUBISHI GAS CHEM CO,MITGAS
CHINA MERCHANTS BANK,CHINAM
TEXTRON INC,TXT
CONSTRUC MACHINERY CONST,SXCOMA
BANK OF GEORGIA JSC,GEBGG
EXELON CORP,EXC
LI & FUNG LTD,LIFUNG
CCCG REAL ESTATE GROUP,CCCGRE
ZHOUSHAN TOURISM,PUTUOD
OKINAWA DEV FINANCE,ODF
CRELAN SA-BRUSSELS HEAD OFFICE,CRELAN
SHANGRAO STATE OWNED ASS,SRSOAD
KOREA HOUSING FINANCE CO,KHFC
LA MONDIALE ,LAMON
First Investment Bank AD,FIB
SOUTHERN CO GAS CAPITAL,SO
Commonwealth Edison Co,EXC
RECIPE UNLIMITED CORP,RECPCN
ADT SEC CORP,ADT
"Universal Health Services, Inc.",UHS
JAPAN FIN ORG MUNICIPAL,JFM
MUGEN ESTATE CO LTD,MUGEST
Energean PLC,ENOGLN
SIERRACOL ENERGY LTD,SIERRA
Louisville Gas and Electric Company,PPL
QIANXINAN XING'AN DEVE I,QXNRXA
WEST LAKE HOLDCO LLC,WSTLHD
DAITO TRUST CONSTRUCTION,DAITRU
DUFRY ONE BV,DUFNSW
ISS GLOBAL A/S,ISSDC
CHENIERE ENERGY PARTNERS,CQP
WISCONSIN PUBLIC SERVICE,WEC
XINGHUA STATE OWNED ASSE,XHSAIH
NATIONWIDE BLDG SOCIETY,NWIDE
TEST  DEAL - OCT RELEASE,DUMMY
Plains All American Pipeline LP,PAA
TRATON Finance Luxembourg S.A.,TRAGR
STUDIO CITY CO LTD,STDCTY
TITAN GLOBAL FINANCE PLC,TITKGA
LOCALIZA FLEET SA,LOCREN
MYSTATE BANK LTD,MYSTAT
ANHUI WENERGY,WENRGY
HANWHA ENERGY,HWEUHC
S&P GLOBAL INC,SPGI
ORIENT ZHISHENG LTD,ORSECH
HAMPTON ROADS PPV LLC,HAMPTO
MIDEA PROPERTIES GRP,MIDEAP
DATANG SX POWER CO,DATANG
YIDU STATE-OWNED ASSETS,YSAMIC
"Banco Actinver, S.A., Institución de Banca Múltiple, Grupo Financiero Actinver, Trust F/6185 ",FISOMA
STINGRAY COMPUTE,STNGRY
THE EXPORT IMPORT BANK OF KOREA,KEXIM
KEYTO GROUP AB,HEABID
NIVIKA FASTIGHETER AB,NVKFTG
CHANGCHUN CITY CONS INV,CHCHCI
CANADA-GOV'T WI,CANW
GS ENTEC CORP,GSENTC
DSM B.V.,DSFIR
KUWAIT FINANCE HOUSE,KFINKK
YAPI VE KREDI BANKASI AS-ISTANBUL HEAD OFFICE,YKBNK
AS Latvenergo,LATVEN
ARCELORMITTAL SA,MTNA
NOT APPLICABLE,DBKAZ
NOVA SCOTIA POWER INC,NSIUCN
Public Property Invest ASA,PUPRIN
Clifford Capital Holdings Pte. Ltd.,CLIFCH
THREE PILLARS FUNDING,SRENVX
BOT THOR FRN,BOTFRN
KOREA EXPRESSWAY CORPORATION,HIGHWY
GAINWELL TECHNOLOGIES LLC,TBD
EXOR NV,EXOIM
ZHEJIANG JIANDE COMM BK,JDRUCU
AEP Texas Inc,AEP
FIVE POINT OPERATING CO,FPH
XIAOSHAN TRANSPORT INV,HZXSTI
ANYANG IRON & STEEL CO,ANYANG
CENTURY SECURITIES,CENSEC
SEVITA HEALTHCARE,TBD
TELECOM ITALIA SPA,TITIM
ZHOUSHAN OCEAN INVST GRO,ZSOCEA
GLOBAL INFRASTRUCTURE SO,GOINSO
QFLOW GROUP AB,QFLOWG
T1 ENERGY INC,TE
BRIDGESTONE CORPORATION,BSTONE
TEST DEAL OCT,TEST
JS BIDCO OYJ,BIDOYJ
GESTAMP AUTOMOCION SA,GESTSM
HKFOODS OYJ,HKSAV
SANMING TRAN INV,SMTRAN
CNO Global Funding,CNO
WATERS CORP,WAT
JINAN RAIL TRANSIT,JNRWVE
YALONG RIVER HYDROPOWER,ERTHYD
ENERGOS INFRASTRUCTURE HOLDINGS FINANCE (US) LLC,ENDYNO
YUZHONG STATEOWN MGTM,YZSTOW
BINGHATTI SUKUK 2 SPV,BINHLD
PRIO S.A.,PRIOBZ
Exelon Corporation,EXC
CSI MTN LTD,CSILTD
BANCO BTG PACTUAL/CAYMAN,BTGPBZ
EIDSIVA ENERGI AS,EIDSIV
CHEPLAPHARM ARZNEIMITTEL,CHEPDE
BANK CLER AG,BCSW
BANK OF CHINA - BANK - HONG KONG,BCHINA
JINAN HI TECH GROUP,JNHITE
GX ROAD CONSTRUCTION ENG,GXRCEG
Capgemini SE,CAPFP
HUANENG ZJ ENERGY DEVELO,HNZJNY
JIANGSU YUEDA GROUP,JIANYU
HEINEKEN NV,HEIANA
XIAMEN ROAD & BRIDGE CON,XMROAD
NAYANG INVESTMENT GRP,NANINV
WELLBORE INT SOL PARENT,WELBOR
IDOM INC,IDOMIN
CHINA MERCHANTS INNOVA,CMITOO
SHINHAN ASSET TRUST,SHINAT
Harbour Energy Finance (2) plc ,HBRLN
BANK OF QUEENSLAND LTD,BQDAU
CN POWER FINAN INVST HLD,CNPWFI
ASMODEE GROUP AB,ASMDEE
BARINGS BDC INC,BBDC
QD JJL HOLDING GROUP,QDGWC
NAN SHAN LIFE INSURANCE CO LTD,NSINTW
BMW CHINA CAPITAL,BMW
ATTICA EXPLORATION AS,ATTEXP
SPARBANKEN SKANE,SKANEB
FLORIDA POWER & LIGHT CO,NEE
Freistaat Bayern,BAYERN
DAIKIN INDUSTRIES LTD,DAIKIN
ENI SPA,ENIIM
SHAND DEV INV HLD GRP,SDDIHG
STATE GRID XINYUAN,STGRXY
HANA FINANCIAL GROUP - BROKER - SOUTH KOREA,HANFGI
W.R. GRACE HOLDINGS LLC,GRA
CITY DEV ENV,HNCDEN
SZ HI-TE INV VENTURE CAP,SZHTIV
"Cheniere Energy Partners, L.P.",CQP
FULTON FINANCIAL CORPORATION,FULT
INTER-AMERICAN DEVEL BK,IADB
ONCOR ELECTRIC DELIVERY,ONCRTX
SHAOXING PUBLIC UTILITIE,SHXWTR
MUFG BANK LTD SYDNEY,MUFG
TURKIYE VAKIFLAR BANKASI,VAKBN
REPUBLIC OF ARGENTINA,LECER
ECOENER SA,ENERSM
HF EAST NEW CITY INVESTM,HFENCI
USA COM PART/USA COM FIN,USAC
MUEHLHAN HOLDING GMBH,SHIDBO
GANYU URBAN DEVELOPMENT,LIAGAN
SATS LTD,SATSSP
Fresenius Medical Care AG,FMEGR
BOKF NA,BNKOKL
SVENSKA HANDELSBANKEN AB,SHBASS
JIANGSU SALT INDUSTRY GR,JSSALT
OMAN ARAB BANK SAOC,OMAB
ATHENAHEALTH INC,ATHENA
CHINA RAILWAY DEVELOP,CNRADI
UGANDA GOVERNMENT BOND,UGANGB
TAIHUWAN TOURISM DEV,WUTHWT
EQUITABLE AMERICA GLOBAL,EQH
CHUO-NITTOCHI,CHUNIT
CHINA SHAOXING WINE GR,SHXWIN
FOSHAN INV HOLD GROUP,FOSHUT
TSINGTAO BRWRY GR,TSGTAG
HITE JINRO,CHOBRE
GEPIC ENERGY DEVELOP,GSELEC
FED OF BOSNIA&HERZ,FEDBH
SPAREBANKEN LIDKOEPING A,SPLIDS
ALCOA NEDERLAND HOLDING,AA
CU DEPOSIT FNDG 2026-2,CUDEPF
NISSHIN OILLIO GROUP,NISHIN
SHAANXI ENERGY INVESTMEN,SXENIN
Interstate Power and Light Company,LNT
John Deere Capital Corp,DE
FIFTH THIRD BANK,FITB
ZUG ESTATES HOLDING AG,ZUGNSW
STEEN & STROM AS,SST
FUYAO GLASS GROUP CO LTD,FYGLAS
Gray Television Inc.,GTN
NANTONG INDUSTRIES HLD,NTINDU
"Weekley Homes, LLC",WEEKHM
PNC BANK NA,PNC
FLUIDSTACK,ZENARC
GYEONGGI PYEONGTAEK PORT,GGPTPT
SINOLIGHT CORP,SINOLI
YIT OYJ,YITYH
SINOCHEM CORP,SINOCH
SHANXI CONS INV GRP,SXCNIG
TERNA RETE ELETTRICA,TRNIM
SND FINANCIAL HOLDINGS,SNDFIN
TBEA XINJIANG NEW ENERGY,TBEACO
GJENSIDIGE FORSK,GJFNO
KIOXIA HOLDINGS CORP,6600
BEIJING CAPITAL DEVELOP,BECAPI
WATCO COS LLC/FINANCE CO,WATCOS
JIANGDONG HOLDING GROUP,MACONS
NEOPHARMED GENTILI SPA,NEGENT
Raiffeisen LB Niederoesterreich,RFLBNI
ASTRAZENECA,AZN
UPEXI INC,UPXI
NORDEA BANK ABP,NDAFH
GUNMA BANK LTD,GUNMA
XINJI RURAL COML BANK,XJRUCO
DEXIA,DEXGRP
HAMBURGER SPARKASSE,HASPA
OXFORD LANE CAPITAL CORP,OXLC
ZJ YUEQINGWAN RAILWAY,ZJYQWR
NANJING JIANG GROUP LTD,NANJIA
PRA GROUP EUROPE HOLDING,PRAA
ISRAEL TREASURY BILL MOF,ILTBIL
GX HONGGUI CAPITAL OPER,HGAESS
Piraeus Financial Holdings S.A.,TPEIR
DELHI,DELHI
FOSHAN FIN INV HOLD,FSFIHC
TRANSURBAN QLD FINANCE,TQLAU
COWAY CO LTD,WOONGJ
COLONIAL SFL SOCIMI,COLSM
TERNA - TRASMISSIONE ELETTRICITA RETE NAZIONALE SPA,TRNIM
"Constellation Brands, Inc.",STZ
ROYAL BK CANADA TORONTO,RY
Baltimore Gas and Electric Company,EXC
"SV RNO Property Owner 1, LLC",TRACTC
ALLEGIANT TRAVEL COMPANY,ALGT
WESCO DISTRIBUTION INC,WCC
BLACK PEARL COMPUTE LLC,BLKPRL
PACIFIC LIFE GLOBAL FUNDING II,PACLIF
YZ CONSTRUCTION GROUP,YZCEHC
WHITEFIBER INC,WYFI
European Union,EU
MET TOWER GLOBAL FUNDING,MET
DAIICHI SANKYO CO LTD,DAIICH
BIRKENSTOCK GROUP BV & C,BIRKEN
MITCH AND PEARL PLAY TAG,MNP
ALPHABET INC.,GOOGL
BANKAKTIEBOLAGET NORDISK,NOKRED
REPUBLIC OF ARGENTINA,ARGBON
YOKOHAMA CITY,YOKOHA
PRICOA GLOBAL FUNDING I,PRU
HUALU HOLDINGS GROUP CO,HUALUG
Jackson Financial Inc.,JXN
HP ENTERPRISE CO,HPE
ANA HOLDINGS INC,ANAIR
MISSISSIPPI POWER,SO
NIBC,NIBC
ZHEJIANG INTL GROUP CO,ZJINTL
NY STATE ELECTRIC & GAS,AGR
ASAHI LIFE 1 SR LOAN SEC,ASASEC
ZJ YIWU RURAL COM BANK,ZJYWRC
SUMITOMO LIFE INSUR,SUMILF
ILIAD SA,ILDFP
MRCDS BNZ AUTO FIN,BENZFI
YUEYANG HUILIN INVT,YYAHUI
HEZE INVT DEV GRP,HEZEIN
XIAMEN C&D CORP,XMCDLT
Robert Bosch Gesellschaft mit beschrankter Haftung,RBOS
SILICON ON INSULATOR TEC,SOIFP
ACGB,ACGB
BULGARIA,BGARIA
POLY DEV HOLDINGS GRP,POLYRE
MITSUI SUMITOMO INSURANC,MSINS
CENTRAL NIPPON EXPRESSWY,CENEXP
SCOTTISH HYDRO ELECTRIC,SSELN
PROCTER & GAMBLE [P&G],PG
PUGET SOUND ENERGY INC,PSD
Biffa Group Holdigs Limited,BIFFLN
SWISS RE AG,SRENVX
SUZHOU CONS INVEST DEVPT,SUCONS
DISTRITO ESPECIAL INDUSTRIAL Y PORTUARIO DE BARRANQUILLA,DIBACO
HOIST FINANCE AB,HOFISS
EMD FINANCE LLC,MRKGR
AMSTED INDUSTRIES,AMSIND
PLUSPETROL SA,PLUSPE
VOYA GLOBAL FUNDING,VOYA
KAZAKH GOV BOND METISKAM,MTSKAM
ARCH CAPITAL GROUP LTD,ACGL
Biffa Group Holdigs Limited,XXX
FUJIAN NANNAN RL BK,FJNNBK
STONEPEAK MOTION/FINCO,SPMOTN
LINK MOBILITY GROUP HLDG,LINKNO
NYFOSA AB,NYFSS
QIIB SENIOR ORYX LTD,QIIKQD
PHH CORPORATION,PHHESC
LANXESS AG,LXSGR
SAAB AB,SAABAB
TENGZHOU ST ASSET OP,TEZHSO
SINOHYDRO FOUNDATION ENG,SHYDFD
RIKISVIXILL,ICETB
AFRICAN DEVELOPMENT BANK,AFDB
TOYOTA MOTOR FINANCE BV,TOYOTA
SC JINTUO INVESTMENT CO,SCJTIV
ZHENGZHOU COMMUNI INVEST,ZZHCIN
PRINCIPAL LFE GLB FND II,PFG
XJ PROD&CONS CONS,XJPRCO
China Three Gorges International Limited,YANTZE
LondonMetric Property PLC,LMPLN
Coöperatieve Rabobank U.A..,RABOBK
TTM TECHNOLOGIES INC,TTMI
UNIVERSAL HEALTH SVCS,UHS
QUANTA SERVICES INC,PWR
VESTEDA FINANCE BV,VESTNL
OUE TREASURY PTE LTD,OUESP
"TALOS PRODUCTION, INC.",TALO
BANK OF GUANGZHOU CO,GUANGZ
SD NEW GROWTH DRIVERS FU,SDNGDF
HANWHA ENERGY CORP,HANSCC
BANCO SANTANDER SA/NY,SANTAN
GLP PTE LTD,GLPSP
Henkel US Finance LLC,HENKEL
"Sompo Holdings, Inc.",SMPHD
JIANGSU LIANYUNGANG PORT,JSLYGP
SIRIUS XM RADIO LLC,SIRI
SAPPORO CITY,SAPPOR
Takeoff Merger Sub Inc,SUMIAL
TRAVEL + LEISURE CO,TNL
QIDONG SOA INV HLD,QDSOAI
CHONGQING MACH & ELECS,CQMAEL
CHINALCO CAPITAL HLDG CO,ALCCPH
NINGBO THERML POWER,NGBOTM
HEXAGON AB,HEXAG
SUZHOU NEW HI TECH ASET,SUZNEW
LETRA TESORO CAPITALIZAB,LECAP
BANK OF XIAN,BKXIAN
CHALLENGER IM CAPITAL,CIMCAP
MDA SPACE LTD,MDACN
DONGGUAN RURAL BANK,DGRBAN
YIXING CITY INVESTMENT,YXINVE
The Seminole Tribe of Florida,SMTGEN
NATIONAL AUSTRALIA BK/NY,NAB
HY PUBLIC ASSETS MANAGEM,SHHNYN
NATIONAL BK HUNGARY BILL,MNB
PT DANANTARA INVESTMENT MANAGEMENT,DAINMA
PLUSPETROL S.A.,PLUSPE
Commercial Metals Company,CMC
"Beach Acquisition Bidco, LLC",SKECHR
LINYI CITY CONS INVT,LYURBN
KINGDOM OF JORDAN,JORDAN
JILIN STATE CAPIT OPERA,JLASSM
GLACIER CREDIT CARD TRST,GLCRTR
CF CAPITAL OPERATION GRP,CFCAOP
SUMITOMO MITSUI TR BK LT,SUMITR
CHINA XIONGAN GROUP,ZGXAGC
"Hoffman Schroff Holdings, Inc.",NVT
BT Finance plc,BRITEL
XINJIANG COCODALA SO INV,YLNSSH
DUBAI ISLAMIC BANK,DIBUH
MAURITIUS COMMERCIAL BAN,MCBMP
MANUFACTURERS & TRADERS TRUST COMPANY,MTB
BANK NEGARA INDONESIA,BBNIIJ
CNOOC INTERNATIONAL FINA,CNOOC
Republic of Benin,BENIN
FONECTA GROUP OY,FONTCA
XIANJIN INDUSTRY INVEST,HEFIND
AEP Texas Inc.,AEP
MOBIMO HOLDING AG,MOBNSW
CSCIF HONG KONG LTD,CSFCO
VIER GAS TRANSPORT GMBH-,VGASDE
TT VARLIK KIRALAMA,TTVRKL
CEMIG DISTRIBUICAO SA,CMIGBZ
HF SINCLAIR CORP,DINO
DEVELOPMENT BANK OF JAPAN INC,DBJ
BANGKOK BANK PCL/HK,BBLTB
Heimstaden Bostad AB,HEIBOS
"Broadridge Financial Solutions, Inc.",BR
PAMICA GROUP AB,PAMICG
JN ENERGY DEVELOP GROUP,JNEDGC
CHINALIN SECURITIES,CNLINS
NAGOYA RAILROAD,NAGOYA
Brenntag Finance BV,BNRGR
Republic of Guatemala,GUATEM
BNP PARIBAS SA,BNPPA
PROSPECT CAPITAL CORP,PSEC
JIANGSU EXPRESSWAY CO,JSEXPR
HUADIAN HUBEI POWER,HDHBPW
Vistra Operations Company LLC,VST
VICI PROPERTIES LP,VICI
Wisconsin Public Service Corp,WEC
SK GAS LTD,SKGAS
SD BINDA INDUSTRIAL GRP,SDBDIG
ANGANG GROUP CAPITAL HOL,AGGRCA
"BEUSA INVESTMENTS, LLC",BEUSAN
JIANGSU YINBAO HOLDING,JSYINB
HENAN ASSET MGMT,HNASST
ASIAN INFRASTRUCTURE INVESTMENT BANK,AIIB
EMERA US FINANCE LLC,EMACN
BACKBLAZE INC,BLZE
AKTOR SA HOLDING CO TECH,AKTRGA
CHANGSHA URBAN DEV,CSURBA
MONGOLIAN CBB,MONCBB
XINJIANG VITAL DEV CONS,XJWTDC
THE PROVINCE ENTRE RIOS,ENTRIOS
CHANGSHA CITY CONST INV,CHNGSH
ZJ INDUST DEVELOP HOLDIN,ZJCYKG
RESONA HOLDINGS INC,RESONA
MOBILIARE SA / MEXICO SA,MOBLMC
FIRST CITIZENS BANK,FCNCA
XI'AN HI-TECH HLD,XNHGTC
DBS BANK CHINA LTD,DBSSP
"International Consolidated Airlines Group, S.A.",IAGLN
SICHUAN FINANCIAL HLD,SCFIHG
ENDEAVOUR SILVER CORP,EDRCN
Landsbankinn hf.,LANBNN
MERCURY GENERAL CORP,MCY
MAIN STREET CAPITAL CORP,MAIN
YUNCHENG CONSTR INV DEV,YCUCID
SANYA PHOENIX AIRPORT,SANYPH
Brookfield Finance Inc.,BNCN
DAR AL-ARKAN SUKUK CO LT,DARALA
TANGSHAN HOLDING DEV GRP,TSHOLD
STATE BANK OF INDIA,PRELPP
DEUTSCHE LUFTHANSA AG,LHAGR
JIANGSU SUZHOU PORT,JSSZPO
DAI NIPPON PRINTING CO,DAINP
NOVO NORDISK FINANCE (NETHERLANDS) B.V.,NOVOB
HUNAN SILVER CO LTD,JINGUI
Banco Latinoamericano de Comercio Exterior SA,TBD
NOT APPLICABLE,CHDXCH
KR STUDENT AID FOUNDAT,KOSAFA
ALTRA FASTIGHETER AB,NYFSS
SEMINOLE TRIBE OF FL,SEMTRI
JINGMEN HIGH-TECH,JINGME
REDEXIS SA,REDEXS
Q&M DENTAL GROUP SINGAPO,QNMSP
HAINING STATE ASSET MGMT,HAINAS
KUNSHAN COMM DEV CO LTD,KUNSCO
TS INDUSTRY DEV INVST GR,TSIDIG
Novartis Finance SA,NOVNVX
BREAKWATER ENRGY HOLD,BRKWTR
bpi,OSEOFI
AMERICA MOVIL BV - NETHERLANDS,AMXLLM
LUZERNER KANTONSSPITAL,LUZKAN
CHPE LLC,CHPE
MITSUBISHI CORP,MITCO
NEC CAPITAL SOLUTIONS,NECLEA
SHANDONG PORT GROUP,SDPORG
Lloyds Bank Corporate Markets PLC,UKPONE
Service Properties Trust,SVC
NJ LISHUI INDUS INVEST,LSYDTR
ABANCA CORP BANCARIA SA,ABANCA
"American Financial Group, Inc.",AFG
TIBET 5100 WATER RES,TIBETW
GENERAL MILLS INC,GIS
HN SHUIWU INVESTMENT,HAINAS
STENDORREN FASTIGHETER,STEFBS
STARLING GROUP HOLDINGS,STARLG
BRIGHTGENE BIO-MEDICAL,SZBBPT
FUZHOU GUCUO GROUP,FZCTIC
OPEN UP GROUP INC,OPENUP
BankMuscat SAOG,BKMBOM
SM PRIME HOLDINGS INC,SMPHPM
LETRA TESOURO NACIONAL,BLTN
PETRO COMO / LUZ DE TRES,PCRD
CHANGZHOU JINLING INVEST,CZJLIN
BQDAU-WITHDRAWN,BQDAU
AGL ENERGY LTD,AGLAU
HANOVER INSURANCE GROUP,THG
ASSEMBLIN CAVERION GROUP,ASSEMB
Fastighets AB Balder,BALDER
Florida Power & Light Company,NEE
Sothebys Holdings Inc.,BID
ANGLO AMERICAN CAPITAL,AALLN
LIYUAN INTERNATIONAL CO,LSETID
BRIGHT FOOD SINGAPORE,BRTFOD
WTH CAR RENTAL ULC,WTHCAR
NextEra Energy Capital Holdings Inc,NEE
Development Bank of Japan Inc,DBJJP
CHONGKUNDANG HOLDINGS CO,CHOKUN
HAFSLUND AS,HAFECO
GENOVA PROPERTY,GPGPRE
CANTON OF SOLOTHURN,SOLEUR
SOVEREIGN NETWORK GROUP,SVNLN
XINJIANG KOKDALA OP CO,YLNSSH
TIETO OYJ,TIEVFH
BEH-PROPERTY CO LTD,BEIHPR
Targa Resources Corporation,TRGP
HEMSO FASTIGHETS AB,hemsof
Test 5,DUMMYTEST
European Investment Bank,EIB
SP SETIA BERHAD,SPSBMK
GULFSTREAM NATURAL GAS,GULFNG
Expand Energy Corporation,EXE
SHANGYU RURAL COMM BANK,ZJSYRU
Neo Systems PLC,NESP
HYATT HOTELS CORP,H
"Banco Nacional de M?xico, S.A., integrante del Grupo Financiero",BANMEX
KANSAI ELECTRIC POWER CO,KANSEL
SHENZHEN INTL HLDG,SZIHL
HEFEI HIGH TECH CITY DEV,HEFGAO
GUANGXI RAILWAY INV GRP,GXRAIL
BANKINTER SA,BKTSM
XIANDAI INVESTMENT CO,XIANDA
SHANGHAI INTERNATIONAL,SHAINT
GB AIT BUYER,AITWOR
POLY PROP GRP,BLPROP
TOYODA GOSEI CO LTD,TOYGOS
RAILWAY REAL EST,RLRLES
CQ GONGXIANG IND INV,CQGXII
QATAR NATIONAL BANK QPSC,QNBK
MINISTRY OF FINANCE OF THE PEOPLE'S REPUBLIC OF CHINA,CHINA
WEBSTER FINANCIAL CORP,WBS
BANK OF BARODA,BOBIN
PURE DATA CENTRES GROUP,OAKCAM
SARTORIUS FINANCE BV,SRTGR
INDONESIA GOVERNMENT,INDOGB
HOTEL SHILLA CO,SHILLA
AROUNDTOWN,ARNDTN
KONGSBERG MARITIME ASA,KONMAR
QINGDAO MUNI GOVT,QINGHA
BANK OF JIUJIANG,JUJGBK
CZ XINYUN URBAN DEVE GRP,XYCDGR
KOTAK MAHINDRA BANK LTD-MUMBAI HEAD OFFICE,KMBIN
PANZHIHUA URBAN CNSTRUC,PZHCDC
GUANGZHOU DIGITAL TECH,GZRAGR
BANQUE CANT GENEVE - SWITZERLAND,BCG
VERD BOLIGKREDITT AS,VERBOL
FUZHOU ZUOHAI HOLD,FZCOMM
NOT APPLICABLE,KFW
BONOS Y OBLIG DEL ESTADO,SPGB
CHONGQING DAZU IND DEV,CQDZID
TAIZHOU URBAN CONST INV,TZCONS
MOMENTIVE PERFORMANCE,MOMPER
MIZORAM,MIZORA
AMERANT BANCORP INC,AMTB
CONCH GROUP CO,CONCHG
ZI TRANSPORATION ENGINEE,ZJPTEC
KOREA EAST-WEST POWER CO,KOEWPW
CHN NUCLEAR ENGINEERING,CHNUEN
AUTOMATIC DATA PROCESSNG,ADP
CHANGSHA LUSHAN INV GRP,CSLUSH
Synovus Bank/Columbus GA ,SBC1
SARANA MULTI INFRASTRUKT,SMIPIJ
Iron Mountain Incorporated,IRM
SD EXPRESSWAY CONSTR MAN,SDEWCO
Nederlandse Financierings-Maatschappij voor Ontwikkelingslanden NV,NEDFIN
GOLUB CAPITAL CAP FND,GCRED
GAC CAPITAL CO LTD,GACCAP
ARJO AB,ARJOAB
Republic of Trinidad and Tobago,TRITOB
YUEKE FINANCIAL GROUP,YUEKEG
LAN & SPAR BANK,LASPDC
BWX TECHNOLOGIES INC,BWXT
CARMILA SA,CARDFP
"Worthington Steel, Inc.",WS
BAIN CAPITAL SPECIALTY F,BCSF
CHINA INDSTRL ASSET,CHINDM
NEW METRO GLOBAL LTD,FTLNHD
TELIO BID-WDRAWN,TELIOG
GRAND RVR FND TRST I,JXN
REGION RETAIL TRUST,SCAPRT
TC ENERGY CORP,TRPCN
XIAMEN XIANGYU GROUP,XIANGY
Investitionsbank Berlin,IBB
Navient Corporation,NAVI
AMERICAN INTERNATIONAL,AIG
FASTIGHETS AB TRIANON,TRIANB
SHUIFA GROUP CO LTD,SDWTAD
BAHAMAS GOVT REGD STOCK,BGRS
BMW US CAPITAL LLC,BMW
CHENIERE ENERGY INC,LNG
TANGRENSHEN GROUP,TNGRSH
INNER MONGOLIA FIN ASSET,IMFAMC
BANK JULIUS BAER & CO AG,BAER
PINGYANG GUOCHENG HOLDIN,PYGCHD
AerCap Funding Designated Activity Company,AER
The Province of Entre Rios,ENTRIO
INFRONT ASA,INFRNT
LOXAM HOLDING,LOXAM
NANPING WUYI NEW CO LTD,FJMBED
SAUDI GOVT SUKUK,KSASUK
KLEPIERRE SA,LIFP
JIAOZUO INVESTMENT,JZINVT
LOUIS DREYFUS COMPANY BV,LOUDRE
SHANGHAI PUDONG DEV/HK,SHANPU
Alliander NV,AALRNV
SHENZHEN ANJU,SZTLHG
CHINA DEVELOPMENT BANK CORPORATION - CHINA,SDBC
BT FINANCE PLC,BRITEL
LIANYUNG CONS HLD GRP,LYGUCH
KOREA DEVELOPMENT BANK,KDB
"Netflix, Inc.",NFLX
CARVANA,CVNA
MERLIN PROPERTIES SOCIMI,MRLSM
Thales SA,HOFP
SAKAI CITY,SAKCTY
CHINA COPPER,CNCPER
HUISHANG BANK,HSBANK
MAPLETREE TREASURY SVCS,MAPLSP
LGT BANK AG,LGT
KBC GROUP,KBCBB
PS CANADA FINANCE ULC,PSCANF
Auna S.A.,AUNA
TOGO TREASURY BILL,TOTB
DSB,DSBTOG
CASH MGMT BILL,CMB
BANK OF COMM LEASING,BCOMFL
ALLIANT ENERGY CORP,LNT
"HOFFMAN SCHROFF HOLDINGS, INC.",NVT
KATILIM VARLIK KIRALAMA,VAKIFK
International Development Association,IDA
AUTODESK,ADSK
AGRICULTURAL BK CHINA/SG,AGRBK
Goldman Sachs Private Credit Corp,GSCRED
SHELL FINANCE US INC.,RDSALN
WUXI HUAGUANG ENV,HUAENV
THE WALT DISNEY CO,DIS
JAMAICA TREASURY BILLS,JMTB
FORTISBC ENERGY INC,FTSCN
Royal Caribbean Cruises Ltd.,RCL
RBK BANK OAO,RBKKZ
DUKHAN BANK,DURKHA
ENGIE,ENGIE
Forvia SE,FSE1
BEIJING TIANJIE GROUP,BJTJGR
FUJIAN CONSTRUCTION ENGI,FJCONS
BJ INSRANCE INDUSTRL,BJINSR
GALDERMA FINANCE EUROPE,GALDSW
Block Inc.,XYZ
AIRBNB INC,ABNB
NVidia Corporation,NVDA
"Evergy Kansas Central, Inc.",EVRG
OTP BANK NYRT,OTPHB
GEMENT INTL ENERGY,GEMENG
PRELIMINARY BOND TEST,PRELPP
JINCHENG STT CAP INV,JNCHED
GREEN PALM BIDCO SARL,GRPABI
NETWORK FINANCE CO PTY L,NETFIN
MAURITIUS T-BILL,MAURTB
XINGCHENG DEV GRP CO,CSXCCI
HUADIAN ENERGY CO LTD,HEILON
JS YANCHENG PORT,JSYCPH
MONITCHEM HOLDCO 3 S.A.,CABBCO
DEUCE FINCO,DAVLLO
PILG PRIDE /PILG EUROPE,PPC
NYOCOR CO LTD,NYOCOR
QINGDAO WEST COAST,QDRK
HMH HOLDING BV,HMHHOL
Charlotte Buyer Inc,CBI
MERCEDES-BENZ GROUP AG,MBGGR
CONSTELLATION GLO FNDG,CONSGF
TEST  DEAL - OCT RELEASE,DUMMYTEST_JUL3
NABORS INDUSTRIES INC,NBR
CAPITAL AGRIBUSINESS GRP,CAAGGR
"Gaia Purchaser, Inc.",AMXGBT
GZ FINANCE GRP,GZFINH
BANC CREDITO INVERSIONES,BCICI
LOTTE AUTO LEASE CO LTD,LOTAUT
BANCO DESIO DELLA BRIANZ,BANDES
PACCAR FINANCIAL EUROPE B.V.-,PCAR
THE NATIONAL BANK OF RAS AL-KHAIMAH PSC-RAK HO,RAKBNK
KAILUAN ENERGY CHEMICAL,KAILUA
GREEN CROSS CORP,SANGA
CHARTER COMMUNICATIONS INC,CHTR
CR PHARMACEUTICAL COMMER,CRPCGC
PING AN INTL FIN LEASING,PINIFL
NAVIOS MARITIME PARTNERS,NMM
HYUNDAI CAPITAL CANADA,HYNMTR
AVNET INC,AVT
Ameren Corporation,AEE
WESBANCO INC,WSBC
LONSDALE FINANCE PTY LTD,LOFINA
CHENGYANG DEVELOP INVEST,QDCYDI
REGION WALLONNE,WALLOO
RUIFENG RURAL COM BANK,BANKRF
LX HAUSYS LTD,LGHAUS
Y SAATIO SR,YFNDAT
MERCADOLIBRE,MELI
Banco BTG Pactual S.A.,BTGPBZ
ECODC HOLDING AB,ECODCA
XM ITG CAPITAL GROUP,XMITGC
PATTERN ENERGY OP LP/PAT,PEGI
"Advanced Micro Devices, Inc.",AMD
KOREA MINE REHAB MINERAL,KOMRMR
HEATHROW FINANCE PLC,HTHROW
JBS NV/JBS USA Foods Group Holdings Inc/JBS USA Food Co Holdings,JBS
AVILEASE CAPITAL LTD,AVILES
SWISS LIFE AG,SLHNVX
BLACK PEONY GR,BPEONY
INRETAIL SHOPPING MALLS,INRSHM
CN INTL MARINE CONTAINER,CIMCGP
Eastern Power Networks PLC,UKPONE
TAIZHOU XINBINJIANG,TZNWBN
PERENNIAL TREASURY PTE,PREHSP
TENNET NETHERLANDS B.V.,TENNNL
K HOVNANIAN ENTERPRISES,HOV
TAICANG WATER GRP,TCWATR
SPAREBANK 1 SOR-NORGE,SRBANK
SITIME,SITIME
OLD REPUBLIC,ORI
SBL HOLDINGS INC,SECBEN
FLUTTER TREASURY DAC,FLTR
CARC - CALIFORNIA RESOURCES CORPORATION (DEBTOR IN POSSESSION),CRC
Eni S.p.A.,ENIIM
ANHUI PROV INVESTMENT,ANHUII
UZBEKISTAN T-BONDS,UZBTTB
Coca-Cola Europacific Partners PLC,CCEP
ABN AMRO BANK N.V.,ABNANV
DOLCETTO HOLDCO SPA,DOLCTH
VESTA,VESTA
WENZHOU SO CAPITAL INV,WZFINI
BROOKFIELD OFFICE PROP,BPOCN
CompaÃ±Ã­a EspaÃ±ola de LaminaciÃ³n S.L.,TBC
Matador Resources Company,MTDR
FN AGRICULTURAL DEVELOP,FNCOAG
HUNAN PROVINCE GOVT,HUNANG
SUMITOMO FORESTRY CO LTD,SUMIFR
XM JIANFA EMERGING INDUS,XMJFEI
TELEFLEX INCORPORATED,TFX
IMMOBILIARE GRANDE DIST,IGDIM
ROYAL BANK OF CANADA,RY
VERSANT MEDIA GROUP INC,VSNT
Goldman Sachs Private Credit Corp.,GSCRED
SINGAPORE T-BILLS,SITB
SK TELECOM CO LTD,SKM
SRC SUKUK LTD,SARSTA
POWERCHINA RESOURCES LTD,PCHNRE
PROMIGAS SA ESP,PROMIG
FIRST SPONSOR GROUP LTD,FSGSP
KOREA MINE REHABILITATION & MINERAL RESOURCES CORP,KOMIR
Muthoot Finance Ltd,MUTHIN
AZERION GROUP NV,AZRNLN
FIRSTENERGY TRANSMISSION,FE
KANAGAWA PREFECTURE,KANAP
EQB INC,EQBCN
JP MORGAN CHASE AND CO,JPM
MEXICO CETES,MCET
CIGNA GROUP/THE,CI
DNO ASA,DNONO
WESTFIELD STRATFORD NO 3,WSTSTR
"Evergy Metro, Inc.",EVRG
AMS-OSRAM AG,AMSSW
Cardinal Health Inc.,CAH
COLOMBIA TES CORTO PLAZO,COLTC
AXA LOGISTICS EUROPE MASTER [ALEM],AXALEM
MASSMUTUAL GLOBAL FUNDIN,MASSMU
CANADA HOUSING TRUST,CANHOU
DOMINICAN REPUBLIC BON,DRCBN
DRC TREASURY BILL,DRCTB
CYPRIUM CORP/CYPRIUM HOL,VGNT
BOELS TOPHOLDING BV,BOELST
British American Tobacco p.l.c. (B.A.T),BATSLN
SUZHOU RAIL TRANSIT,SUZRAI
DELEK LOG PART/FINANCE,DKL
OXFORD FINANCE LLC,OXDFLL
HOST HOTELS & RESORTS LP,HST
"General Motors Financial Company, Inc.",GM
SHANGHAI ELECTRIC GROUP,SECGRP
Heathrow Funding Limited,HTHROW
BETSSON AB,BETSBS
YICHUN TRANS INV GRP,YCTIGC
TENET HEALTHCARE CORP,THC
TOBU RAILWAY CO,TOBRAI
WINBOND ELECTRONICS CORP,WINBON
PROJECT REM SEC,REMSQC
VIVION INVESTMENTS,VIVION
SPARKASSE KOELNBONN,SPKKB
CINDA INVESTMENT,XINDAI
LUNDBERGFORETAGEN AB,LUNDBS
Grupo EnergÃ­a BogotÃ¡ S.A. E.S.P.,GEB
ACUSHNET COMPANY,GOLF
DARTMOUTH COLLEGE,DARMTH
Test 2,DUMMYTEST  HSBC
AKAMAI TECHNOLOGIES INC,AKAM
HUAQIN TECHNOLOGY CO LTD,HUATEC
DTE ELECTRIC CO,DTE
CANTON OF BERN,BERN
CENTRUS ENERGY CORP,LEU
SCIENCE CITY GZ DEVELOP,SCCGDP
KAZAKHSTAN GOVT-METISKAM,MTSKAM
KINDER MORGAN INC,KMI
FARM CREDIT BK OF TEXAS,FARMCB
Heidelberg Materials AG,HEIGR
ING Groep N.V.,INGA
Orange SA,ORAFP
"Global Payments, Inc.",GPN
REPUBLIC OF CHILE,CHILE
RAGHSA SA,RAGHSA
SKANDINAVISKA ENSKILDA,SEB
HAIAN ECO TECH DEVE ZONE,HNDEEC
NORD-TRONDELAG HOLDING,NOELEK
HERBALIFE LTD,HLF
"Kilroy Realty, L.P.",KRC
ARXO FINANCE PLC,ARXOFN
RAIFFEISEN BANK INTL,RBIAV
ICCREA BANCA SPA,ICCREA
Grupo Nutresa S. A.,NUTRESA
BNG Bank N.V.,BNG
HENNES & MAURITZ AB,HMBSS
SEADRILL FINANCE LTD,SDRLNO
Repubblica di San Marino,SMGB
MALTA GOVERNMENT,MALTA
BANK OF VALLETTA PLC-ST VENERA HEAD OFFICE,BOVMV
NATIONAL AUSTRALIA BANK,NAB
Zurich Finance (Ireland) II Designated Activity Company,ZURNVX
CN NUCLEAR INDUSTRY FIFT,CHNUFC
SICHUAN ZIGONG HUIDONG,SCDFGU
TRANSPORT FOR LONDON,TRANLN
ASEEM INFRASTRUCTURE FIN,ASMFIN
HUANENG CAPITAL,HNCAPI
Paragon Bank PLC,PARA
Massachusetts Mutual Life Insurance Company,MASSMU
VoltaGrid LLC,TBD
Aareal Bank AG,AARB
HOWARD HUGHES CORP,HHH
VISTRA OPERATIONS CO LLC,VST
RCI BANQUE SA,RENAUL
CONCENTRIX CORP,CNXC
Japan Finance Organization For Municipalities,JFM
EVERGY MISSOURI WEST INC,EVRG
NEXTERA ENERGY INC,NEE
ZURICH INSURANCE GROUP AG,ZURNVX
MING YANG SMART ENERGY,MINYAN
JOINTOWN PHARMACEUTICAL,JOINTW
EAST JAPAN RAILWAY CO,EJRAIL
CDC DATA CENTERS AU PTY,CDCAUS
MITSUBISHI ESTATE LOGIST,MIESLO
JAPFA COMFEED TBK PT,JPFAIJ
BANK OF NEW ZEALAND,BZLNZ
STARHUB LTD,STHSP
LINCOLN FIN GLBL FUNDING,LNC
WYNNTON FUNDING TRUST,AFL
REPUBLIC OF KENYA,KENINT
CNTD SUCCESS CO LTD,WUXICO
GLENCORE PLC,GLENLN
"PSP Capital, Inc.",PSPCAP
HENGYANG CITY CONSTRUCT,HYCINV
TREAS-WITHDRAWN,TCV
INTERCONTINENTAL HOTELS,IHGLN
HZ IRON STEEL GROUP,HZIRST
TAMARACK VALLEY ENERGY L,TVECN
BANK OF CHANGSHA,CHASHB
Allwyn Entertainment Financing (UK) PLC,SAZKAG
ALCON FINANCE CORPORATION-,ALCSW
POCKET CARD CO LTD,POCKET
ASIAN INFRASTRUCTURE INV,AIIB
Assemblin Caverion Group AB,ASSEMB
TK PENSION INSURANCE,TKPNIN
ICHINEN HOLDINGS,ICHINE
National Fuel Gas Company,NFG
TIANJIN BOHAI CHEM,BHCHEM
Canadian Imperial Bank of Commerce,CM
PEOPLE'S REPUBLIC OF CHI,CHINA
HUNAN ASSET MANAGEMENT,HNAMCL
VS CAP MAN SDN BHD,VSINBH
WEIHAI HUANTONG INV,WHHTTZ
CANADA T-B WHEN ISSUED,CTBW
LIXIL CORP,TOYOSA
SIG COMBIBLOC PURCHASER,SIGCBL
ISHIKAWA PREFECTURE,ISHPRE
MERCEDES-BENZ CA FIN INC,MBGGR
GRANDTOP YONGXING GROUP,GRANYX
IUTECREDIT FINANCE SARL,IUTECR
BANE NOR EIENDOM,BANEDM
LLOYDS BK CORP MKTS PLC,LLOYDS
GUANGZHOU RURAL BANK,GZHRCB
CMB FINANCIAL LEASING,CHINAM
JORDAN T-BILLS,JORTB
CHINA DEVELOPMENT BANK S,SDBCSE
ADI Global Distribution Funding LLC,TEMP
BBVA MEX BANCA GRUPO TX,BBVASM
BANCO MACRO SA-BUENOS AIRES HEAD OFFICE,BMAAR
SKJERN BANK,SKJEDC
SK INC,SKCCCO
FJ SANMING EXPRESSWAY,SMFYHW
ARDAGH METAL PACKAGING FINANCE USA LLC,AMPBEV
ZURICH FINANCE IRELAND 2,ZURNVX
"Development Bank of Japan, The",DBJJP
Saturn Insurance Inc,STUN
GUANG YING INVEST,GZFINH
CN NUCLEAR INDU 22ND CON,NUINTT
HUNAN ENERGY GROUP,XNGTOU
BPER Banca S.P.A,BPEIM
NEC,6701
BANCA D'STATO CANT TICIN,BQTESS
XUANCHENG ASSET INVST,XUNSTA
HANKOU BANK,HANKBZ
CROATIA,CROATI
TCL INDUSTRIES HOLDINGS,TCLINH
CORE SCIENTIFIC FINANCE I LLC,CORZ
SD ENERGY GROUP LUXI MIN,SDENGR
ZIBO CAIJIN HLD CO,ZBJRKG
SICHUAN ADVANCED MATERIA,SCAMIV
NUVEEN LLC,TIAAGL
SEIBU HOLDINGS INC,SEHOJP
Test deal,DRBS
INFORE GROUP,INFORE
Viking Cruises Ltd,VIKCRU
SH DAZHONG PUBLIC UTILIT,SHDAZH
Cassa Depositi e Prestiti,CDEP
CN OVERSEAS FIN KY VIII,CHIOLI
YICHENG NEW ENERGY,XINDMA
"PR RNO PROPERTY OWNER 1, LLC",TRACTD
THE BANCORP INC,TBANCI
CIMB GROUP HOLDINGS BHD,CIMBMK
YOUNITED SA,YOUNI
CQ JIANGJIN LUOHUANG,CQJJLH
MIRAE ASSET LIFE INSUR,MIRINS
CN RAILWAY SEVENTH GROUP,CRSGCN
ICBC - RM - HONG KONG,ICBCIL
"Banco Santander, S.A.",SANTAN
"OWENS-BROCKWAY GLASS CONTAINER, INC.",OI
DIGICEL INTERNATIONAL FINANCE LIMITED,DIINFL
Springleaf Finance Corporation,OMF
ZC DONGJIN WATER SUPPLY,GZZCDD
NYKREDIT HOLDING AS,NYKRE
BANK VONTOBEL AG,VONTOB
BANCO DO BRASIL (CAYMAN),BANBRA
THE MOSAIC CO,MOS
JINDING IND & FIN HLD,SCJDIF
XUZHOU GUANGHONG COMM,GHCCDV
GIGA MAIS FIBRA LUX,ALLOHA
MARSH & MCLENNAN COS INC,MRSH
PEACEHEALTH OBLIGATED GR,PEAHEA
AVIC INTERNATIONAL LEASE,AVIILC
GUIZHOU COMM CONST GROUP,GZCMCT
"Mizuho Financial Group, Inc",MIZUHO
ZJ CULTURE BROADCASTING,ZJCBIG
RY LRCN 60NC7,RY
"CENTURY COMMUNITIES, INC.",CCS
"United Rentals (North America), Inc.",URI
TIANJIN CITY CONSTRUCTIO,TJNCON
MMG LTD,MMLTF
 AVILEASE CAPITAL LIMITED,AVILES
HEFEI CONSTR INVEST GRP,HEFEIU
BQ CANTONALE DE GENEVE,BCG
CHINA LONGYUAN POWER GRO,LONGYU
GG12 SPA,GGTWLV
"CVR Energy, Inc",CVI
Studio City Company Limited,STDCTY
CENTRAIS ELETRICAS BRASILEIRAS SA ELETROBRAS,ELEBRA
NEW ZEALAND GOVERNMENT,NZGB
QINGHAI STATE ASSET INV,QHSAIM
CHANGSHA METRO GROUP CO,CSMTRG
TRANSOCEAN INC,RIG
OneMain Finance Corp.,OMF
SELP ADMINISTRATION S.A.R.L,SEGPLP
LIGHT & WONDER INTL INC,LNW
QUZHOU STATE CAPITAL,QZSOAT
Brookfield Asset Management Ltd.,BAMCN
Vestas Wind Systems A/S,VWSDC
Heineken NV,HEINE
QINGDAO CAITONG GROUP CO,QDCTGP
SHENGYU INVESTMENT,YZSYIN
HANGZHOU FIN INVST GP,HFIGCZ
CREDIT AGRICOLE HOME LOA,ACACB
FLIGHT CENTRE LTD,FLTAU
Bureau Veritas S.A.,BVIFP
MKS INC.,MKSI
Threelands Energy Ltd S.a. r.l. ,THREEL
CHINA POLY GROUP CO LTD,CHPOLY
ZHANGJIAKOU TONGTAI GR,TONGTA
Pacific Life Global Funding II,PACLIF
CA NEXT BANK SUISSE,ACANXB
Broadcom Inc.,AVGO
BANK OF GUIZHOU,BKGIZH
EXPEDIA GROUP INC,EXPE
LV BONDS PLC,LVFRSC
REPUBLIC OF FINLAND,FINL
ERSTE GROUP BANK AG,ERSTBK
CHINA POST SECURITIES,CHPOSE
BRIGHTSTAR LOT/BRIGHSTAR,BRSL
WESTERN SUPERCONDUCT TEC,WESSUP
THE PROVINCE OF ENTRE RIOS,ENTRIO
TAIZHOU LUQIAO PUB ASSET,TZLQPA
BPCE SA,BPCEGP
INVENTIVE GLOBAL INV LTD,ABCIHL
CHANGCHUN NEW DISTRICT,CCNDDG
XIAOGAN CONSTR INV CORP,XGUCIC
KREISSPK LUDWIGSBURG,KRSLDB
LETRA DEL TESORO NACIONA,LETAM
HANA CAPITAL,HANFGI
HT TROPLAST AG,PRFINE
CHALLENGER ANNUITY TWO,CGFAU
WUHAN WATER GROUP,WHURBA
SHOUGUANG CITY INVESTMEN,SGCIHD
HOWDEN GROUP,TBD
"NATIONAL MENTOR HOLDINGS, INC. [BOSTON]",TBD
KUWAIT INTERNATIONAL BK,KIBKK
TEACHERS INSUR & ANNUITY,TIAAGL
XJ FINANCIAL INVEST,XJFINV
VODAFONE INTERNATIONAL FINANCING DESIGNATED ACTIVITY COMPANY,VOD
CASH MNGMT BILL,CMBR
"Qnity Electronics, Inc.",QNTELE
QNITY ELECTRONICS INC,QNTELE
Korea Export Import Bank - KEXIM,EIBKOR
RANGE INTELLIGENT COMPUT,RGITCT
TIANJIN TEDA RES RCY GRP,TJTEDA
SAARLAND,SAARLD
CDW Corporation,CDW
GOVERNMENT OF THE DEMOCRATIC REPUBLIC OF THE CONGO,DRCONG
EQUITABLE BANK,EQBCN
YINGTAN SOA MANAGEMENT,YTINVT
LIFTING CONTROL HLDGS,LCHSPA
QINGDAO PORT GROUP,QDPORT
NANKAI CO LTD,NANKAI
DUTCH TREASURY CERT,DTB
2YR JGB WHEN ISSUED,WIJ
HUAIHUA INDUS PARK INV C,HHINPA
Province of British Columbia,BRCOL
ADIDAS AG,ADSGR
Canadian National Railway Co,CNRCN
TX HONGQIAO PARK INDU,TXHQYI
TAMBURI INVST PARTNRS,TIPIM
CHINA EDUCATION GROUP,CHEDUC
"PENN ENTERTAINMENT, INC.",PENN
AGREE LP,ADC
XIAMEN C&D GROUP CO LTD,XMCDLT
BPER Banca SpA,BPEIM
Golomt Bank Joint Stock Company,GLMTMO
WUXI CHENGNAN CONS DEV,WXCNDV
CHENGDU CITY CONS GR,CDDEIN
BOXINYUAN INTERNATIONAL,PUKOUE
VIKING BAKED GOODS ACQUI,RISBAK
WESTERN MIDSTREAM OPERAT,WES
KOBE STEEL LTD,KOBSTL
"Global Medical Response, Inc.",AIMEGR
AZERBAIJAN CENTRAL BANK,AZERTN
mississippi power TEST,SO
AMERITEX HOLDCO INTERMED,AMEPIP
BCMFA BILLS,BCMFAP
KYRGYZ C-BILL,NBTKR
THAILAND GOVERNMENT BOND,THAIGB
ALPHA GENERATION,ALPGEN
SUZANO NETHERLANDS BV,SUZANO
QD HUIHONG INDUS HOLDING,QDHHKG
Westpac Banking Corporation,WBC
SDIPTECH AB,SDIPTE
EQUIPMENTSHARE.COM INC,EQMSRM
EVERGY INC,EVRG
"CSDC FINANCE I, LLC",CLSPRK
SOUTHWEST CEMENT CO LTD,CNABLM
HN XINHUI CONS INV,HNXHCI
CONSTELLATION OIL ,COSHSA
HONDURAS GOVERNMENT,HONDUR
"Pepsico, Inc.",PEP
SGS FINANCE BV,SGSNVX
E.ON INTL FINANCE BV,EOANGR
Autostrade per l'Italia S.p.A.,ATOSTR
AGENCE CENTRL DES ORGNMS,ACOSSL
HK CYBERPORT MANAGE,HKCMCL
Rheinmetall AG,RHMGR
Municipality Finance,KUNTA
MOON KING LTD,YXREIT
SBI HOLDINGS INC,SBIHLD
URUMQI GAOXIN INV,UMQHTH
"Honda Motor Company, LTD",HNDA
ISTITUTO PER IL CREDITO,ISCRSP
Stellantis N.V.,STLA
UPPSALA KOMMUN,UPPSAL
HULIC CO,SHOCOM
HENAN PROVINCE GOVT,HENANG
CCTS EU,CCTS
Telekom Srbija a.d.,TELSER
SES FINANCING SARL,SESGFP
HYOGO PREFECTURE,HYOGO
ZHANGJIAGANG ECO DEV,ZHJGEC
"FedEx Freight Holding Company, Inc. ",FDX
PENN ENTERTAINMENT INC,PENN
VSP OPTICAL GROUP INC,VSPOPT
BJ NEW BLDNG MTRL GR,CNABLM
STILLFRONT GROUP AB,SFSS
POWERCHINA ROADBRIDGE,PWCHRD
ADAPTIVE BIOTECHNOLOGIES,ADPT
YUEKAI SECURITIES CO LTD,LIANXS
MINI MALL STORG PRP TRST,MMSPTS
TELENET FINANCE LUX NOTE,TNETBB
POWERCN NUCLEAR POWER EN,PCNNCL
CAISSE DE REFINANCEMENT DE L'HABITAT,CRH
FUKUI PREFECTURE,FUKUI
REPUBLIC OF SOUTH AFRICA,SAGB
PERMANENT TSB GROUP,PTSB
HUNAN CONSTRUCTION INVES,HNCSTR
SOUTHWEST AIRLINES CO,LUV
VALVOLINE INC,VVV
MILEWAY,MILEWY
PRIVATE EXPORT FUNDING,PEFCO
JIANGSU YANGHE GROUP,JSYHGC
HIROGIN HOLDINGS INC,HIROGI
888 Acquisitions Limited,GAMHOL
CLAVONA BIDCO APS,CLAVBD
RAIFFEISEN LB STEIERMARK,RFLBST
SPAIN LETRAS DEL TESORO,SGLT
FWD GROUP HOLDINGS LTD,FWDGHD
"MITSUI & CO., LTD.",MITSCO
ZENITH ARC LLC,ZENARC
ENTERGY MISSISSIPPI LLC,ETR
SOTETSU HOLDINGS INC,SAGRAI
I-80 GOLD CORP,IAUCN
SUINING KAIDA INVESTMENT,SNCHZH
DIODES INC,DIOD
PNB MERDEKA VENTURES SDN,PNBMK
DREAM INDUSTRIAL REIT,DIRUCN
PANAMA NOTAS DEL TESORO,PANOTA
PAKISTAN HYBRID SUKUK,PKGHS
WH FINANCIAL HOLDINGS,WUECDE
DANING ASSET MGT,SHANGH
PORT OF DALIAN CORP,PDACRP
Cheplapharm Arzneimittel GmbH,CHEPDE
LN CHENG DA CO LTD,LNCHDA
HEBEI BOHAI INVESTMENT,HEBOIN
ION Corporates Investment Group Ltd,TBC
EASTERN POWER NETWORKS,UKPONE
XINYANG CONSTR INVEST GR,XYCIGC
DYNO NOBEL LTD,DNLAU
BROWN-FORMAN CORP,BFB
Digi Romania S.A.,RCSRDS
WASTE MANAGEMENT OF CANA,WM
RELIANCE LP,RLNCE
TRINIDAD & TOBAGO T-BILL,TRINTB
Inter-American Development Bank,IADB
ENCORE CAPITAL GROUP,TBD
LONGI GREEN ENERGY TECH,LONGI
HUZHOU CITY INV DEV GP,HZCONI
KEB HANA BANK,KEBHNB
ROGER B GETS A CAT,RB
MIZRAHI TEFAHOT BANK LTD,MZRHIT
DUMMY TEST August 21,DUMMYTEST
Mercadolibre Inc.,MELI
XPARTNERS SAMHALLSBYGGNA,XPASAM
Schlumberger Investment S.A.,SLB
ICELAND BONDCO PLC,ICELTD
MAXIMA GRUPE UAB,MAXGPE
KUM KANG INDUSTRIAL CO,KKANIN
Roquette Freres SA,ROQFRE
VALLEY NATIONAL BANK,VLY
Cooper-Standard Automotive Inc.,CPS
COELI GROUP AB,COELIG
LAOS GOVERNMENT INTL BON,LAOSIN
BW ENERGY LTD,BWENO
UNIVISION COMMUNICATIONS INC.,UVN
The Howard Hughes Corporation,HHH
PANZHIHUA PANXI SCIENCE,PPSTCD
"SE COSMOS, LLC",TBD
Telefonica Emisiones SA,TELEFO
BJ UNI-CONST GROUP,BJZZGR
STARWOOD PROPERTY TRUST,STWD
VIRIDIAN THERAPEUTICS IN,VRDN
Mediocredito Centrale - Banca Del Mezzogiorno S.p.A.,BNCMCC 
PINGHU GUOFA INV GRP LTD,PHGFIN
Blackstone Private Credit Fund,BCRED
Hydro One Inc,HYDONE
ZHONGYING INVST DEVELOPM,ZHXYID
SHANGHAI LINGANG ECONOMI,SHLGED
SEATRIUM FINANCIAL SERVI,SMMSP
NATS (En Route) PLC,NATSER
AZUL SECURED FINANCE LLP,AZUBBZ
L-BANK BW FOERDERBANK,LBANK
BITFARMS LTD,BITFRM
BANCO SANTANDER TOTTA SA,SANTAN
GX FINANCIAL INV GROUP,GXFING
CPUK FINANCE LTD,CPKLN
HL HOLDINGS CORP,MANDOC
AMERICAN NATIONAL GF,ANGINC
PILG PRIDE /PILG EUROPE,PRELPP
AUSTRALIA NEW ZEALAND BANKING GROUP (ANZ) - AUSTRALIA,ANZ
LA DORIA SPA,LDIM
BEIJING ENTERPRISES GRP,BJENTE
SZ KUNPENG EQUITY,KUNPEQ
GOLUB CAPITAL BDC,GBDC
COLES GROUP TREASURY,CGJAU
BOREO OYJ,BOROYJ
TENNET NETHERLANDS BV,TENNNL
DUCK & GOOSE FIND A PUMPKIN,DNG
CHINA EAST INTL FI LEASE,CEIFLE
Republic of Austria,ROA1
ACHMEA BANK - NETHERLANDS,ACHMEA
Oriental Republiic of Uruguay,URUGUA
MITSUBISHI MATERIALS,MITMAT
IRAQ CENTRAL BANK BILL,IRAQCB
SOFTBANK GROUP CORP,SOFTBK
NICKEL INDUSTRIES LTD,NICAU
SANTANDER HOLDINGS USA,SANUSA
TFI OVERSEAS INVESTMENT,TIANFS
DBR LAND HOLDINGS LLC,LB
VITTORIA ASSICURAZIONI,VITTAS
CHONGQ TOURSM CULT,CCTCCD
AFRICA FINANCE CORP,AFRFIN
CHINA LIFE PROPERTY & CA,CNLIFE
URBAN RENAISSANCE AGENCY,HUDC
AUSTRIAN T-BILL,RATB
CHENGDU DONGJIN INVEST,CDHXIG
XIAMEN C & D INC,XIAMCD
NANJING COMM CONS & INV,NJCOMM
CETHIK GROUP LTD,CHELTE
TEST,DUMMYTEST
XIAMEN HAICANG INVEST,XMHCIV
Nederlandse Waterschapsbank NV,NEDWB
TRILLIUM M PROJECT CO GP,TMGPCN
SHANXI FIN INV HOLDINGS,SXFIIN
MOBILIARE SA / MEXICO SA,MOBMLC
WOORI BANK/SYDNEY,WOORIB
NICHIREI CORPORATION,NICHIR
ZAOZHUANG BANK,ZAOZHB
TATA CAPITAL LTD,TATSON
BURJEEL HOLDINGS PLC,tbc
OEKB OEST. KONTROLLBANK,OKB
TAIYUAN IRON & STEEL GRP,TAIYUA
APLD COMPUTECO 2 LLC,PFORGE
GHANA GOVERNMENT BOND,GHGB
XI'AN QUJIANG CULTURE,XAQJCL
AEP TRANSMISSION CO LLC,AEP
WUESTENROT BAUSPARKASSE,WUWGR
SX FINANCIAL ASSETS MMT,SXFIAM
WAFER WORKS SHANGHAI,WWSHAI
Haleon plc,TBD
"ANZ New Zealand (Int'l) Limited, London Branch",ANZNZ
SPITAL MAENNEDORF AG,SPIMAE
Constellation Global Funding,CONSTL
"Elk Grove Village Property, LLC",EGVP
THREELANDS LTD SA RL,THREEL
"CROSSCOUNTRY INTERMEDIATE HOLDCO, LLC.",CROSIN
HUANTAIHU INTL INV CO LT,HEDGCN
LINGANG INVESTMENT GROUP,LZLGIV
SUZHOU SUNGENT HLD,SUNGNT
ADECCO INTERNATIONAL FINANCIAL,ADNVX
YANTAI GUOFENG INV HOLD,YTGFIH
HD HYUNDAI OILBANK,HYUOIL
CQING YOUZHOU CULT ARTIS,CQYZCU
lloyds banking group plc,LLOYDS
WISTRON CORP,WISTRO
PLANET LABS PBC,PL
American Airlines Inc,AAL
OCP Group S.A.,OCPMR
JIANGSU YONGGANG GROUP,JSYGCO
E.W. SCRIPPS,SSP
NIIGATA PREFECTURE,NIIG
FERROVIE DELLO STATO,FERROV
CHINA REFORM SECURITIES,HUARNG
JINJIANG URBN CONST INV,JJUCID
SUZHOU ENERGY DEVELOPMEN,SUENDP
FORTUNE STAR BVI LTD,FOSUNI
SAMMONS FINANCIAL GROUP,SAMMON
PINNACLE FINANCIAL PARTN,PNFP
HYDRO ONE INC,HYDONE
GHANA T-BILLS,GHTB
EAST NIPPON EXPRESSWAY,EASEXP
Freistaat Thueringen,THRGN
TROY COMPANIES INTERNATI,TROYCO
SCENTRE GROUP,SCGAU
ZOUCHENG URBAN ASSETS,ZOUCAO
UNION T OF PUDUCHERRY,PUDUCH
JIANGSU BAOHAN LEASING,JSBHLC
ISLANDSBANKI,ISLBAN
CHINA NATL GOLD GROUP,CHGOLD
COX MEXICO ,TBD 
Sandoz Finance BV,SDZSW
OBOS BANKEN AS,OBOS
Voya Global Funding,VOYA
Southern California Gas Company,SRE
TAP SA,TAPTRA
SC CITADELE BANKA,CITADE
ING Bank NV,INGI
SUMITOMO METAL MINING CO,SUMIMM
Dexia SA,DEXIA
UBS AG AUSTRALIA,UBS
JS GUOTAI INTERNATIONAL,JSGTIN
CHINA CONS INST GROUP CO,CCINST
KRCREDITGUARANTEEFUND,KOCRGF
SUKUK BANK INDONESIA,SUKBIJ
POWERCHINA HB ENGINE COR,PCHBEC
HUANENG LANCANG HYDRO,HUANEN
ZHEJIANG SEAPORT,ZHJSEA
Alimentation Couche Tard Inc.,ATDBCN
ANZ Banking Group Limited,ANZ
ALLY FINANCIAL INC,ALLY
TEACHERS MUTUAL BANK LTD,TEACHM
Republic of Indonesia,INDON
Swiss Life Finance I AG,SLHNVX
HEAVY METAL EQUIP & RNTL,HVYMTL
GOVERNMENT OF THE KINGDOM OF BELGIUM,BGB
TOHOKU ELECTRIC POWER,TOHOKU
FOSUN HI-TECH GROUP,FSHITZ
GO RESIDENTIAL OPERATING,GONYFO
GLOBAL PAYMENTS INC,GPN
CHINA RESOURCES LAND LTD,CRHZCH
OSISKO GOLD GROUP INC,OGGCN
EQUITABLE AMERICA GLOBAL FUNDING,EQH
"ION Platform Finance US, Inc.",TBC
HANIL CEMENT CO LTD,HANILC
Wayfair LLC,W
BANK OF JINING,JINIBK
HARBIN INVEST GROUP,HBINVT
HUAINAN IND DEV CO LTD,HNAIDI
AERCAP IRELAND CAP/GLOBA,AER
SHIMIZU CORP,SHIMIZ
SECOND HARBOUR ENGINEERI,CSHBEG
CHINA EVERBRIGHT ENV GRP,CHINEV
HANWHA RESORT CO LTD,HANWHA
CENTURY ALUMINUM COMPANY,CENX
ORBIT CAPITAL PLC,ORBCAP
FS LUXEMBOURG S.A R.L.,FSBIOE
LAND SACHSEN-ANHALT,SACHAN
TOYOTA CREDIT CANADA INC,TOYOTA
INVESTMENT AB LATOUR,LATOAS
CB FIRST INVESTMENT BANK,FSTINV
DANONE SA,BNFP
BELL CANADA,BCECN
BLUEWATER HOLDING BV,BLUEWA
CCCC INVESTMENT CO LTD,CHCOMU
INNER MONG TRANS GROUP,NMHIGH
ACADEMY LTD,ACALTD
XINHUA DAILY MEDIA,XHMEDI
GEE AUTOMOTIVE HOLDINGS,GEEATO
BANCA MONTE DEI PASCHI S,MONTE
ONTARIO T-BILL,ONTB
BANK MANDIRI PT,BMRIIJ
BANK OF BARODA - INDIA,BOBIN
LS ELECTRIC CO LTD,LSINDU
MHP LUX SA,MHPSA
Evonik Industries AG,EVKGR
KOREA EAST-WEST POWER CO LTD,KOEWP
MA'ADEN SUKUK LTD,MAADEN
AUTOBAHN SCHNELL AG,ASFING
SHARJAH SUKUK PROGRAM,SHARSK
SHIZUOKA CITY,SHICTY
OSB GROUP,OSBO
ARATA CORP,ARATAC
GUANGXI WUZHOU COMMUNI,WUZHOU
CHINA MEDICAL DEVICE,CNMEDD
CISCO,CSCO
ASHCOURT GROUP LTD,ASHCRT
GANSU ENERGY CHEMICAL IN,GSECIV
RAIFFEISEN SCHWEIZ,RAIFFS
YANCHANG PETROLEUM GROUP,SXYCPE
ORION ENGINEERED CARBONS,OEC
Global Atlantic (Fin) Company,GBLATL
BASELLANDSCHAFT KANTONBK,KBBL
ANHUI PROVINCE ASSETS OP,AHSAOC
BANCO DESIO - ITALY,BANDES
OATLY GROUP AB,OTLY
STE PWR XINJ ENG CHM IND,SPXECI
CNNP RICH ENERGY,CNNPEG
INDUSTRIAL F&B INV,THS
LEROY SEAFOOD GROUP,LSGNO
CATHAY PAC MTN FIN HK,CATHAY
IND & COMM BK CHINA/LUX,ICBCAS
EUROPEAN OUTLET MALL VEN,EOMVLX
TANGSHAN BK,TASHBK
FORMYCON AG,FYBGR
COSL SINGAPORE CAPITAL,COSL
GOHL Capital Holdings Limited,GENTMK
PHILLIPS EDISON GROCERY,PECO
KEB HANA BANK-SEOUL HEAD OFFICE,KEBHNB
"Nomura Holdings, Inc.",NOMURA
SHANGHAI PUDONG INNOTEK,PDINTK
SICHUAN EXPRESSWAY CONST,SCEXCO
Banca IFIS SpA,IFIM
KASIKORNBANK PCL HK,KBANK
CU INC,CUCN
L&K FINANCE PTY LTD,TLCAU
MIYAGI PREFECTURE,MIYAGI
EI SUKUK CO LTD,EIBUH
NorthStar Test,NRSTU
HEFEI IND INV GRP,HEFIND
ARAB NATIONAL BANK,ARNBAB
Kennametal Inc.,KMT
CACI International Inc.,CACI
YINGKOU PORT GROUP,YKPORT
GECINA,GFCFP
XJ XY ASSET MANAGEMENT,XJXYAM
CHENGHUA SOA INV,CDCHSO
HSBC INSTITUTIONAL TRUST,AREIT
CHINA UNIVERSAL LEASING,CNLEAS
SKUE SPAREBANK,SKUENO
ANHUI XINHUA DISTRIBUTIO,ANHXIH
SPARBANKEN ALINGSAS AB,SPAALI
International Distribution Services plc,IDSLN
ANHUI HIGHWAY REAL ESTAT,AHGSOT
SUQIAN IND DEV GRP CO,SQINDG
OCUGEN INC,OCGN
JINGJIANG PORT GROUP,JJHD
CRED FONDIARIO E INDUSTR,CRF
Treasury Corporation of Victoria (TCV),TCV
HN ZY CREDIT PROMOTION C,HNZYCP
LONGYAN TRAN DEV CO LTD,LYTRAN
SHANGHAI DATANG RONGZI Z,SHADAT
BEIJING RURAL COMM BANK,BJRUBK
SMITHS GROUP PLC,SMINLN
RENASANT CORP,RNST
MAPLETREE LOGISTICS TRUS,MLTSP
NCL CORPORATION LTD.,TBD
Conagra Brands Inc.,CAG
ZHONGSHAN INVST HOLDINGS,ZHOZHO
XJ PROD CONSTRCT MUNI,XINJIA
EDP SA,EDP
MECKLENBURG-VORPOMMERN,MECVOR
JOB SOLUTION SE HOLD,JOBSSS
JINAN ZHANGQIU HOLD,JNZQHO
Carnival Corporation,CCL
EMIRATES NBD BANK PJSC,EBIUH
CIA SANEAMENTO BASICO,SBSPBZ
XINJIANG GUANNONG GROUP,XJGNGR
CHINA INTL CAPITAL CORP,CICCHK
N MACEDONIA GOVT BOND,MACGB
SAIC MOTOR FIN HOLDING,SHAGCM
JIUQUAN IRON AND STEEL G,JQIRON
ZIGONG ST-OWNED CAP INV,ZGSTOW
COCA COLA EUROPEAN PARTNERS PLC,CCEP
KNUTSEN GROUP,TSHIP
ELIA TRANSMISSION BE,ELIATB
Test for Perry,DUMMYTEST
QINGDAO LANDPORT INT DEV,QINLID
Sumitomo Mitsui Banking Corporation,SUMIBK
CON EDISON CO OF NY INC,ED
TRITAX BIG BOX REIT PLC,BBOXLNÂ 
SANY GROUP CO LTD,SANYIG
FUZHOU NEW DISTRICT DEV,FZNDDI
ING BELGIUM SA,INGB
MOLSON COORS BEVERAGE CO,TAP
HALCYON AGRI CORP LTD,HACLSP
CREC WUHAN RAILWAY ELEC,CWREBG
XIAN HITECH GROUP,XIANGK
CASSA DI RISPARM BOLZANO,CASBOL
HANYANG SECURITIES CO LT,HANYNG
EUROPEAN STABILITY MECHANISM [ESM],ESM
CGI INC,GIBACN
Mercury General Corporation,MCY
KT CORP,KOREAT
MINERVA LUXEMBOURG S.A.,BEEFBZ
CAOGEN ZHIBEN GROUP CO,CAOGEN
YINGTAN SOH GROUP CO,YTINVT
BCP MODULAR SERVICES,MODULA
STARLING GROUP HOLDINGS,STARLN
Matterhorn Telecom S.A.,TBC
LA BANQUE POST HOME LOAN,LBPSFH
HONGXIN ELECTRON TECH,HXELTC
ITOCHU CORPORATION,TBD
WUZHEN INDUSTRIAL,TONGXI
Barclays PLC,BACR
DOCMORRIS FINANCE BV,DOCMSW
BOSTON BIDCO NL BV,BBNBV
"SV RNO Property Owner 1,LLC",TRACTC
WEATHERFORD INTERNATIONA,WFRD
TAIWAN TREASURY BILL,TGTB
OSAKA METRO CO LTD,OSAMTR
AMERICAN FINANCIAL GROUP,AFG
DZ TRANSPORTATION DEVELO,DZTRDE
Banque Internationale Ã¡ Luxembourg  S.A.,BANQUE
ZOUCHENG LIMIN CONSTR,ZCHLIM
GAIF BOND ISSUER P/L,GAIF
Illumina Inc.,ILMN
JIANGXI FIN HOLDING,JXFINH
NIDDA HEALTHCARE HOLDING,SAZGR
NRW.BANK DBA NRW.BANK,NRWBK
SIF HOLDING BV,SIFG
ZHEJIANG ARTIKING GROUP,ZJARKI
THE WESTERN UNION CO,WU
"Essex Portfolio, L.P.",ESS
YINGLIU ELECTROMECHA,YLELEC
ORANGE SA,ORAFP
HAIYAN ASSETS MANAGEMENT,HAYASS
"Finland, Republic of",FINL
Encompass Health Corporation,EHC
ZZ PUBLIC TRANSPORT GRP,ZZPBTP
HLF FIN SARL LLC/HERBALI,HLF
The Autonomous Community of Madrid (Ticker: MADRID),MADRID
FOREIGN EXCH STAB FUND,KTBFX
YINCHUAN TONGLIAN CAPITA,TLINVT
Dummy Test Custom,DUMMYTEST
UNILEVER CAPITAL CORP,UNANA
LINCOLN NATIONAL CORP,LNC
FS LUXEMBOURG SARL,FSBIOE
ALMAVIVA,ALMAIN
HUANENG POWER INTL INC,HNINTL
CHINA THREE GORGES RENEW,YANTZE
FORD CREDIT CANADA CO,F
United AirLines Inc,UAL
NANJING INNOVATION INVES,NJIINV
KOREA OCEAN BUSINESS CO,KOBCOP
ATLANTICUS HOLDINGS CORP,ATLC
ARION BANKI HF,ARION
FREEDOM MORTGAGE CORPORATION,FREMOR
REPUBLIC OF CROATIA BOND,CROATI
UNITED AIRLINES HOLDINGS,UAL
Athens International Airport S.A.,AIAGA
DONGGUAN INDUSTRY INVEST,DGINDT
TD SYNNEX Corporation,SNX
MY MARINE HEAVY ENGRG,MMHEMK
JIANGSU YINGZHOU DEVELOP,JSYZDG
TREASURY CORP VICTORIA,TCV
SHUM YIP GROUP LTD,SHUMYI
MONTEGO BAY AIRPORT REVE,MONAIR
BLACKSTONE MORTGAGE TR,BXMT
CHINA THREE GORGES INTER,YANTZE
SAGE GROUP PLC/THE,SGELN
HDFC BANK LTD/GIFT CITY,PRELPP
PLAINS ALL AMERICAN PIPE,PAA
CI Financial Corp,CIXCN
Sanofi-Aventis SA,SANFP
AH XIANTIAN RURAL INDUS,AHXTRU
EASTERN AND SOUTHERN AF,TDBBNK
INVESTITIONSBK  SCHL-HOL,IBBSH
FUKUOKA-KITAKYUSHU EXPRS,FUKUKT
TIANJIN JINRONG ASSET MA,TJJRAM
NUUDAY AS,TDCDC
Municipality Finance PLC,KUNTA
QANTAS AIRWAYS LTD,QANAU
THK CO LTD,THKCO
REPUBLICA ORIENT URUGUAY,URUGUA
REPUBLIC OF LATVIA,LATVIA
GRENKELEASING AG,GLJGR
STADLER RAIL AG,SRAIL
NH INVESTMENT & SECURITIES CO LTD,NHSECS
SOUTHERN WATER,TBD
EAGLE MATERIALS INC,EXP
HUAQIN CO LTD,HUATEC
STONEBRIAR ABF LLC,STONEB
UAMCO LTD,UAMCO
AUSTRALIA PACIFIC AIRPOR,MELAIR
Metropolitan Life Global Funding I - Met Life,MET
QUANZHOU DEV GRP CO LTD,QZFINH
CAISSE DES DEPOTS,TBD
BANCO SANTANDER SA,SANTAN
WIIT SPA,WIITIM
GATWICK AIRPORT FINANCE,GTWICK
Muangthai Capital Public Company Limited,MTCTB
ZHEJIANG HISUN GROUP,ZJHISU
OBEROESTERREICHISCHE LB,OBLB
PSP SWISS PROPERTY AG,PSPNSW
ZHONGSHAN RURAL COMMERCI,ZSRCBK
SHAANXI NONFERROUS METAL,SNMHC
NJ FINANCIAL CITY CONSTR,NJFCCD
Credito Emiliano SpA,CRDEM
GIVAUDAN FIN EUROPE,GIVNVX
NIDWALDNER KANTONALBANK,NIDKBK
GD NONGKEN GROUP,GDNKGR
SC NAXING INDUS GROUP,LZNXAM
CORNELL UNIVERSITY,CORNLU
Apollo Debt Solutions BDC,APODS
CQ BZ CULTURAL TOURISM,CQBZCT
ELM BV,ELMBV
SK INTELLIX CO LTD,SKMAGI
SYNOVUS BANK GA,SNV
Pluspetrol S.A.,PLUSPE
SHIKOKU ELECTRIC PWR CO,SHKUEL
AL RAJHI SUKUK LTD,RJHIAB
PATTERN ENERGY OPERATIONS LP,PEGI
Sparebank 1 SR-Bank ASA,SRBANK
AARGAUISCHE KANTONALBANK,KBAARG
BOC AVIATION LTD,BOCAVI
Barings Private Credit Corp,BARPCC
Ares Capital Corporation,ARCC
SHISEIDO CO LTD,SHISEI
ROSINO FINANCE LEASING,SIPHCF
LUNA 1.5 SARL,URBPIK
XINGHANG SOA INV,MXSAIN
JIANGXI COPPER CO LTD,JXICOP
"CITIZENS BANK, NATIONAL ASSOCIATION",CFG
DLR KREDIT A/S,DLRKRE
ZHENGZHOU THERMAL POWER,ZZHEGE
"RWE FINANCE US, LLC",RWF
Bpifrance ESN Master FCT,BPIESN
Huntington Bancshares Incorporated,HBAN
Sveriges Bostadsfinansierings aktiebolag (SBAB),SBAB
RLGH FINANCE BERMUDA LTD,RESLIF
FASTLY INC,FSLY
DATANG SHANDONG POWER,DTSDEL
XCEL ENERGY INC,XEL
HUNGARY GOVERNMENT BOND,HGB
RELX Finance B.V.,RELLN
CONTINENTAL AG,CONGR
INDIA INFRA BUILDCO,INFRBU
EXPORT FIN & INS CORP,AUSTC
BMW FINANCE NV,BMW
EFG BANK PRIVATE BANK SA,EFGBNK
CHINA MERCHANTS CAPITAL,CMCMCL
SICHUAN XINYAO IND INT,TFZXGF
CAISSE D'AMORT DETTE SOC,CADES
Republic of Ireland,IRISH
LENZING AG,LNZAV
CHINA DEVELOPMENT BK/HK,SDBC
PINGHU CITY INV DEV GRP,PIHUDI
CHINA NOR RARE EARTH,BAOTOU
CHANGTU FINANCIAL LEASIN,SHCTRZ
REPUBLIC OF GEORGIA,GEORG
STINGRAY COMPUTE LLC,STNGRY
Canadian Pacific Railway Company,CP
TRIVIUM PACKAGING FIN,TRIVIU
SECURE INTERNATIONAL FIN,SECINT
NORRKOPINGS KOMMUN,NORKOM
VIDEOTRON LTD,QBRCN
DEYANG DEV HOLDING GRP,DEYNCN
Lottomatica Group S.p.A.,LTMCIM
OBOS EIENDOM AS,OBOS
NOT APPLICABLE,BPEOHK
AKTIA BANK,AKTIA
KOREA AEROSPACE IND CO,KOAERO
ING BANK (AUSTRALIA) LTD,INGAU
NOT APPLICABLE,CAPITA
JIANGYIN ELECTRICAL ALLO,JYECAL
CRRC GROUP CO LTD,NORTHL
GUANGZHOU YUEXIU,YXFINL
"Ameriprise Financial, Inc.",AMP
Cassa Depositi e Prestiti S.p.A.Â ,CDEP
LHV GROUP,LHVGRP
ESTONIA TREASURY BILL,ESTB
The Bank of Nova Scotia,BNS
CHILWEE GROUP CO LTD,CHWPWR
SPAREBANK 1 SOGN OG FJOR,SPARSF
AVOLTA,DUFNSW
CDL HOSPITALITY REIT,CDREIT
AMER AIRLINE 26-1A PTT,AAL
XINZHENG DEV INVESTMENT,XZDEV
EUROPEAN FINANCIAL STABILITY FACILITY EFSF - OI - LUXEMBOURG,EFSF
CENOVUS ENERGY,CVECN
BIOMARIN,BMRN
HAMBURG COMMERCIAL BANK,HCOB
LUAN CITY CONSTRUCT INV,LIUANC
THE MEN'S WEARHOUSE LLC,TLRD
CARPENTER TECHNOLOGY,CRS
BPCE SA,BPCE
YANCHENG ORIENTAL INVST,YANORI
BRISBANE AIRPORT CORPORATION PTY LTD,BACAU
EQUINIX EUROPE 2 FINANCING CORP,EQIX
Panasonic Holdings Corporation,MATSEL
GATX,GMT
FERRING HOLDING SA,FERHOL
INNER MONGOLIA POWER GRO,INMNPW
IDB TRUST SERVICES LTD,ISDB
PINGDINGSHAN TIANAN COAL,PINGMI
FUZHOU WATER GROUP,FZWAID
Wise Financing PLC,WISEFP
"Sword Purchaser, LLC",SEE
BPIFRANCE ESN MASTER FCT,BPIFRA
GIBSON ENERGY INC,GEICN
ANZ BANK,ANZ
NINGBO COMMERCE BANK,NBCMBK
Freie und Hansestadt Hamburg,HAMBRG
MERCEDES-BENZ FIN NA,MBGGR
"BEUSA INVESTMENTS, LLC",TBD
POLICE BANK LTD,POLIBK
Royalty Pharma PLC,RPRX
MANITOBA T-BILL,MPTB
MITCH & PEARL RIDE BICYCLES,MNPRB
NEPTUNIA INVEST AB,NEPTIN
BONCER,BONCER
CHECK POINT SOFTWARE,CHKP
XINWEN MINING GROUP,XINWEN
CN RAILWAY REAL ESTATE,CRREGC
PINGDINGSHAN DEV INV,PDSHDI
Antares Holdings LP,ANTHOL
"Illumina, Inc.",ILMN
Dexia Credit Local SA,DEXGRP
NatWest Group plc,NWG
EGYPT GOVERNMENT BOND,EGYGB
CHUANGYUAN INV DEVE,CHUYUA
COSCO SHIPPING DEV CO,CNSHIP
SWISS NATIONALBANK BILLS,SWNBK
BSK 1818 AG,BSKBER
ALEXANDRITE LAKE LUX HOL,ALXDRT
"AT&T, Inc",T
AROUNDTOWN FINANCE SARL,ARNDTN
KUNSHAN WATER GROUP,KSSWJT
LX HOLDINGS CORP,LXHOCO
SOFINA SA,SOFBB
A2A SpA,AEMSPA
COMPANIA GENERAL DE COMBUSTIBLES SA,CGCSA
HSBC France,CCFSFH
"Bank of New York Mellon Corporation, The",BK
RENAULT SA,RENAUL
KUTXABANK SA-BILBAO HEAD OFFICE,KUTXAB
LIQUID TELECOM FINANCE,LIQTEL
NISSAN MOTOR CO,NSANY
PANTHER ESCROW ISSUER,TIHLLC
ALLWYN,TBD
ADTRAN HOLDINGS INC,ADHOIN
CHINA GREEN DEVELOPMENT,CGDPIV
AUSTRALIAN NATIONAL UNIV,ANU
"RYDER SYSTEM, INC",RYDER
REPUBLIC OF ECUADOR,ECUA
GACI FIRST INVESTMENT,PIFKSA
BJ ZGC TECH FINANCE GUAR,ZGCTFG
NATIONAL BANK OF KUWAIT SAKP-KUWAIT CITY HEAD OFFICE,NTBKKK
Republic of Italy,BTPS
ENERGUATE TRUST,EGUATE
KYUSHU RAILWAY CO,KYRAIL
TURKIYE SINAI KALKINMA BANKASI AS-ISTANBUL HEAD OFFICE,TSKBTI
"Jera Co., Inc",JERA
REPUBLIC OF TURKEY,TURKEY
CENTERPOINT ENERG RE III,CNP
CANTON OF ZURICH,ZURICH
LAND RHEINLAND-PFALZ,RHIPAL
COVENTRY BLDG SOCIETY,COVBS
Kingdom of Bahrain,BHRAIN
Empresa Distribuidora y Comercializadora Norte S.A,EDN
COMMONSPIRIT HEALTH,CATMED
CANTON GREENGOLD FINANCI,CAGRFI
GXO Logistics Capital B.V.,GXO
PUBLIC SERVICE ELECTRIC AND GAS CO,PEG
ATHENE HOLDING LTD.,ATH
WEIQIAO ALUMINUM & POWER,HONGQI
Fibra Prologis,N/A
HOWMET AEROSPACE INC.,HWM
KASPI.KZ JSC,JSCKSP
HOFSETH INTERNATIONAL AS,HOFSTH
FUJIFILM HOLDINGS CORP,FUJIPH
SICHUAN ENERGY DEVELOPME,SCENGD
SD PORT INVESTMENT HOLD,SDPOIN
NEXSTAR MEDIA INC,NXST
MOL HUNGARIAN OIL & GAS,MOLHB
"Goldman Sachs BDC, Inc.",GSBD
XIAN HIGH-TECH VC,XAHTVC
GXO LOGISTICS INC,GXO
MEX BONOS PROTECC AHORRO,MBPA
HAWK FINANCE [DO NOT DELETE],DUMMYTEST
GZ MTR FIN BVI,GUAMET
NOVO NORDISK A/S,NOVOB
KANAGAWA CHUO KOTSU CO L,KKOTSU
PROTECTIVE LIFE GLOBAL FUNDING,PROTLI
PAGARES DESC BANCO CENTR,CHPDBC
FORTISALBERTA INC,FTSCN
KAISER ALUMINUM CORPORATION,KALU
LB GROUP CO LTD,HENANC
COOR SERVICE MANAGEMENT,COORSS
ZENSHO HOLDINGS,ZENSHO
TAICANG PORT DEV INV,JSPORT
SUDZUCKER INT FINANCE,SZUGR
CHINA EVERBRIGHT BANK,CHEVBK
BURGAN BANK KPSC-KUWAIT HEAD OFFICE,BGBKKK
JINNENG HUAYU CHEMICAL,SXJMHY
SAMMONS FINANCIAL GROUP GLOBAL FUNDING,SAMMON
NATIONAL GRID NORTH AMERICA INC.,NGGLN
KWANGJU BANK,KWANGB
NISSUI CORP,NISUIC
KEWPIE CORPORATION,QPCORP
AAR ESCROW ISSUER LLC,AIR
SNAP INC,SNAP
IMMOBILIARE GRANDE DISTRIBUZIONE,IGDIM
NATURGY ENERGY,GAS
BANCO NACIONAL DE MEXICO S.A.,BANAMEX
PROVIDENT INVESTASI BERS,PALMIJ
Total Capital International SA,TTEFP
ATKINSREALIS GROUP INC,ATRLCN
ALPHA STAR HOLDING X,DAMACR
AUTODESK INC,ADSK
LOGICOR FINANCING SARL,LOGICR
NISHIMATSU CONSTRUCTION,NISHIM
HEZE MINGCHENG INDUSTRIA,HZMCIV
HANWHA SOLUTIONS CORP,HANYAN
CQ HONGRONG COM CO,CQJBAA
RAKUTEN CARD CO LTD,RAKUTN
HZ GONGSHU CONSTR DEV HO,GSURCS
Oracle Corporation,ORCL
HUASHAN TRAVEL,HSTRAV
TANDE CO LTD,TANDE
SHENYANG HEPING SOA MAG,SYHPSA
Landesbank Hessen-Thueringen Girozentrale (Helaba),HESLAN
HEBEI STATE-OWNED ASSET,HBSTOA
INTERNATIONAL BUSINESS MACHINES CORP,IBM
ZENKYOREN 4 SUB LOAN SEC,ZENKYO
AUST CAPITAL TERRITORY,AUSCAP
CONAGRA BRANDS INC,CAG
BANK POLSKA KASA OPIEKI SA-WARSAW HEAD OFFICE,PEOPW
Intercorp Peru Ltd,IFHBH
Aldermore Group PLC,ALN
ZTE CORP,ZTECOR
HOWARD MIDSTREAM ENERGY,HOWARD
"Corebridge Financial, Inc.",CFI
"Coty, Inc.",COTY
Calumet Specialty Products Partners Lp / Calumet Finance Corp,CLMT
REPUBLIKA SLOVENIJA,SLOREP
Ma'aden Sukuk Limited,MAADEN
AMIPEACE LTD,BOCGRI
WEALTH KEEN LTD,WLKEEN
KUNMING ECO DEV INVT,KMECOD
BPCE SFH - SOCIETE DE FI,BPCECB
VERISURE HOLDING AB,VERISR
Webster Financial Corporation -,WBS
VOLKSWAGEN INTL FIN NV,VW
DANSKE BANK A/S,DANBNK
NOVARTIS FINANCE SA,NOVNVX
Pinnacle West Capital Corporation,PNW
OBSIDIAN ENERGY LTD,OBECN
CHALLENGER ANNUITY ONE,CGFAU
TAKASHIMAYA CO LTD,TAKASH
Province of Alberta,ALTA
ABSA GROUP,ABGJ
TIANFENG SEC CO,TIANFS
SUMITOMO MITSUI SYD,SUMIBK
Banque Internationale a Luxembourg SA,BANQUE
HANGZHOU CITY CONS DEV,HZMUNI
APCOA GMBH,APPARK
Charles Schwab Corp (The),SCHW
"180 Medical, Inc.",CTECLN
ENQUEST PLC,ENQLN
HUAI'AN NEW CITY DEV,HACWAM
TECPETROL,TECPET
INNOVATIVE INDUSTRIAL,IIPR
BJZGC TECH FIN SER GROUP,BJZTFS
SUZHOU WATER AFFAIRS,SZWAGC
HTA GROUP LTD,HLSTWR
SHANDONG PUBLIC HOLDING,SDPUBH
POSTAL SAVINGS BK CHINA,POSABK
KALLPA GENERACION SA,KALLPA
NOT APPLICABLE,HTHT
ZOUCHENG HENGTAI HOLDING,ZCHTCD
YONDR JK 1 LLC,YNDRDC
Caisse des dépôts et consignations (CDC),CDCEPS
COUNCIL OF EUROPE,COE
Las Vegas Sands Corporation,LVS
NASSAU COMPANIES OF NY,NASCOM
SYMETRA LIFE INSURANCE,SYA
TRANSURBAN FINANCE CO,TCLAU
NIGERIA GOVERNMENT BOND,NIGB
GUANGXI FORESTRY GRP,GXFRGP
SLM CORP,SLM
CHONGQING ANT CONSUMER,CQANTC
Prosus NV,PRX NA
IMPINJ INC,PI
WESTPAC NEW ZEALAND LTD,WSTPNZ
KIWIBANK LTD,KIWI
Bolivia,BOLIVI
WUHAN CHEGU URB DEV GRP,WHCHED
LSEG FINANCE PLC,LSELN
NANSHAN LIFE PTE LTD,NSINTW
BAOSHAN IRON & STEEL,SBSG
Equinix Europe 2 Financing Corp LLC,EQIXXS
LEVITEC SISTEMAS SL,LEVSSL
NH INVESTMENT & SECURITIES CO LTD,005940
HWABAO FINANCE & LEASING,HWABAO
SINOHYDRO BUREAU 14,SINOHY
HUNAN CONSTRUCTION,HNCONS
BMW INTL INVESTMENT BV,BMW
Test deal,Test
ALTRIA GROUP INC,MO
BADGER INFRSTRCTR SOLUTN,BDGICN
Mediobanca SpA,TBC
PANGANG GROUP,PANGAN
Tyco Electronics Group SA,TEL
AICHI PREFECTURE,AICHI
Cavalier Acquisition Corporation,ARRO
SC FORTUNE ENTERPRISE RE,SCFORT
ELECTRICITE DE FRANCE (EDF),EDF
FINECOBANK - ITALY,FINBAN
NSTAR,ES
ING - BANK - NETHERLANDS,INTNED
RAIZEN FUELS FINANCE,RAIZBZ
HENKEL US FINANCE LLC,HENKEL
NINGXIA FARMS AGRI GROUP,NINFAR
Brixmor Operating Partnership LP,BRX
RIYAD SUKUK,RIBL
Republic of Bulgaria,BGARIA
HZSTTU-WITHDRAWN,HZSTTU
Acea S.p.A.,ACEIM
VIEW LEDGER AS,VIEWLG
WUXI NEW DEVELOPMENT,WUXIDE
CAN IMPERIAL BK -DROPPED,CM
JASA MARGA (PERSERO),JSMRIJ
MIANYANG INVEST HOLD,MIANYA
ABN AMRO,ABNd
TOHO GAS CO LTD,TOHOGA
PACCAR Financial Europe B.V.,PCAR
DONGYING OIL CITY INTL,DYOLIN
SLEEP COUNTRY CANADA HOL,ZZZCN
QATAR GOVT SUKUK,QATGS
XIAOMI COMM TECH,XMCTCL
"Test Research, Inc.",DUMMYTEST
HANSOL TECHNICS CO LTD,HANELE
"GFL Environmental Holdings (Us), Inc.",GEH
WESTERN-SOUTHERN GLOBAL,WSFIN
KYUSHU LEASING SERVICE,KYULEA
The Narragansett Electric Company,PPL
UK Debt Management Office,UKT
GOODYEAR TIRE & RUBBER,GT
"Nordea Bank Abp, filial i Sverige",NDAFH
EPCOR UTILITIES,EPCOR
SOUTHERN COMPANY GAS CAPITAL CORP,SO
Sysco Holdings Corporation and Sysco Corporation,SYY
NB CULT TOUR EXHIBITION,NBCTEG
GUANGDONG GUANGXIN HLDG,GDFTRA
NOT APPLICABLE,CDWJXR
DREAM SUMMIT INDUSTRIAL,DRSILL
INMOBILIARIA COLONIAL SA,COLSM
Medtronic Inc,MDT
YOKOHAMA FINANCIAL GROUP,CONCFG
CJ CGV CO LTD,CJCGV
HONG KONG JY FLOWER,KNMIDI
RCI Banque,RENAUL
LENDLEASE GLOBAL COMMERC,LREIT
SHAANXI QINNONG RURAL CO,QNNGBK
WESTPAC,WSTP
KENYA T-BILL,KENTB
SOMPO HOLDINGS INC,SMPHD
YANCHENG CHENGNAN DEVLPT,YANCIT
Realty Income Corporation,O
YILI SOA INV OPE,YLISOA
YICHANG CHENGFA IND INV,YCCFIN
LIG NEX1 CO LTD,LIGCOR
Prime Data Center,PDC
Federal State of Brandenburg,BRABUR
ICICI BANK LTD,ICICI
HANKYU HANSHIN HOLDINGS,HANKYU
BW LPG LTD,BWLPG
NSK LIMITED,NIPSEI
DUKE ENERGY NC STORM FND,DUK
Terna S.p.A.,TRNIM
OTP BANK - HUNGARY,OTPHB
ZSH INDUSTRY GROUP CO LT,SINONU
Cencosud,CENSUD
XIAMEN TORCH GROUP,XMTORC
AUGUSTA SPINCO CORPORATI,WAT
ONEOK INC,OKE
CENTRAL HUIJIN INV,HUIJIN
THREELANDS LTD SA RL,TLELSA
TIDLOR HOLDINGS PCL,TIDLTB
MUNICH RE,MUNRE
BONOS DEL ESTADO,HONBON
JIANGXI PROVINCE GOVT,JIANGX
KANGDA NEW MATERIALS GRP,SHAKAN
ZOUPING FINANCE,ZOUFIN
CALIFORNIA RESOURCES CRP,CRC
LEASYS ITALIA S.P.A. O BREVEMENTE LEASYS S.P.A.,LEASYS
PUTIAN ASETS INVST CO,PUTSTA
BURLINGTON NORTHERN SANTA FE LLC,BNSF
"Grupo Financiero Multiva, S.A.B. de C.V.",GFMULTI O
RICOH LEASING CO,RICOHL
Santander UK Group Holdings PLC,SANUK
MALAYSIA SOVEREIGN SUKUK,MALAYS
JZ STAOWN CAPITAL OPERAT,JZSOCO
JSC ALOQABANK-TASHKENT HEAD OFFICE,JSCALO
NAT BANK FIN INFRA DEV,NABFID
KURITA WATER INDUSTRIES,KURITA
"AptarGroup, Inc.",ATR
CHINA YANTAI SALVAGE,CHYTSA
EEW ENERGY FROM WASTE,EONWGR
CONTINUUM GREEN ENER LTD,CWENIN
European Financial Stability Facility S.A.,EFSF
CAISSE FRANCAISE DE FIN,CAFFIL
SINOHYDRO BRU 5,SNHDBR
YIWU CHINA COMMOD,YIWUCM
FR MIDCO,PICSUR
GENMAB A/S/GENMAB FIN,GMABDC
ARLA FOODS AMBA,ARLA
MidAmerican Energy Company,BRKHEC
KINGSPAN GROUP PLC,KSPID
AMPHENOL TECH HLDS GMBH,APH
DUMMYTEST June 26,DUMMYTEST
NEW ENGLAND POWER CO,NGGLN
CHONGQING NANZHOU WATER,CQNAWA
BRIGHT GALAXY INTL LTD,BCDHGR
COUNTRY OF ITALY,ITALY
CONSTELLATION ENERGY CORP,CEG
SHANGYU ST INV OPE,SYSTIO
DORMAN PRODUCTS INC,DORM
CLARIANE SE,CLARFP
CH ORIENT SECURITIES,ORSECH
Cidron Atrium SE,TBC
SGS SA,SGSNVX
CHENGDU TIANFU DAGANG,CDTFDG
PFIZER INC,PFE
AMADEUS IT GROUP SA,AMSSM
Nykredit Realkredit A/S,NYKRE
CQ MAIRUI URBAN CONSTR,MAIRUI
ISLAMIC REPUBLIC OF PAKISTAN,PKSTAN
AMC ENTERTAINMENT HLDGS,AMC
CHINA AEROSPACE TIMES EL,LONGMA
JIANGSE REGUARANTEE GRP,JSREIN
Team Health Holdings Inc,TMH
Bank Of Ireland Group PLC,BKIR
DICK'S SPORTING GOODS,DKS
MICROSTRATEGY,MSTR
YANGTAI GROUP INDUSTRIAL,YCYTGI
MARUBENI CORP,MARUB
MINMETALS DEVELOPMENT CO,MINDEV
CNA Financial Corporation,CNA
ZJJX STATE OWNED CAPITAL,JXCCMZ
JINSHANG BK,JINSBK
DIFC SUKUK DIFC LTD,DUBAEE
Comunidad Autonoma De Canarias,CANARY
PRINCIPAL LIFE GLOBAL FUNDING,PFG
SNF GROUP SACA,SNFF
TDK CORP,TDK
DB Terra Chile HoldCo SpA,DB
BED BATH & BEYOND INC,BBBY
PUBLIC STORAGE OP CO,PSA
GLOBAL MEDICAL RESPONSE,AIMEGR
CenterPoint Energy Houston Electric LLC,CNP
LIMECO,LIMECO
ARAB REPUBLIC OF EGYPT,EGYSK
BANDWIDTH INC,BAND
MATTAMY GROUP CORPORATION,MATHOM
GEUNION INVESTMENT,CHEJIU
Republic of Finland,FINLND
SINGAPORE AIRLINES LTD,SIASP
NORTH INDUSTRIES GP,ZBINVM
CHINA STATE RAILWAY,MIRAIL
TANGSHAN CULTURE&TOURISM,TSNHEC
LY CORP,YAHOJP
Ford Motor Credit Co LLC,F
FRANCE (GOVT OF),FRTR
RABOBANK,RABOBK
ANSTEEL GROUP CORP,ANGANG
EURAZEO SE,RFFP
TYLER TECHNOLOGIES INC,TYL
SHANGHAI SHENDI GROUP CO,SHSDIZ
NIGERIA T-BILL,NIGTB
CGN POWER CO LTD,CHGDNU
SBS BANK,SBSBNK
Bertelsmann SE & Co. KGaA,BERTEL
SH LONGCHEER TECHNOLOGY,SHLOCH
CONTEM AMPREX TECH,CONAMP
Blue Owl Capital Corporation,OBDC
KUNMING MUNICIPAL URBAN,KMCONS
THE PROVINCE OF ENTRE RIOS,ENTRIOS
SAGEN MI CANADA INC,MICCN
CARNIVAL CORP,CCL
REDE D'OR FINANCE SARL,RDEDOR
PLAINS ALL AMERICAN PIPELINE LP,PAA
STEEL DYNAMICS INC,STLD
"Transurban Finance Company Pty., LTD",TCLAU
OCEANICA ENGENHARIA E CONSULTORIA,OENCBZ
SPIC GREEN ENERGY CO LTD,JILPOW
"WESTERN MIDSTREAM OPERATING, LP",WES
YUYAO CON INV DEVE,YYCNID
"Atlas Warehouse Lending Company, L.P. ",ATWALD
"CrossCountry Intermediate HoldCo, LLC",CROSIN
Statnett SF,STATNE
Enstar Group Limited,ESGR
CHENGDU XINGCHENG INV,CHDXCH
SHENZHEN XUNCE TECH CO,SXTEY
LA POSTE SA,FRPTT
VER FINCO PTY,VERFIN
VALIANT BANK,VALIAN
BANQUE INTERNATIONAL LUX,BANQUE
YTO EXPRESS,YTOEXP
FORTEBANK JSC,FORTEB
FORTUNE AUTO FINANCE CO,FOAUFI
SINAR MAS AGRO RESOURCES,SMARIJ
NEW IMMO HOLDING SA,NIMMOH
OCEANFIRST FINANCIAL CP,OCFC
GY NEWTOWN CONSTRUCTION,GYNTCO
BROOKFIELD FINANCE INC,BNCN
DOMINION ENERGY,D
STADT MUENCHEN,MUENCH
SOBEYS INC,EMPACN
US Bank NA,USB
Oceanica Engenharia e Consultoria Ltda,OENCBZ
Athora Netherlands,ATHORA
ALSTOM SA,ALOFP
"SESI, LLC",SPN
BANCO DE CREDITO SOCIAL,CAJAMA
NESTLE CAPITAL CORP,NESNVX
EICR LTD,GEOSBS
Horseshoe Funding Trust I & Horseshoe Funding Trust II,HUM
ZHUMADIAN URBAN AND RURA,ZMDINV
Concentrix Corporation,CNXC
RAPALA VMC OYJ,RAPALA
MARKS & SPENCER PLC,MARSPE
THE OPEC FUND FOR INTERNATIONAL DEVELOPMENT,OFIDEV
KUWAIT INTERNATIONAL BANK-KUWAIT HEAD OFFICE,KIBKK
GUANGDONG HUARUN BANK,HUARBK
"Enterprise Products Operating, LLC",EPD
BANK OF CHINA/MACAU,BCHINA
ZZ PURIFIED WATER CO LTD,ZZWSJH
CITIC GUOAN INDUSTR GRP,CITIGA
HOMEEQUITY BANK,HOMEQU
CLYDESDALE ACQUISITION,NOVHOL
Nykredit Realkredit A/S,NRA
ZHONGYUAN YUZI,HNYUZI
BURUNDI T-BILL,BURTB
LBM ACQUISITION LLC,USLBMH
HENGFENG BANK,EVRGRW
ORIX CORPORATION,ORIX 
EKORNES QM HOLDING AS,EKOQMH
GX TOURISM DEV GRP,GXTOUR
BAYERISCHE LANDESBODEN,BYLABO
FIFTH THIRD BANCORP,FITB
Monitchem Holdco 3 S.A,CABBCO
GETINGE AB,GETAB
Altria Group Inc.,MO
WEEKLEY HOMES LLC/ FINAN,WEEKHM
TECPETROL S.A.,TECPET
TEXAS ELECTRIC MKT STABL,ERCOTT
JPN BANK FOR INT'L COOP,JBIC
JINING CHENGFA IND DEVEL,JNCFIN
ZHONGYUAN DEVELOPMENT IN,ZYDPIM
CHINA NATIONAL NUCLEAR C,CHNNCO
Santander UK Group Holdings,SANUK
Cavalier Acquisition Corporation,ARROW
CROWN EUROPEAN HOLDINGS,CCK
EUTELSAT COMMUNICATIONS,AU6542677
HUBEI ROAD & BRIDGE CO L,HUBROA
ALASKA AIRLINES INC,ALK
CITY OF WINTERTHUR,WINCTY
VIVION INVESTMENTS SARL,VIVION
NLG Global Funding,LIFEVT
ENFRAGEN ENERGIA SUR SAU,ENFRAG
HOOPP REALTY FINANCE TR,HOOPPR
IRSA INVERSIONES Y REPRESENTACIONES SA,IRSAAR
ELEVANCE HEALTH INC,ELV
SLEEPY SHEEPY,SHEEP
SIMON PROPERTY GROUP LP,SPG
ANHUI PROV ENERGY GROUP,WENRGY
NEPTUNE BIDCO US INC,NLSN
COPT DEFENSE PROP LP,CDP
MILLENNIUM BCP,BCP
MITSUBISHI UFJ FINANCIAL GROUP [MUFG],8306
Monongahela Power Company,FE
Newmont Corporation,NEM
GUANGZHOU DEVELOPMENT GR,GZDEVE
Becton Dickinson Euro Finance SARL,BDX
WEALTHSPIRE LP,NFPWEA
P3 GROUP SARL,PTHREE
SPAREKASSE KRONJY,KRONJ
BALL CORP,BALL
Australia & New Zealand Banking Group Limited,ANZ
GUIZHOU AVIATION TECH,GZAVIT
BANK NEGARA INTERBK BILL,BNIBF
KEPPEL INFRA TRUST,KITSP
CONTINENTAL AG,CON
AH CONCH SCIENCE TECH IN,AHCONC
Fondo MIVIVIENDA S.A.,MIVIVI
HENRY J KAISER FAMILY FO,KFFORG
BJ ORIGINWATER TECH,BJORTE
JINGZHOU DEVELOPMENT GRP,JZDEVG
WOLTERS KLUWER NV,WKLNA
MIANYANG CITY COMML BANK,MYCCBA
AIER MEDICAL INV GRP,AEMDIG
CHANGDE URBAN CONSTRUCT,CHADEC
JOHN DEERE CAPITAL CORPORATION,DE
HOCHTIEF AG,HOTGR
WUXI HENGTING INDUSTRIAL,WXHTID
HB JINGMEN CITY CONS,HBJMCC
JUHUA GROUP CORP,JUHUAG
Accenture Capital Inc.,AC1
OP Corporate Bank PLC,POHBK
SOUTHWESTERN ELECTRIC POWER COMPANY,AEP
GFL ENVIRONMENTAL HOL,GFLCN
PROMIGAS/GASES PACIFICO,PROMIG
SC COM INV GROUP,SCCINV
RIKSBANK CERTIFICATES,RIKSCT
FIRST ABU DHABI BANK PJSC-ABU DHABI HEAD OFFICE,FABUH
CENTRAL BANK OF SAVINGS,CBSBKF
NANJING PORT GROUP,NANPOR
URUMQI ECO ZONE INV DEV,UECTED
BWP PROPERTY GROUP LTD,BWPAU
FS KKR Capital Corp,FSK
REGISTRY FINANCE PTY LTD,REGFIN
UZBEK INDUSTRIAL AND CON,SQBNZU
COFCO BIOTECHNOLOGY CO,AHBBCA
MOOG INC,MOGA
AMERICAN HONDA FINANCE,HNDA
Sumitomo Corporation,SUMI
"BROADSTONE NET LEASE, LLC",BNL
CITIBANK NA-NEW YORK-NY HEAD OFFICE,C
AFFILIATED MANAGERS GROU,AMG
"WESTJET, AN ALBERTA PARTNERSHIP",WJACN
AROUNDTOWN SA,ARNDTN
SINOCHEM ENERGY,SINCHE
ZHEBAO MEDIA,ZBCMEZ
Viking Baked Goods Acquisition Corporation,RISBAK
Southern California Edison Company,EIX
PERSHING SQUARE HOLDINGS,PSHNA
CAPITAL POWER CORP,CPXCN
BANCO BPI SA,BPIPL
Omnicom Finance Holdings plc,OMC
CHINA SOUTHERN AIR HLDG,CHISOU
INTER PIPELINE LTD,IPLCN
NIUSHOU MOUNTAIN TOURISM,NJNSSW
WEKOMPLY APS,WEKOMP
DWPF FINANCE PTY LTD,DWPFAU
SLOVAK REPUBLIC,SLOVAK
KAILUAN GRP LTD LIABILIT,KAILUA
PROVINCE OF SANTA FE,PROVSF
KUBOTA CREDIT USA,KUB
HF LUYANG SOA INV,HFSOAI
HENAN INVESTMENT GROUP,HENINV
"Cencora, Inc.",COR
MASSACHUSETTS ELECTRIC,NGGLN
XIAMEN MUNI GROUP,XMMUNI
GUANGXI LIUZHOU DONG,LZDCID
SHANGQIU DEVE INV,SHQUDI
SUQIAN WATER GROUP,SUQNWT
CITIZENS FINANCIAL GROUP,CFG
CHINA MINMETALS CORP,MINMET
Horace Mann Educators Corp,HMN
Korea Development Bank,KDB
PROJET REM SEC,REMSQC
WASTE CONNECTIONS INC,WCNCN
SEATRIUM FINANCIAL SERVI,STMSP
EQUINIX CANADA FIN,EQIX
3M COMPANY,MMM
REPSOL SA,REPSM
INNOVATION FCU,INNFCU
Canada Pension Plan Investment Board,CPPIBC
CFE FIBRA E,FCFEMM
GECINA S.A,GFCFP
GOODMAN US FIN SEVEN LLC,GMGAU
JIUJIANG MUNICIPAL DEV,JIUJDV
BANGKOK BANK PCL,BBLTB
QINGHAI PROVINCE GOVT,QINGHA
AES Espana B.V.,AES
PINNACLE FINANCIAL,PNFP
AXA LOGISTICS EUROPE MASTER S.C.A,<AXALEM>
BPCE SA-PARIS HEAD OFFICE,BPCEGP
Seminole Tribe of Florida,SEMTRI
SYSCO HOLD/SYSC CORP,SYY
ENGIE,ENGIFP
BANK MILLENNIUM SA,MILPW
Toronto-Dominion Bank,TD
EBAY INC,EBAY
Alpha Star Holding X Limited,DAMACR
KINEO FINANCE AG,KINEOF
PYRIDAM FARMA TBK,PYFAIJ
Bank of England,BOEN
DURAN LIFE SCIENCE HLDG,DURLIF
NORDEA HYPOTEK AB,NDAFH
PUDONG LAND HLD GR,PDLAND
POWER BIDCO NL BV,POWNET
DOOSAN FUEL CEEL CO LTD,DOOFCL
AFLAC INC,AFL
XUGONG ENGINE MACHINERY,XGGCJX
Macquarie Group Limited,MQGAU
LILING LUJIANG INV HLD G,LLNGST
Versuni Group B.V.,PHIDOM
EZHOU CITY CONSTR INV CO,EZCCIC
NINGXIA STATE OWN CAP,NXIAST
NEXTERA ENERGY CAPITAL,NEE
MERDEKA BATTERY MATERIAL,HALNUS
PANTHER BIDCO AS,PNTBDC
Societe Nationale SNCF SA,SNCF
WEINING INVT GRP,NANWEI
JA MITSUI LEASING,JAMILE
Spain - Bonos Y Oblig Del Estado,SPGB
SHAOXING SO CAPITAL OPS,SXSOCO
CS XJ ASSET MANAGEMENT,CSXJAM
METRO LAND CORP LTD,METLAN
"Eagle Materials, Inc.",EXP
WH INVEST HOLD GRP CO LT,WHUCON
BLOCK FINANCIAL LLC,HRB
ALLIED PROPERTIES REIT,APUCN
KRONOS INTERNATIONAL INC,KRO
NE Property B.V. NEPI,NEPSJ
JM XINHUI XINKONG GROUP,JMXHXK
Bpifrance Financement SA,BPIFRA
BK OF COMMUNICATIONS/SYD,BOCOM
MGM CHINA HOLDINGS LTD,MGMCHI
LUOYANG HONGYI PUBLIC UT,LUOHON
The Federation of Bosnia and Herzegovina,FEDBH
Suedzucker International Finance BV,SZUGR
SUQIAN ECON DEV GROUP,SQEDCO
CZ DEVELOPMENT INV,CZINVE
SH STATE OWNED CAPITAL,SHSOCI
REGIONS BANK,RF
AMCOR FLEXIBLES NORTH AM,AMCR
Fukoku Mutual Life,FUKOKU
NATL WESTMINSTER BANK,NWG
NORTHUMBRIAN WATER FIN,NWGLN
KING US BIDCO INC,KINGUS
Jackson National Life Insurance Inc.,JXN
MINISTRY OF FINANCE PRC,CHINA
SUMEC GROUP CORP,CHMACH
QIXIA HIGH TECH INDUSTRI,NJQXTD
Blackstone Secured Lending Fund,BXSL
SHIYAN CAPITAL INVEST,SHYINF
OSAKA PREFECTURE,OSAKA
AIFUL CORP,AIFUL
AGENCE FRANCAISE DE DEVELOPPEMENT (AFD) - BANK / DEALER - FRANCE,AGFRNC
CELANESE US HOLDINGS LLC,CE
GOVERNMENT OF THE HASHEMITE KINGDOM OF JORDAN,JORDAN
NATWEST GROUP PLC,NWG
"Sobha Sukuk, LTD",SOBSUK
"Essential Properties, L.P.",EPRT
XIAMEN PORT DEVELOPMENT,XMPDVL
CK Hutchison International (25) Limited,CKHH
ZIBO ZICHUAN FINANCE HLD,ZBZCHD
SHANGDONG FINANCIAL MMT,SDFAMC
FORTIS,FTSCN
SHENGHONG SCI TECH,JSSHST
ANYANG DEVELOPMENT INVES,AYDEIV
ZAGGA INV LEND TRUST 7,ZAGGAU
AUSTRALIAN METCOAL FINAN,WHCAU
BEIJING ENERGY HOLDING,BJASST
BAHRAIN T-BILL,BHTB
PETSMART INC/PETSMART FI,PETM
PROLOGIS INC,PLD
ACCOR SA,ACFP
BAHRAIN IJARA SUKUK,BHILL
SKYLARK CO LTD,SKYLCO
DATANG SX POWER GEN,DATANG
XUZHOU XINPENG CONS DEV,XZXPCD
TCL TECHNOLOGY GRP CORP,TCLCOR
BANK OF CHINA LTD/DUBAI,BCHINA
EMIRATES ISLAMIC BANK PJSC-DUBAI HEAD OFFICE,EIBUH
HUABAO INV,SBSG
NINGBO YINCHENG GRP CO,NBQZUC
NORION BANK AB,NORION
GLOBAL UNICHIP CORP,GLBUCP
WUXI INDUSTRY DEVELP,WUXIND
Province of Quebec,Q
SOJITZ CORP,NCHNSI
HANUMAN WIND POWER,HNMNWP
ENERGY FUELS INC,EFRCN
SX JINGHU DEV GROUP,SXCBXC
SAN DIEGO GAS & ELECTRIC [SAN DIEGO],SRE
SCHWYZER KANTONALBANK,KBSCHW
WUHAN HITECH AGRICULTURE,WHGKAG
YUNNAN WATER INVESTMENT,YNWCHI
GOVERNMENT OF THE REPUBLIC OF ECUADOR,ECUA
LIBERTY FINANCIAL PTY,LBRFI
SHANDONG ZHAOJIN GROUP,ZHAOJI
AGRICUL DEV BANK CHINA,ADBCH
NORDEA KIINNITYSLUOTTO,NDAFH
LIECHTENSTEIN LANDESBANK,LLBSW
NATWEST MARKETS PLC,NWG
WESTLAKE CORP,WLK
YZ NEW MATERIAL INVEST,YACHIN
INVESTITIONSBANK BERLIN,IBB
JS CABLE INFO NETWORK,JSCN
SW (Finance) I PLC,SWSFIN
"Sydney Airport Finance Company Pty, LTD",SYDAU
LUMINOR BANK,LUMINO
NIPPON STEEL CORP,NIPSTL
MOVIDA EUROPE,MOVIBZ
FINNISH GOVERNMENT,RFGB
AUDAX RENOVABLES SA,ADXSM
INMOBILIARIA COLONIAL SO,COLSM
Clean Harbors Inc.,CLH
TELEFONICA EMISIONES SAU,TELEFO
XJ URBAN CONSTRUCT GRP,XJUCGP
Cavalier Acquisition Corporation,TBD
ZHONGDING SEAL,ANHNIN
SKYWORKS SOLUTIONS INC,SWKS
Liquid Telecommunications Financing plc,LIQTEL
DONGYING BANK CO LTD,DYCCBA
SINOHYDRO BUREAU 9 CO LT,SNBUNE
UBER,UBER
ZHEJIANG GUOXING,LACODE
POWERCO LIMITED,PWCNZ
JILIN ELECTIC POWER,JILPOW
Daimler Truck Finance North America LLC,DTRGR
CAPITAL SOUTHWEST CORP,CSWC
Equitable America Global Funding ,EQH
NINGBO ZHENHAI INV,NBZHHA
MIE PREFECTURE,MIEPRE
DEPOSITORY TRUST COMPANY,DEPTCC
TEST  DEAL - OCT RELEASE,TEST
JINGJIANG BJ INV DEV,JJBJXC
NGPL PIPECO LLC,NGPLCO
CAISSE DES DEPOTS ET CON,CDCEPS
BAWAG P.S.K.,BAWAG
CIENA CORP,CIEN
ATI INC,ATI
YMCA OF GREATER NY,YMCANY
Wisconsin Power and Light Company,LNT
GUINEA BISSAU TBILL,GWTB
HYUNDAI GF HOLDINGS,KEUDEV
JANE STREET,JANEST
JEFFERIES FIN GROUP INC,JEF
UNION ELECTRIC CO,AEE
Entergy Louisiana LLC,ETR
GALENICA AG,GALESW
YY INDUSTRIAL PARK DEV,ZJYYIP
JX WATER CONSERVANCY INV,JXWCIG
Danske Bank A/S,DKCP
BLACKSTONE MORTGAGE TRUST INC,BXMT
CLECO POWER LLC,CNL
Julius Baer Group Ltd,BAERVX
CBB INTL SUKUK PROG WLL,BHRAIN
SHINHAN BANK CO LTD-SEOUL HEAD OFFICE,SHNHAN 
KAZAKH GOV BOND - MEUKAM,MEUKAM
JAPAN TOBACCO INC,JAPTOB
FENGXIAN TRANS ENGY GRP,FXTSEG
YZ XIAOXIANGYUAN CITY,LLUCIV
PERFORMANCE FOOD GROUP I,PFGC
HD HYUNDAI,HYUROT
LUOYANG CUL TOUR INV,LCTIGP
MID-AMERICA APARTMENTS,MAA
ANJI ASSET RESOURCES GRO,AJASRE
CIE FINANCEMENT FONCIER,CFF
PROVINCE OF MANITOBA - CANADA,MP
KONINKLIJKE KPN NV,KPN
Deere Funding Canada Corporation,DE
NET ZERO PROPERTIES SARL,NZPNZP
ZJ HAIKONG NANKE HUATIE,ZJHKNK
AEROPORTS DE PARIS SA,ADPFP
MPLX LP,MPLX
ADAMAS TRUST INC,ADAM
ADVANCED INFO SERVICE PC,ADVANC
ICDPS SUKUK LTD,ISCODV
"TOHOKU ELECTRIC POWER CO., INC.",9506
ISB RHEINLANDPFALZ,ISBRLP
CYPRIUM CORPORATION,VGNT
WH OPTICS VALLEY INDUS I,WHOVII
ELECTRICA SA,ELRO
AMPLIFY ENERGY CORP,MPO
CHINA WATER AFFAIRS GRP,CWAHK
UNICREDIT BANK GMBH,HVB
HENAN ZHONGYUAN EXPRESSW,ZYEXPR
MOLINS FINANCE SA,MOLSM
HUBEI CHANGJIANG PUB&MED,HBCHJN
KOMMUNALBANKEN AS,KBN
"Latvia, Government of",LATVIA
MARRIOTT INTERNATIONAL INCORPORATED,MAR
Arena Luxembourg Finance SARL,EMPARQ
"Colombia, Republic of",COLOM
SC DEVELOP ASSET,SCDAMC
Heimstaden AB,HEIMST
Capital Southwest Corporation,CSWC
RAIFFEISENBANK AUS DD,RAFAUS
ALLWYN ENTERTAINMENT FIN,SAZKAG
AEGIS LUX,AEGILU
DONGWON F&B CO LTD,DONGFB
EUROPEAN COMMISSION,EU
JN WATER RESOURCES DEV,JNCOWA
FLCT TREASURY PTE LT,FLTSP
SVEAFASTIGHETER AB (PUBL),SVEAS
NEW YORK STATE ELECTRIC AND GAS CORP,AGR
TEOLLISUUDEN VOIMA OYJ,TVOYFH
WANHUA CHEMICAL GROUP CO,YANTAI
LA BANQUE POSTALE ASSET MANAGEMENT - BANK - FRANCE,LBPSFH
BENIN SUKUK SA,BENSUK
JINAN INDUSTL DEV INVST,JINIDS
TRANSDIGM,TDG
MALAYSIA INVESTMNT ISSUE,MGII
CHINA MER LIFE INSURANCE,CNMELI
DALIAN STATE-OW CAPI,DLSOCM
"Kennedy-Wilson, Inc.",KW
Ferrovial SE,FERSM
REFORM FINANCIAL LEASING,CNREFM
FENHU INVESTMENT GROUP,SZFUIG
CHINA RARE EARTH NF META,RNMETL
SUMITOMO MITSUI AUTO LEA,SMIAUT
JCET GROUP CO LTD,CHJELT
"Elevance Health, Inc.",ELV
CHONGQING RURAL COMM BK,CQRURA
GARDEN GROUP CO LTD,GARGRP
MAF GLOBAL SECURITIES,MAFUAE
BANK AUSTRALIA LTD,BAAUST
CHAOYANG STATE-OWNED,CYASST
VIRGINIA ELEC & POWER CO,D
UNITED RENTALS NORTH AM,URI
"HARVEST MIDSTREAM I, L.P.",HARMID
LANSFORSAKRINGAR,LANSBK
GILDAN ACTIVEWEAR,GILCN
NANJING JIANGNING WATER,NJWTER
STOREBRAND LIVSFORSIKRIN,STBNO
THETA GOLD MINES LTD,THGOMI
Duke Energy Carolinas LLC,DUK
SUNNY OPTICAL TECH,SUNOTG
"National Health Investors, Inc.",NHI
SAMCHEOKBLUEPOWER,POSPOW
FIRST NATIONAL FINANCIAL,FNCN
WEINAN CITY INVEST GROUP,WENACI
MISTAK,ENGIFP
Carnival Corporation,CCLCCL
SND TECH INDUS DEV,SUZTEC
KAZAKH GOV BOND MESTIKAM,MSTKAM
LABASSA FINANCE PTY LTD,LABFIN
CHINA DATANG ENERGY INV,DATACO
City of Buenos Aires,BUEAIR
Arkea Home Loans SFH,ARKEA
ZHEJIANG INNOVATION INVE,ZJJRKG
MITSUBISHI HC CAP UK PLC,MITHCC
GUOTAI JUNAN INTL HLDGS,GUOTJU
NORTHERN STATES PWR-MINN,XEL
GOLD EAST PAPER LTD,SIMAIN
Dummy Test GS,DUMMYTESGS
YIFAN PHARMACEUTICAL CO,YIFAPH
DOVALUE SPA,DOV
CHANGDE URBAN DEVELOP GR,CDURDE
ENGADINER KRAFTWERKE,ENGAKR
GEE AUTOMOTIVE HOLDINGS LLC,GEEATO
SHANGHAI MUNI GOVT,SHANGH
HANWA CO LTD,HANWA
CHINA ENERGY ENGINEERING,CEEGIN
ASTROSCALE,ASTROS
ABU DHABI GOVT INT'L,ADGB
Apcoa Parking AG,TBC
Autobahnen-und-Schnellstrassen-Finanzierungs-AG,ASFINAG
AVENUE LIVING 2014 LP,AVELIV
KINEPOLIS GROUP NV,KINBB
KINGSPAN SEC IRELAND DAC,KSPID
CADENT FINANCE PLC,CDTFIN
ATHENE HOLDING LTD,ATH
PAYPAL HOLDINGS INC,PYPL
CHINA WATER AFFAIRS GROUP,CWAHK
HKMA EF NOTE,HKGB
CA IMMOBILIEN ANLAGEN AG,CAIAV
"GFL Environmental Holdings (Us), Inc.",GFLCN
FiberCop S.p.A.,FIBCOP
SABRE FINANCIAL BORROWER,SABHLD
KBC INSURANCE NV,KBCISC
COASTAL EMERALD LTD,SDEXPR
PBF HOLDING CO LLC,PBFENE
GX INV GRP FIN HOLDING,GXIFIN
TIANJIN PHARM HOLDINGS,TJPHAR
EUROPEAN STABILITY MECHANISM,TBD
Bright Capital Ltd,BCL
CNNC COMMERCIAL FACTORIN,CNNCCM
GULF INTL BANK/SA,GULFSA
NOT APPLICABLE,CG
ELDIK BANK OJSC-BISHKEK HEAD OFFICE,ELDIK
GUOLIAN MINSHENG,GLSECU
CHENGDU XIHUI INV,CDXHIN
HOWMET AEROSPACE INC,HWM
WOORI FINANCIAL F&I INC,WRFFNI
B3 CONSULTING GROUP,BTHRSS
SONY FINANCIAL GROUP,SNEFH
JOBY AVIATION INC,JOBY
WAHANA OTTOMITRA MULTI,WOMFIJ
LG ELECTRONICS INC,LGELEC
Indiana Michigan Power Company,AEP
MOSAIC CO,MOS
MANPOWERGROUP,MAN
UNICREDIT SPA,UCGIM
FUYO GENERAL LEASE,FUYOGN
AFFILIATED MANAGERS GROUP INC,AMG
CHINA AGRICUL DEV GROUP,CHIAGR
TEMASEK FINANCIAL,TEMASE
American Tower Corporation,AMT
GUILIN BANK CO,GLBANK
AMERICAN GREETINGS CORP,AMEGRE
"Marvell Technology, Inc.",MRVL
KB CAPITAL CO LTD,KBCAP
ARCHER-DANIELS-MIDLAND CO,ADM
MELCO RESORTS FINANCE,MPEL
ADVANCEL BVI LTD,SUHUKA
PATRIC TERMINALS FINANCE,PATFPL
CHENGTONG COMMER FACTORI,CTCOFA
EUROPEAN COMMISSION,EI
ALSTRIA OFFICE,AOXGR
XIAMEN PORT HOLDING GROU,XMPORT
"CSDC FINANCE I, LLC",TBD
BOE TECHNOLOGY GROUP,BOETCH
TJ WUQING ST OWN AST INV,TJWQSO
DOMINION ENERGY INC,D
THAILAND TREASURY BILL,THAITB
WEIR GROUP AU HOLDINGS,WEIRLN
TIANJIN RAIL TRANSIT GRP,TJRTGC
SHANXI ROAD&BRDG CONTR,SXROBR
FORESEA HOLDING SA,FORSEA
Skyworks Solutions Inc.,SWKS
BIRD CONSTRUCTION INC,TX
DANSKE KIINNITYSLUOTTOPA,DANBNK
"COREWEAVE, INC.",CRWV
SCE Recovery Funding LLC,EIX
GRAND RVR FND TRST I/II,JXN
ZHONGGUANCUN DEVE,ZHGCDV
LHASA CITY CONS INV,LASACI
Pampa Energia SA,pampar
Crelan SA/NV,CRELAN
CTEC II GMBH,CERTEC
VOLKSBANK WIEN,TBD
DT STATE-OWNED,DTSTAT
IMAX CORP,IMAX
KOREA MONETARY STAB BOND,KORMSB
SWISS RE SUB FIN PLC,SRENVX
REPUBLIC OF GABON,GABON
Dummy,DUMMY
GUOXIN DEVELOP INVEST MA,GXDIML
ZHEJIANG DES BVI CO LTD,FYTRAN
UNITI GROUP/CSL CAPITAL,UNIT
AMER AGCREDIT ACA,AAGACA
LIUYANG URBAN CONS,LIUYUR
CHINA COAL POWER,CNCOPW
SCENTRE GROUP TRST 1,SCGAU
NKT HOLDING A/S,NKTDC
Southern Natural Gas Company,SONGAS
DEUTSCHE KREDITBANK AG,DKRED
BAZHONG DEVELOPMENT HOLD,BAZHDV
MAOMING PORT GROUP,MAOPOR
LOUISVILLE GAS & ELEC,PPL
SUCI SECOND INVEST CO,PIFKSA
TONGYU HEAVY INDTR,TONGYU
WISCONSIN ELECTRIC POWER,WEC
Westlake Corporation,WLK
CHINA MENGNIU DAIRY,CHMEDA
FJ STATE OWNED,FJSOAM
STELLANTIS FIN US INC,STLA
INTERNATIONAL DEVELOPMENT ASSOCIATION,IDAWBG
GX HONGGUI ASSET,HGAESS
PLNPT - PERUSAHAAN LISTRIK NEGARA (PERSERO) PT-SG ACC,PLNIJ
UNICAJA - BANK - SPAIN,UCAJLN
WAYFAIR LLC,W
ENCOMPASS HEALTH CORP,EHC
MUT D'EPARGNE DE RETRAIT,CARACG
WSFS FINANCIAL CORP,WSFS
Hexcel Corporation,HXL
Deuce Finco Plc,DAVLLO
McDonald's Corporation,MCD
CHINA COAL ENERGY CO LTD,CHCOAL
NINGBO INTR TRD DEV,NBITID
SECHE ENVIRONNEMENT SACA,SCHPFP
CANPACK GROUP INC/SA,CANPCK
LY GUOSHENG INVEST HD GR,LYGSIH
ENBW ENERGIE BADEN - WU,ENBW
IPOTEKA-BANK ATIB,IPTBZU
NATIONAL RURAL UTIL COOP,NRUC
LANDWIRTSCH. RENTENBANK,RENTEN
PRIMERO AGILA LTD,PALPM
TER FINANCE JERSEY LTD,TERFIN
GOVERNMENT OF THE EMIRATE OF ABU DHABI,ADGB
KBC INSURANCE NV,KBCBB
CARNIVAL PLC,CCL
VICO PRECISION MOLD PLAS,SHVICO
CHEMTRADE LOGISTICS,CHEUCN
JS YC PORT DF PORT DEV,JSDFHH
ELECTRICITE DE FRANCE SA,EDF
KOREA MIDLAND POWER CO,KOMIPW
GEELY AUTOMOBILE,GEELY
CCCC CONSTRUCTION GRP,CHCOMU
LN PORT GROUP,LNPORT
CNNC HUACHEN CONST ENGIN,CNNCHC
IDS FINANCING PLC,IDSFIC
HUBEI PORT GROUP,WHPSDC
TEPCO PWER GRID INC,TOKELP
MORGUARD CORPORATION,MRCCN
KOREA WESTERN POWER CO,KOWEPW
DOF GROUP ASA,DOFGRP
XC MUNICIPAL CONS INV,SZXCTC
WEIFANG URBAN CON DEV,WFURCD
CASSA DEPOSITI E PRESTITI [CDP],TBD
WUXI HUISHAN INV HLDG,WXHSED
PROTECTIVE LIFE GLOBAL,PL
SR INDUST INVES DEVELOP,SHAIND
"KODIT GLOBAL 2024-1 CO, LTD. - SPV - KOREA, REPUBLIC OF (SOUTH)",KOCRGF
CH RAIL CONS INV GRP,CHRCIG
South West Water Finance Plc,PNNLN
CLOSE BROTHERS GROUP PLC,CBGLN
WEPA Hygieneprodukte GmbH,WEPAHY
ANGANG STEEL CO LTD,ANGSTL
Oesterreichische Kontrollbank AG,OKB
"Golub Capital BDC, Inc.",GBDC
Veolia Environnement SA,VIEFP
TELE2 AB,TELBSS
CIRSA FINANCE INTER,LHMCFI
NATIONAL BANK OF KUWAIT,NTBKKK
DIG INTL FIN/DIFL US LLC,DIGDIF
PITNEY BOWES,PBI
SERVICE PROPERTIES TRUST,SVC
REPUBLIC OF AUSTRIA,RAGB
ARAB BK ECO DEV AFRICA,ARBBNK
DZ Hyp AG,DZHYP
KITE REALTY GROUP LP,KRG
CCB FINANCIAL LEASING CO,CCBFIN
CITADELE BANKA,CITADE
HUBEI ANQI BIOLOGICAL,HBAQBI
THE BANK OF EAST ASIA LTD-HONG KONG HEAD OFFICE,BNKEA
GMO PMT GTW INC,GMOGTW
Euroclear Holding SA/NV,ECLEAR
JIANGSU RAILWAY GR,JSRALG
STANDARD CHARTERED SG LT,STNCSG
"WYNDHAM HOTELS & RESORTS, INC.",WH
ARMENIA TREASURY BILLS,ARMTB
KOMATSU LTD,KOMATS
LUMO KODIT OYJ,VVOYHT
ZHONGMOU XINGLV INV  DEV,ZMXLCI
SCHAFFHAUSER KANTONALBAN,KBSH
Ellington Financial Inc.,EFC
Woori Bank,WOORIB
VALOR HOLDINGS CO LTD,VALOR
LONGJIAN ROAD & BRIDGE,LJRBCL
FIRST WEST CREDIT UNION,FIRWST
National Rural Utilities Cooperative Finance Corporation,NRUC
Covéa Coopérations ,COVEA
Fidelity National Information Services Inc.,FIS
UNIVERSAL MUSIC GROUP NV,UNIMUS
JIMO TOURISM DEVE INV,JIMOTM
GUANGDONG XINGFA ALUMINU,GDXFAL
POLY UNION CHEMICAL HLDG,JIULAN
SHENZHEN INVESTMENT HLDG,SZIHOG
Capsugel Belgium NV,TBC
KONINKLIJKE PHILIPS NV,phiana
Forvia SE,EOFP
XIANGCAI SECURITIES CO,XCSC
COFCO COMMCL PROPERTY,COFCOP
Griffon Corporation,GFF
SKIPTON BUILDING SOCIETY,SKIPTN
IFB HAMBURG,IFBHH
Photo Holdings LLC,SFLY
WEIHAI THERMAL POWER GRO,WHTEPW
AZELIS FINANCE NV,AZELIS
AMERICAN EXPRESS CO,AXP
BOOKING HOLDINGS INC.,BKNG
HAINAN TOURISM INVESTMEN,HNTIDC
CHN RESOURCES PHARM HLDS,CRMHTZ
SHIFT4 PAYMENTS LLC/FIN,FOUR
JINGZHOU MUNI UR DEV,JZMUNU
Northern Trust Corporation,NTRS
Assicurazioni Generali S.p.A.,ASSGEN
CORE SCIENTIFIC FINANCE I LLC,TBD
PETROLEO BRASILEIRO SA PETROBRAS,PETBRA
CH SEC CREDIT,CNSECE
QINGDAO HOLDING GROUP CO,QINKOL
ALLY FINANCIAL,ALLY
APPLIED MATERIALS INC,AMAT
SUMITOMO CORP,SUMI
WALT DISNEY COMPANY/THE,DIS
SHUI ON DEVELOPMENT HLDG,SHUION
BLACK PEONY HK HLD CO LT,BPEOHK
SHERWIN-WILLIAMS CO,SHW
AMCOR UK FINANCE PLC,AMCR
AMEREN CORP,AEE
NOA BIDCO AS,NOABID
Debt Management Office DMO,UKT
EMP DISTRIBUIDORA NORTE,EDNAR
SH HAJIME ADVANCED MATER,SHHAAD
SD YIYANG HEALTH IND DEV,SDYYHE
BANGKOK BANK,BBLTB
MGM China Holdings Limited,MGMCHI
POWER CONSTRUCTION CORP,SINOHY
NOT APPLICABLE,ZHAPIE
BEIJING GUANGAN HLD GRP,BJGAHL
ASHTON WOODS USA/FINANCE,ASHWOO
CHESNARA PLC,CSNLN
Volvo Treasury AB (Publ),VLVY
Pearson Funding PLC,PSON
TS SHIPPING INVEST AS,TSHIP
"Centerpoint Energy Houston Electric, LLC",CNP
SHENZHEN TAGEN GROUP,SZTAGE
CHINA RAILWAY TUNNEL,CHRATN
CHONGQING AIRPORT,CQAIRP
OAKTREE SPECIALTY LEND,OCSL
QD RONGHUI WEALTH INV,QDRHWI
Public Service Enterprise Group Inc.,PSEG
ADM ELEKTRIK,TBD
BARCLAYS PLC,BACR
RESURS BANK-WITHDRAWN,RESURS
SD GUTHRIE BHD,SDGMK
MBANK SA,MBKPW
"Consolidated Edison Company of New York, Inc.",ED
AXA LOGISTICS EUROPE,AXALEM
A2A SPA,AEMSPA
RAIFFEISEN LB VORARLBERG,RFVORA
"AutoZone, Inc.",AZO
SHANXI TAIGANG STAINLESS,TAIGAN
THI CAPITAL CO,SDEXPR
Telereal Securitisation PLC,TELSEC
ISRAEL ELECTRIC CORP LTD,ISRELE
DAVE INC,DAVE
OTP JELZALOGBANK ZRT,OTP
COSTA RICA BONOS ESTABIL,CRBEM
"Norddeutsche Landesbank - Girozentrale - (the ""Issuer"")",NORDLB
MAOTAI SHANGHAI FINANCE,MTSHFL
SK REIT CO LTD,REITSK
UNUM Group,UNM
ERSTE&STEIERMAR BANK DD,ERSTEI
BNG BANK NV,BNG
Athene Global Funding,ATH
ARVA AS,ARVAAS
WUHAN LINKONG INV,WHLKIN
TOYOTA FINANCE AUSTRALIA,TOYOTA
GUANGZHOU COMM INV GR,GZHCIG
Belfius Bank S.A,CCBGBB
SPAREBANKEN MORE,MORGNO
Baden-WÃ¿rttemberg Land,BADWUR
JHARKHAND,JHKAND
KEPPEL LTD,KEPSP
RTE RESEAU DE TRANSPORT,RTEFRA
BNY MELLON,BNY
GUANGXI LIUZHOU IRON STL,GXLZSZ
DZ Bank Deutsche Zentral-Genossenschaftsbank AG,TBC
KUWAIT GOVERNMENT BOND,KUWGB
LANSFORSAKRINGAR,LFBANK
ESSENTIAL PROPERTIES LP,EPRT
JB POINDEXTER & CO INC,JBPOIN
ITOKI CORP,ITOKIC
RABOBANK UA/AU,RABOBK
PARK RIVER HOLDINGS INC,PRIMBP
SIEGFRIED HOLDING AG,SFZZSW
Klepierre,LIFP
NEXTDC LTD,NXTAU
EATON CAPITAL ULC,ETN
ODISHA,ODISHA
African Development Bank,AFDB
JFE HOLDINGS INC,JFEHLD
JIANGSU JIANGYAN ECONOMI,TZJYJK
NTT FINANCE CORP,NTT
"Banco de Sabadell, S.A.",SADSM
FLOWER INFRASTRUCTURE,FLWRIF
COTE D'IVOIRE TREASURY B,IVYTB
ZHANGJIAGANG SOA INV GRP,ZJGMP
KM SOUTHEAST RING EXPRES,KMSORE
REPUBLIC OF CROATIA,CROATI
Simon Property Group LP,SPG
TAILONG COMMERCIAL BANK,ZHTACO
ANH SHUI'AN CONSTRU GRP,AHSACG
PAREX RESOURCES INC,PXTCN
KEYERA CORP,KEYCN
BULGARIA GOVERNMENT BOND,BULGGB
HAINAN STA OWN CAP OPERA,HNSOCA
WINDSTREAM SERVICES LLC,WIN
CTP NV,CTPNV
Rogers Communications Inc,RCICN
TX CHENGFA HOLDINGS GRP,TXCFHO
BANQUE FEDERATIVE DU CREDIT MUTUEL - BANK - FRANCE,BFCM
"Centerfield Media Parent, Inc.",CFIELD
WALMART INC,WMT
AMEREN ILLINOIS CO,AEE
DIVERSIFIED HEALTHCARE TRUST,DHC
JINJIANG CONSTRUCTION IN,JJCIHG
NT HIGH-TECH HOLDING,NTHTDZ
VENTURE GLOBAL PLAQUE,VEGLPL
BURJEEL HOLDINGS PLC,BJHDAE
DOMETIC GROUP,DOMSS
Kapla Holding SAS,KILOTO
CLEAN HARBORS INC,CLH
Nisource Inc.,NI
ASIAN DEVELOPMENT BANK - OI - PHILIPPINES,ASIA
ZHANGZHOU CITY INV GRP,FJZZCI
SWEDAVIA AB,SWEDAV
JILIN INVESTMENT GROUP,JLINCO
BROADRIDGE FINANCIAL SOL,BR
BEFAR GROUP GO LTD,BEFAGP
JOINTO ENERGY INVESTMENT,JIONTO
"Advance Auto Parts, Inc.",AAP
PLS GROUP LTD,PLSAU
XUZHOU INDUSTRIAL DEVE,XZIDHG
Westpac Securities NZ Limited/London,WSTPLN
TRILLIUM M PROJECT CO GP,THPMCN
CORPORACIAN QUIPORT SA,CORQUI
REPSOL EUROPE FINANCE,REPSM
SAGESS,SAGESS
YULIN ENERGY GROUP,YULNEN
INTRALOT CAPITAL LUX,INLOTG
SHUIFA INT HLD BVI,SHUGRP
BLACKSKY TECHNOLOGY INC,BKSY
CHINA RAILWAY SIXTH GROU,CNRWSX
Enel SpA,ENELIM
CHINA GUONENGFINANCIAL,SPPOW
BRANDYWINE OPER PARTNERS,BDN
HELLA GmbH & Co. KGaA,HELLA
ILLINOIS TOOL WORKS INC,ITW
TECHNIP ENERGIES NV-,TEFP
ENBRIDGE,ENBCN
KOREA FINANCIAL BILL,SKFB
INFRONEER HOLDINGS,INFRNR
REPSOL E&P CAP MARKETS,REPSM
SH PORT CITY DEVELOP,SHPCDG
ALPHA BANK SA-ATHENS HEAD OFFICE,ALPHA
SH SIMIC ELECTRONICS CO,SIMICE
CN NUCLEAR INDUSTRY 24 C,CNUINC
XINGHUA URBAN CONSTR INV,XHUCIC
IBERCAJA BANCO SA,CAZAR
Coca-Cola European Partners PLC,CCEP
ALBANIA GOVT BOND,ALBANB
Nexstar Media Inc.,NXST
BALI TOWERINDO SENTRA,BALIIJ
GRAHAM HOLDINGS CO,GHC
INVESTEC PLC,INVPLN
GZ SEWAGE PURIFI,GZSEWP
AMS OSRAM,AMS
JX FINAN ASSET MGMT,JXFIAM
GRAHAM HOLDINGS COMPANY,GHC
FRANKLIN RESOURCES INC,BEN
Land Baden-Wuerttemberg,BADWUR
ZHENJIANG TOURISM DEV,ZHENJI
State of Qatar,QATAR
WUXI TAIHU NEW CITY,WXTAIH
MOTOR OIL (HELLAS) SA,MOHGA
HUNAN XJ DEVELOP GROUP,HUXJDP
GROUPE BRUXELLES LAMBERT,GBLB BB
"Japan Post Insurance Co., Ltd.",JPI
COLUMBIA PIPELINES HOLDING CO LLC,CPGX
YANGZHOU LONGCHUAN,JDXYIG
Allison Transmission Inc,ALSN
MONETA Money Bank AS,MONBNK
Oxford Finance LLC and Oxford Finance Co-Issuer II Inc.,OXDFLL
CNX RESOURCES CORP,CNX
GAC COMPONENT CO LTD,GACCOM
WUHAN GEHUA GROUP,WHGHJT
APPALACHIAN POW REC FNDG,AEP
ZHEJIANG PROVINCE GOVT,ZHEJIA
CREDIT AGRICOLE ASSRNCES,ACAFP
DONGLONG HOLDINGS,DONGLG
SCHNEIDER ELECTRIC SE,SUFP
RAJASTHAN,RAJAST
JIAOJIANG SOCIAL DEVELOP,TZJJSD
KOMMUNINVEST I SVERIGE,KOMINS
CANAL PLUS SA,CANALP
Federal Republic of Germany,DBR
MALAWI DEVELOPMENT BOND,MALWDB
QUANZHOU WATER GROUP,QZWATR
UPSTART HOLDINGS INC,UPST
NINGBO NINGXING GROUP CO,NBNXGP
ZHUHAI PORT HOLDING,ZHPORT
DTE Electric Company,DTE
MONGOLIA TREASURY BILL,MONGTB
BNP PARIBAS TAIPEI,BNP
Landesbank Baden-Wuerttemberg (LBBW),LBBW
XINGRONGXI CITY OPS,CDWJXR
CHIP MORTGAGE TRUST,HEQCN
STATE GRID CORP OF CHINA,CHGRID
HEIMSTADEN AB,HEIMST
MITCH & PEARL RIDE BICYCLES,MNP
DONG-A SOCIO HOLDINGS,DONGA
SVEAFASTIGHETER AB,SVEFAS
LIAOCHENG EASTERN INVEST,LIACHE
GZ CITY DEVELOP AND INV,GACIDE
CHILE PAGARE DESCONTABLE,CHPDBC
Genpact Limited,G_NOV2025
Alinma Bank,ALINMA
JORDAN GOVT BOND,JORGB
DEERE FUNDING CANADA COR,DECN
WUHAN OPTICAL VALLEY FIN,WHOPVL
VEGFINANS VIKEN AS,VEGVIK
"Genesis Energy, L.P. and Genesis Energy Finance Corporation",GEL
ATLAS ENERGY SOLUTIONS,AESI
STONEWEG EUROPEAN REAL ESTATE INVESTMENT TRUST,CERTSP
CONTSHIPS LOGISTICS CORP,CRTSHP
Nova Securitisation S.Ã  r.l.,TBD
NOT APPLICABLE,RENAUL
SIENNA SENIOR LIVING,SIACN
AXA SA,AXASA
HANWHA SOLUTIONS CORP,HWQCUS
AX VII INV1 HOLDINGS AS,AXVIII
SX FINANCIAL HD,SXFBIN
CAF,CAF
AA Bond Co Limited,AABOND
MONDI FINANCE PLC,MNDILN
ZHONGTAI INTL FIN BVI,ZTSECB
PARKER-HANNIFIN CORP,PH
PROCREDIT HOLDING AG,PRCRHO
GREAT WALL WEST CHINA BK,DEYABK
BRIT COL MUNI FIN AUTH,BCMFA
MERCEDES-BENZ INT FINCE,MBGGR
Well Link Life Insurance Company Limited,WLISRC
BURFORD CAPITAL GLBL FIN,BURLN
TRIODOS BANK - BANK - NETHERLANDS,TRIOD
"SOPAIPILLA INVESTOR, LLC ",TXEDCI
CECEP SOLAR ENERGY,CECEPS
LIAOCHENG CHANGSHENG,LCCSHG
JINGDEZHEN CONS INV,JDZCCD
SUPERMARKET INCOME REIT,SUPRLN
DAZHOU KAISHENG CONSTR,DAZKAI
Agence Francaise De Developpement,AGFRNC
SK HYNIX INC,HYUELE
ROYAL BANK OF CANADA/SYD,RY
RABOBANK NEDERLAND/NZ,RABOBK
ARKEA PUBLIC SECTOR SCF,CMARK
NINGBO BRAW WATER,NBBRAW
HURTIGRUTEN GROUP AS,HRGNO
Sealed Air Corporation,TBC
Public Storage Operating Company,PSA
BONOS TESORERIA GENL REP,BTUCL
NANCHANG CONSTRUCTION IN,NCCONS
DENKA CO LTD,DENKI
TIANJIN CAPITAL ENVIRON,TJCAPI
Saastopankkien Keskuspankki Suomi Oyj - Central Bank of Savings,CBSBKF
ADVANCED DRAINAGE SYSTEM,WMS
NANJING HEXI NEWTOWN STA,NJHEXI
Nestle Capital Corp.,NESNVX
OVERSEA-CHINESE BANKING,OCBCSP
COMMVAULT SYSTEMS INC,CVLT
MEX BONOS DESARR FIX RT,MBONO
Martin Marietta Materials Inc,MLM
SHIBEI GAOXIN GROUP,SHIBEI
GEORG FISCHER FINANZ AG,GEOFIS
KIWOOM SECURITIES CO LTD,KIWOOM
CROWN EURO HOLDING SACA,CCK
WSP GLOBAL INC,WSPCN
FRESENIUS MEDICAL CARE A,FMEGR
DEYANG ECO DEV ZONE,DYGAOX
Vodafone International Financing DAC,VOD
MOL NYRT,MOL
SHAANXI CULTURAL IND,SXCIIH
BANK OF JIANGSU,BKOFJS
VERISK ANALYTICS INC,VRSK
The Clorox Company,CLX
HORSESHOE FUND TRST II,HUM
NAVER CORP,NHNCOR
BOKF NATIONAL ASSOCIATION,BOKF
CN ENVIRONMENTAL PROTECT,CNENPR
SW (FINANCE) I PLC,SWSFIN
"Marriott International, Inc.",MAR
Emirate of Abu Dhabi,ADGB
Silgan Holdings Inc,SLGN
DENMARK I/L GOVT BOND,DGBI
SAN DIEGO G & E,SRE
CMST DEVELOPMENT CO LTD,ZHGCHU
ALIPAY SG HOLDING,ALISGH
BITFARMS LTD,BITFAR
GUOTAI LEASING LTD CO,GTAILE
LSF12 HELIX PARENT LLC,PRELPP
CQ CHANGSHOU INV DEV,CQCSID
EMD Finance LLC,MRKGR
LUZHOU LAOJIAO GROUP,LZLJGR
VISTA ENERGY ARGENTINA S.A.U.,VISTAA
REPUBLIC OF ALGERIA,ALGERD
TF CREDIT ENHANCEMENT,TFZXGF
APTARGROUP INC,ATR
CHINA COMMUNICATIONS CON,CNCOCO
PROSEGUR CASH SA,CASHSM
ALPHA BANK SA,ALPHA
JIANGXI ST OWN CAP OP,JXSOEA
RXO INC,RXO
LINGSHAN CULTURAL TOURSM,LNGSHN
AECOM,ACM
LABASSA PROPERTY TRUST,LABPRP
NEWHEADLINE CO LTD,NEWHEA
NORTHERN TRUST CORP,NTRS
F3 FIBRE CAPITAL,FFFCAP
XINFENGMING HOLDING GROU,XINFMI
SAUDI AWWAL BANK,SABBAB
VERVE GROUP SE,VERSS
BANK OF SUZHOU CO LTD,BSUZHC
CQ FULING SOA INV,CQFSOA
NINGBO HAISHU ASST,HASHGU
MATICMIND SPA,MATICM
JIANGXI PUBLISHING MDDIA,JXPUBL
VICINITY CENTRES RE LTD,VCXAU
CAPITALAND INTEGRATED,CAPITA
Freie Und Hansestadt Hamburg,HAMBRG
NINGBO WATER ENVIRONMENT,NBWSDG
CHENGTAI RURAL COMM BANK,CTRUBA
UNICREDIT BK AUSTRIA AG,BACA
HAWAIIAN ELEC CO,HE
BPCE SFH SA,BPCECB
QINGDAO HUATONG ST-OWN,QDHTCO
Wesco Distribution Inc,WCC
WANSHENG INDUSTR PARK,CWIPDC
BUONI POLIENNALI DEL TES,BTPS
CHINA TIESIJU CIVIL ENG,CHRAIL
AKZO NOBEL NV,AKZANA
SUZHOU CONSORTIUM,SZINDU
OMAN ELECTRICITY TRANS,OMGRID
HUAIAN ECONOMIC DEV GRP,HAETDC
Intralot Capital Luxembourg S.A.,INLOTG
Dwr Cymru (Financing) UK PLC,GLCCUK
EnBW Energie Baden-Wuerttemberg AG,ENBW
UNITED UTILITIES WAT FIN,UU
UAE GOVERNMENT BOND,UAEGB
TOTAL FLEET SA,LOCREN
ILLUMINA INC,ILMN
GILEAD SCIENCES INC,GILD
NINGBO RAIL TRANSIT GRP,NIRATR
"Versant Media Group, Inc.",VERSANT
HZ WEST LAKE CONSTRUCT,HZWLCI
TMX GROUP LTD,XCN
"No entity or CRDS, KYC not completed",TEFP
API GROUP DE INC,APG
TRAVELERS COS INC,TRV
PRUDENTIAL FINANCIAL INC,PRU
SPARISKIRTEINI,ICEGBI
UNITED GROUP B.V.,ADRBID
RIOCAN REAL ESTATE INVST,REIUCN
"MILLROSE PROPERTIES, INC.",MRP
CHENGTAI FINANCE LEASING,CTFILE
CK HUTCHISON INTL 25,CKHH
SHENYANG METRO,SYMETO
THE PLATFORM GROUP AG,TPGGR
KUNSHAN CHUANGYE HLD GRP,KUNSHA
Sammaan Capital Limited,IHFLIN
Nationwide Building Society,NWIDE
CANTON OF GENEVA,GENEVA
SINOMA SCI & TECH CO,SINOTC
PRINCIPAL LIFE GLOBAL FUNDING II,PFG
KNOWLEDGE CITY INV GROUP,KCGZIG
FLOWSERVE CORPORATION,FLS
NGK INSULATORS LTD,NGKINS
LITUANIE - LITHUANIA (REPUBLIC) - LITHUANIA,LITHUN
IFAST CORP LTD,IFASTC
The Republic of Srpska,SRPSKA
GC LEASING MELBOURNE PTY,GLJGR
TENCENT HOLDINGS LTD,TENCNT
EINDHOVEN MUNICIPALITY,EINDHO
HELGELAND KRAFT AS,HELKRA
ALINMA AT1 SUKUKLTD,ALINMA
CHINA SINOMA INTERNATION,SINOMA
FAIRSTONE BANK OF CANADA,FBOCAN
GEMEINDE KOENIZ,KOENIZ
ERP OPERATING LP,EQR
BANQUE OUEST AFRICAINE D,BOAD
THREE PILLARS FUNDING,TRPLFN
Corporacion Andina De Fomento,CAF
CHINA MERCHANTS PORT GRP,NANSHD
SVENSKA CELLULOSA AB SCA,SCABSS
NJ JIANYE SCIENCE & TECH,NJCITY
SHENZHEN HEC INDUS DEV,SHEDON
A.P. Moller - Maersk A/S,MAERSK
IFFIM,IFFIM
Caterpillar Financial Services Corporation,CAT
NANJING ZIJIN INVST GRP,NJZIJN
Asian Infrastructure Investment Bank,AIIB
BANCO C6 ,BNKSIX
TOYOTA MOTOR CREDIT CORPORATION,TOYOTA
NIPRO CORPORATION,NISSHO
UNIQA Insurance Group AG,UQA
BJ XIANGLONG ASS MANAGE,BJXLAM
HEBEI EXPRESSWAY GRP,HBEWGL
SUEZ SACA,SUEZFP
TRUSTLY AB,TRSTLY
CT REAL ESTATE INV TRUST,CRTUCN
TERAWULF,WULF
HERA SPA,HERIM
CRRC CORP LTD,CSLOCO
LINDBLAD EXPEDITIONS LLC,LIND
DRAWBRIDGE SPEC OPPOR FU,DRAWBR
DUKE ENERGY NC ST FDG II,DUK
HUBEI ASSET MGMT,HBASST
BMW Finance N.V.,BMW
CITY OF GENEVA,GENCTY
SZ PUBLIC TRANSPORT GROU,JSPBTR
WANGCHENG CITY INVST GRP,WCCIGP
JSC Bank of Georgia,GEBGG
INTESA SANPAOLO SPA ( FORMER SANPAOLO IMI ),ISPIM
ECO WORLD PERPETUAL CAPI,ECWMK
Binghatti Sukuk 2 SPV Limited,BINHLD
T. Rowe Price OHA Select Private Credit Fund ,OCREDT
Pricoa Global Funding I,PRU
QATAR INTL ISLAMIC BANK,QIIKQD
GROUPE DANONE,BNFP
FORCE BIDCO A/S,FORCEB
SHENZHEN LEAGUER CO LTD,SZLEAG
PHOTO HOLDINGS LLC,SFLY
RECKITT BENCKISER TREASURY SERVICES PLC,RKTLN
SINOHYDRO 11 BURE CO,SINOHY
DUMMYTEST September 16,DUMMYTEST
GENMAB A/S,GENMAB
NORTH AMER CONSTRUCTION,NOACN
QINGDAO WEST CST DEV GRP,QDWCDG
SPIRE INC,SR
ATLANTIC UNION BANKSHARE,AUB
NINGXIA COMMUNI INVEST,NXCOMM
GD ENVIR PROTECT GR,GDGYAS
PROXIMAR SEAFOOD AS,PROXI
GRENERGY RENOVABLES,GRESM
ERSTE BANK HUNGARY RT - HUNGARY,ERSHUN
GRIFFON CORPORATION,GFF
BANK OF NY MELLON CORP,BK
LIAOCHENG ANTAI INV DEVE,LCHANT
INTER AMERICAN INVESTMENT CORPORATION - OI - UNITED STATES,IDBINV
KAIFENG DEVELOP INV,KAFEDI
CVR ENERGY INC,CVI
YIDU GUOTONG INV DEV,YIDUGT
ZHEJIANG NHU CO LTD,ZHEJNG
JINAN HI TECH INT CAYMAN,JNHITE
Riyad Bank,RIBL
CREDIT MUTUEL ARKEA,CMARK
SHAN DONG CHAMBROAD,SDJIBO
TIANJIN BOHAI ASSET ADMI,BHAOM
OESTERREICHISCHE KONTROLLBANK AG-VIENNA HEAD OFFICE,OKBA
JIANGSU HAIRUN CITY DVP,HAICIT
VOYA FINANCIAL INC,VOYA
MATTAMY GROUP CORP,MATHOM
PENNYMAC FIN SVCS INC,PFSI
BAYER US FINANCE LLC,BAYNGR
CANAL+,CANLN
EP Infrastructure AS,ENAPHO
KOREA HYDRO & NUCLEAR POWER CO LTD,KOHNPW
HIMS & HERS HEALTH,HIMHER
SOUTHERN POWER CO,SO
CN GUODIAN CAP HLDS,CGDCHC
CN RAILWAY FINANCE LEASI,GTRZZL
TDC NET A/S,TDCDC
SHAANXI CON ENG GROUP,SXCEGG
SIG COMBIBLOC PURCHASECO SARL,SIGCBL
BOSNIA & HERZEGOVINA,BOSNIA
BMS IRELAND CAP FUNDING,BMY
SOCIETE GENERALE,SOCGEN
BNP PARIBAS SA,BNPP
PS CANADA FINANCE ULC,PSA
SYDBANK A/S,SYDBDC
COCA-COLA EUROPACIFIC,CCEP
"O'Reilly Automotive, Inc.",ORLY
PROLOGIS TARGETED US,PLDTLF
Slovak Republic,SLOVGB
WORLEY FIN SERV PTY LTD,WORAU
HUBEI PROVINCE GOVT,HUBEIC
Mattel,MAT
RAIFFEISEN BANK SA,RABROM
JY HUAXING FINANCIAL LEA,JIYAFL
GE VERNOVA INC,GEV
DEZHOU DEDA INVESTMENT,DEZHIN
CSN INT FIN LEASING,CSNIFL
BWP PROPERTY GROUP LTD,BWPMGM
ICICI Bank Limited,532174
CRH America Finance Inc,CRHID
Commonwealth Bank of Australia-CBA,CBAAU
METRO INC,MRUCN
BANK OF HEBEI,BKHEBE
DUKE ENE CA SC STORM FUN,DUK
ASSA ABLOY AB,ASSABS
LSEG NETHERLANDS BV,LSELN
Cirsa Finance International S.a.r.l.,LHMCFI
WAHANA INTI SELARAS PT,WAHINT
VOLKSWAGEN GROUP AMERICA,VW
The Province of CÃ³rdoba,PDCAR
YZ SLIM WEST LAKE TOURIS,YZSWTR
GENERADORA DE GATUN ,GENGAT 
CASSA DEPOSITI E PRESTIT,CDEP
Arion Banki Hf.,ARION
HEALTHPEAK OP LLC,DOC
ANHUI NINGGUO CON INV GP,NGETDC
BLACK PEARL COMPUTE LLC,CIFR
VACSE AB,VACSEA
SHRIRAM FINANCE LTD,SHFLIN
TRINITY CAPITAL INC/MD,TRIN
CLEVELAND-CLIFFS INC,CLF
LSF12 HELIX PARENT LLC,HI
LUNDS KOMMUN,LUNDSK
HK XIANGYU INVESTMENT CO,XIANGY
ZHANGJG INV DEV GRP,ZJGIDG
LS STATE-OWNED AST MGT,LSSTAT
Global Infrastructure Solutions Inc.,GOINSO
Brookfield Asset Management Limited,BAMCN
GRG METROLOGY TEST GROUP,GRGTES
JIASHAN GUOCHUANG GROUP,JSGCCA
Gurmat Elektrik Uretim A.S.,TBC
MALAWI T-BILL,MALWTB
EVERBRIGHT JIABAO CO LTD,JIABAO
GREAT-WEST LIFECO INC,GWOCN
Avolon Holdings Funding Limited,AVOL
LB SAAR GIROZENTRALE,SAARLB
WASU MEDIA,WASUME
TRANSPOWER NEW ZEALAND,TPNZ
REPUBLIC OF TURKEY PRIME MINISTRY UNDERSECRETARIAT OF TREASURY,TURKEY
DRB TEST,DUMMYTEST
SHAOXING CITY DEV LTD,SXUCI
DYDO DRINCO,DYDO
Smurfit Westrock Financing Designated Activity Company ,SW
Asian Infrastructure Investment Bank,ASIA
AKADEMISKA HUS,STAAKA
Banco de Sabadell S.A.,SABSM
AMPHENOL CORP,APH
BEIJING URBAN CONSTRUCTI,BJURBA
test 2,dummy test
AMERICAN EXPRESS,AXP
ODAKYU ELECTRIC RAILWAY,ODAKYU
STADT CHUR,CHUR
STELLANTIS FINANCIAL SER,STLA
SHENWAN & HONGYUAN SEC,SWHYSE
Black Hills Corp,BKH
SVENSK FASTIGHETS FIN,NYSVFI
ARGENTA SPAARBANK,ARGSPA
COLUMBIA PIPELINES OPCO,CPGX
NAMIBIA CENTRAL BANK BIL,NAMICB
SA GLOBAL SUKUK LTD,ARAMCO
BANK OF CHINA/HONG KONG,BCHINA
HAINAN FARM INV HOLDINGS,HNFARM
THE REPUBLIC OF KOREA,KOREA
AIB Group PLC,AIB
BANCA MONTE DEI PASCHI DI SIENA SPA-SIENA HEAD OFFICE,MONTE
Brenntag Finance BV,BNR
MWOF I FINANCE CO LTD,MWFICO
DOWNER GROUP FINANCE PTY,DOWAU
DUKE ENERGY CORP,DUK
STARWOOD PROPERTY [STWD],STWD
Carlisle Companies Inc.,CSL
TDF INFRASTRUCTURE SAS,TDFINF
CHINA CITIC BANK INTERNATIONAL LTD-HONG KONG HEAD OFFICE,CINDBK
CGNPC INTL FIN LEASING,CGNFLS
JAPAN AIRLINES CO LTD,JPNAIR
Imperial Brands Finance PLC,IMBLN
WAYFAIR INC,W
CHINA ALUMINUM INTL ENGI,CHALUM
WSC JIANGJIN DEV CONS,WSCDCG
SILVER X MINING CORP,AGXCN
ADIRA DINAMIKA MULTI FIN,ADMFIJ
PUBLIC SERVICE OKLAHOMA,AEP
MENGCHENG DEV INVEST CO,MCDZXI
WENLING CITY INV,WENLID
POSTE ITALIANE SPA,POSIM
XIN YUE CO LTD,GDCOMM
PEOPLECERT WISDOM ISSUER,PEOCER
ORSTA KOMMUNE,ORSKOM
BANK OF WEIFANG,BANKWF
SAGAX AB,SAGAX
J.B. Poindexter,JBPOIN
HANSHIN EXPRESSWAY CO,HSEXPC
YUNNAN ENERGY INVEST,YNPOWE
Consumers Energy Company,CMS
"Turkey, Government of",TURKEY
CHONGQING FULING IND DEV,CQFLID
STATE DEVELOPMENT&INVEST,SDIC
EF HOLD/EF KY/ELL KY/TRS,EFC
CITADEL FINANCE,CITADL
CNA FINANCIAL CORP,CNA
"Asurion, LLC",ASUCOR
TITAN,TITCBB
CHINA NATIONAL NUCLEAR,CHNNUC
WISCONSIN POWER & LIGHT,LNT
DQ CON DEV GROUP,DQJSFZ
SELP ADMINISTRATION S.A.R.L,SEGRO
BANK OF LANZHOU,LANZHB
HAZINE MUSTESARLIGI VARL,TURKSK
"Spain, Kingdom of",SPGB
HZ ENERGY GROUP CO LTD,HGZENG
KVIKA BANKI,KVIKA
Test 3,DUMMYTEST
MORI HILLS REIT INVST,MORIRT
BEWI INVEST AS,BEWINV
EXPAND ENERGY CORP,EXE
JSC NC KTZ,KTZKZ
New Zealand Local Government Funding Agency Limited,NZLGFA
CZ CITY INV HOLDING,CHZHCI
Agence France Locale SA,AFLBNK
FUJIAN ZHANGLONG GROUP,ZHANLO
TEVA PHARM FNC NL II,TEVA
KINGPIN INTERMEDIATE HO,ABWI
YANTAI BLUE SKY INV,YTBLSK
UNEDIC,UNEDIC
CITY OF ST. GALLEN,STGALL
KOREA SOUTHERN POWER,KOSOPW
BANK OF GANSU CO LTD,BKOFGS
ZHEJIANG TOURISM INV GRP,ZJTOUR
NEW HOPE WUXIN IND,SCNHRE
SEKERBANK TURK AS,SKBNK
ALBERTSONS COS INC,ACI
TOYOTA MOTOR FINANCE (NETHERLANDS) BV,TMFNL
DWR CYMRU FINANCING UK,GLCCUK
YINBANG CLAD MATERIAL CO,YBMET
XINJIANG ENERGY GROUP,XJENGR
WHITE CAP SUPPLY HOLDING,WHTCAP
Hyundai Capital America,HYUHCA
BANK PEKAO S.A. - POLAND,BPHHIP
ICICI Bank Limited,ICICI
QINGDAO SHIYUAN INV MNG,QDSYIM
SHAANXI INV GR,SHXENG
SUNDSVALLS KOMMUN,SUNKOM
"Entergy Mississippi, LLC",ETR
SZ ASSET MANAGEMENT,SZAMNG
COMUNIDAD AUTO CANARIA,CANARY
SOUTHERN CALIFORNIA EDISON CO,EIX
Banco Mercantil del Norte SA Institution de Banca Multiple Grupo Financiero Banorte,BANORT
GUANGZHOU WATER SUPPLY,GZWTSP
VERALLIA SA,VRLAFP
Oaktree Specialty Lending Corporation,OCSL
Government of Romania,ROMANI
LUCARA CAPITAL SARL,LUCCN
CINDA REAL ESTATE CO LTD,CDREST
BOB CARDIF LIFE INSUR,BOBCAR
HENAN TRANSPORT INV GR,HNEXPR
Test 2026,DUMMYTEST
Yinson Bergenia Production B.V.,YPMQBR
KENTUCKY UTILITIES CO,PPL
Nationl Bank of Canada,NACN
Metropolitan Life Global Funding I,MET
ENTERGY LOUISIANA LLC,ETR
"Dream Finders Homes, Inc.",DFH
HUBBELL INC,HUBB
COMERICA INC,CMA
MIRAE ASSET SECURITIES,DAESEC
Province of Saskatchewan,SCDA
SALESFORCE INC,CRM
CHINA CITIC BK/LONDON,CINDBK
BOC GROUP INVESTMENT,BOCGRI
FUJIAN INVESTMENT DEV,FJINVE
FOREIGN EXCH STAB FUND,FESF
GUOTAI JUNAN HOLDINGS,GTJA
FIDELITY NATL INFO SERV,FIS
TURKIYE GOVERNMENT BOND,TURKGB
REPUBLIC OF INDONESIA,INDON
TURKIYE SINAI KALKINMA B,TSKBTI
Extra Space Storage LP,EXR
Caisse de Refinancement de l'Habitat,CRH
HYUNDAI TRANSYS INC,DYMOS
WELLS FARGO & COMPANY,WFC
CHHATTISGARH,CHATGH
Unicaja Banco SA,UCAJLN
NORTHRIVER MIDSTR PI/NRM,NRMPIP
NINGBO CITY RAIL TRANS,NIRATR
"ALLETE, Inc.",ALE
CQ YULONG ASSET MGMT,YULONG
TIANJIN METRO GR,TJMETR
UTTARAKHAND,UTKHND
XIAMEN ANJU HOL GRP,XMRCGC
SSE PLC,SSELN
EQUINOR ASA,EQNR
LANDSBANKINN HF,LANBNN
Queensland Treasury Corporation,QTC
CAISS-WITHDRAWN,CCDJ
ELEMENT FLEET MANAGEMENT,EFNCN
RELAIS GROUP OYJ,RELGRO
Emirates NBD Bank PJSC,EBIUH
CORNERS INTERN FINA LEAS,CSITFI
CHINA GOVERNMENT BOND,CGB
HOTEL LOTTE CO LTD,LOTTEH
RGA GLOBAL FUNDING,RGA
SIKKIM,SIKKIM
BLACKSTONE PP EUR HOLD,BPPEHX
Stellantis NV,STLA
Nordea Bank Abp,NORDEA
DOMINION ENERGY SOUTH,D
JIANGSU JIANGNAN RUR COM,JNRURA
PEPSICO INC,PEP
HENAN WATER INVESTMENT,HENANG
RIANLON CORP,RIALON
JIANGSU HANJIAN GR,HANJAN
Clarion Funding Plc,CLARHG
THALES SA,HOFP
ZJ INDUST INVESTMENT HLD,ZJINVH
LONGYAN WATER DEV,LNGYWT
WUHAN EASTERN LAKE NEW,WUELAK
CHANGSHA WATER GROUP,CSWGCL
ERAC USA FINANCE LLC,ENTERP
GABON GOVERNMENT BOND,GABGB
EDP SA,EDPPL
ACQUIRENTE UNICO SPA,ACQUIU
CHINALCO CAPITAL HOLDING,CHALUM
GZ YUEXIU NEW ENERGY INV,GZYXEN
International Finance Corporation (UK),IFC
"Sumitomo Mitsui Trust Bank, Limited",8403
GROUPE E SA,GROUPE
DFSTST Test,DFSTST
NINGBO SHUN TONG,YYCOMM
ZHEJIANG CONSTR INV GRP,ZJJSTZ
GOVERNMENT OF ONTARIO,ONT
Union Electric Company DBA Ameren Missouri,AEE
JN URBAN CONSTR GRP,JNURCO
JILIN EXPRESSWAY GROUP,JLEXPR
CRC GROUP,TBD
ADECCO INT FINANCIAL SVS,ADENVX
AGENCE FRANCAISE DEVELOP,AGFRNC
"Asurion, LLC",ASUR
STATE NUCLEAR POWER,SNUPOW
FUJIAN HAIXIA EN PRT GRP,FJHXEP
Bank of Nova Scotia/The,BNS
QINGDAO WATER GROUP,QDWATR
PIONEER OPCO LLC,VICI
Georgia-Pacific LLC,GP
NANSHAN GROUP CO LTD,NNSHAN
ANGOLA GOVERNMENT BOND,ANGGB
BANK RAKYAT INDONESIA,BBRIIJ
"NextEra Energy Capital Holdings, Inc.",NEE
ICL GROUP LIMITED,ICLIT
ES-CON JAPAN LTD,ESCON
WPP PLC,WPP
REPUBLIC OF KOREA,KOREA
IHO Verwaltungs GmbH,SHAEFF
GENERAL MOTORS FINANCIAL CO INC,GM
TEAMSYSTEM SPA,TITANL
REPUBLIC OF BOTSWANA,BOTSGB
SECURE WASTE INFRA CORP,SESCN
Japan Finance Organization for Municipalities,JFM
BANCO DE SABADELL SA,SABSM
RED ELECTRICA CORP,REESM
ALINMA SUKUK LIMITED,ALINMA
JIANDE ASSETS,JDSOAM
BEIJING CAPITAL DEV HLDG,BCDHGR
BMW US Capital LLC,BMW
"SONY LIFE INSURANCE CO., LTD.",SONYLF
Skandinaviska Enskilda Banken AB,SEB
The Commercial Bank (P.S.Q.C.),The Commercial Bank (P.S.Q.C.)
PSP Capital Inc.,PSPCAP
PUBLIC PROPERTY INVEST A,PUPRIN
XIAOGAN GAOCHUANG INVT,XGANGA
BEIBU GULF INTNAL PORT,GUABEI
CN HUANENG GP HK TREASUR,HUANEN
CCCC THIRD HARBOR,CHCOMU
IHG FINANCE LLC,IHGLN
WUHAN JIANGXIA AGRICULTU,JXWHAG
SHENZHEN CONS DEVLP GR,SZCODV
PINGXIANG INVESTMENT DEV,PXIVDP
GLP CAPITAL LP / FIN II,GLPI
AVALONBAY COMMUNITIES INC,AVB
ENSTAR GROUP LTD,ESGR
AKTOR SA HOLDING COMPANY,AKTRGA
GAMALIFE CIA DE SEG,GAMALF
"CHUGOKU ELECTRIC POWER CO., INC.",CHUGEP
DB TERRA CHILE HOLDCO SP,MUNDOX
BAOJI INVESTMENT GROUP,BAJIIV
Mercedes-Benz Finance Canada Inc.,MBGGR
SA INFRA & DEV BOND,SAIDFB
INDIVIOR PHARMACEUTICALS,INDV
BLOOM ENERGY CORP,BE
EVONIK INDUSTRIES AG,EVKGR
JS GAOCHUN INTERNATIONAL,GCINMC
"Figure Technology Solutions, Inc.",FIGR
ERSTE GROUP,ERST
ALUMINUM CORP OF CHINA,ALUMCH
LICHENG INTL DEVELOPMENT,JNLCHG
Teva Pharmaceutical Industries Limited,TEVA
TASMANIAN PUBLIC FINANCE,TASCOR
CIMB NIAGA AUTO FINANCE,BNGAIJ
HDFC BANK LTD,HDFCB
SLL JOONGANG,JTBCST
SPORTY BIDCO AS,SBIDCO
WILLIAM CARTER,CRI
NAGANO PREFECTURE,NAGANO
Stonepeak Motion Holdco Limited,STNPEK
Nova Ljubljanska Banka d.d.,NOVALJ
PHILIPPINE TREASURY BILL,RPTB
CLOROX COMPANY,CLX
ILE DE FRANCE MOBILITES,IDFMOB
WUSHANG GROUP CO LTD,WUHDEP
GLOBE TELECOM INC,GLOPM
SPIE OPERATIONS SAS,SPIEFP
VOLKSWAGEN,VW
China Three Gorges Corporation,YANTZE
State Street Corporation,STT
TELEFLEX INC,TFX
COVIVIO,COVFP
DB INSURANCE CO LTD,DONGIN
WUXI FINANCE GROUP,WXFVCG
INTESA SANPAOLO SPA,ISPIM
YIXING ENVRN PRTN TECH,YXETTP
RIZHAO HIGH-TECH DEV GRP,RZHTDG
AURIZON NETWORK PTY LTD,AZJAU
FANA SPAREBANK BOLIGKRED,FANASP
SAAB AB,SAABAB)
COMPACTOR FASTIGHETER AB,COMFAS
APOLLO GLOBAL MANAGEMENT INC,APO
"CATURUS ENERGY, LLC",KTG
QD JIAOZHOU BAY DEV,QDJZWD
BANCO BPM SPA,BAMIIM
CGE TREASURY IFSC PRIVAT,CWENIN
HUAFA INVESTMENT HOLDING,ZHHFGR
HUANGSHAN TOURISM GROUP,HUGTOU
LARVOTTO RESOURCES LTD,LRVTRS
PALLAS FM TRUST,PALLFM
H.U. GROUP HOLDINGS,FUJIRE
SINOPEC CAPITAL CO LTD,SNPCPC
Sherwin-Williams Company,SHW
EUROPEAN ENERGY AS,EPNENG
YINGDA TAIHE LIFE INSURA,YDTHLI
SEMTECH CORP,SMTC
FIBRA SOMA TRUST F/6185,FISOMA
DAR AL-ARKAN REAL ESTATE,DARALA
JINAN MID-CITY DEVELOPME,JNSZCF
LESOTHO TREASURY BILL,LESOTB
SBP KREDIT AB,SBPKRD
Suburban Propane Partners LP,SPH
XIAN AVIATION CITY CON,XIANAV
Carnival plc,CCL
TURKIYE VARLIK FONU,TURKWF
SEVERN TRENT WATER UTIL,SVTLN
HUBEI BRD TEL INFO NET,HBBTIN
COX ASSET MEXICO SA DE CV,COXMEX 
STATE GRID INTERNATIONAL,YDINTL
YPF S.A.,YPFDAR
THERMO FISHER SCIENTIFIC,TMO
NORTH CHINA PHARMACEUTIC,NORCHP
JINGHAI INFRAST INVEST,JHIFIV
NOVAR IPP HOLDING BV,NOVIPP
LETRAS DEL GOBIERNO,HONTB
HUANGSHI CHANTOU,HSIVEH
Lineage Europe Finco B.V.,LINE
HUIZHOU RURAL COMM BK,HZRCBK
SW FINANCE I PLC,SWSFIN
SUZHOU XIANGCHENG FINANC,SZXCFH
"Goldman Sachs BDC, Inc.",GSBDC
NEW TERMINAL FINANCING,ADLAIR
APLD COMPUTECO 3 LLC,ELNFOR
CQ HECHUAN INDTRL INV,CQHCHI
YANGPU DEV CONSTR HOLDIN,HNYPDC
HAIER GRP JINYING HLD CO,HAIEQD
HONG KONG GOVERNMENT,HKGB
PARATUS ENERGY SERVICES,PAENNO
SANOFI SA,SANFP
YC DF HAICHENG IND DEV,YDHIDC
DEEPOCEAN LTD,DEPOCN
CJ FRESHWAY CORP,CJFOOD
MITSUI FUDOSAN CO LTD,MITSRE
ITOCHU CORPORATION,CITOH
PINGMEI SHENMA HOLDING,PINGDI
MANULIFE BANK OF CANADA,MFCCN
SILK ROAD GROUP HOLDING,SLKRDH
Corebridge Global Funding,CRBG
LOTTE RENTAL CO LTD,LOTREN
KONICA MINOLTA INC,KONICA
LUXI CHEMICAL GROUP,SDLUXI
NIGER TREASURY BILL,NIGETB
Jones Deslauriers Insurance Management Inc.,NAVCOR
SOGECAP SA,SOGESA
Phillips 66 Company,PSX
CITY OF MALMO SWEDEN,MALMOK
NORGESGRUPPEN ASA,NORGRU
XIAMEN CCRE GROUP,XMXGMA
THOMSON REUTERS CORP,TRICN
ALPINE ENERGY LLC/COLORA,ALPEES
CASTELLUM AB,CASTSS
ZURICH FINANCE IRELAND,ZURNVX
MADHYA PRADESH,MADHYA
"GLP Capital, L.P.",GLPI
INNER MONGOLIA YILI,IMYLIG
HA SUSTAINABLE INFRASTRUCTURE CAPITAL INC,HASI
BOOSTER PRECISION COMPON,BOOPRE
CONSTELLATION OIL SERVICES HOLDING S.A.,COSHSA
FS BIO,FSBIOE
MARRIOTT INTERNATIONAL,MAR
ZHONGJIAN CAP HOLD,ZJCAPH
"Oncor Electric Delivery Company, LLC",ONCRTX
WUXI APPTEC CO LTD,WUXIAP
TONGLING STATE OWNED CAP,TLDEIN
CHINA LOGISTICS GROUP,CHIMAZ
Blackstone Reg Finance Co. L.L.C.,BX
MACQUARIE BANK,MQGAU
"FIRST EAGLE HOLDINGS, INC.",FRSEAG
ASPIAL LIFESTYLE LTD,MSFSSP
Energuate Trust 2.0,EGUATE
CONCORDIA FINANCIAL GROU,CONCFG
FUZHOU URB RUR CONST DEV,FZURCD
JUSHEN LOGISTICS GROUP C,JSLOGR
SMBC Aviation Capital Finance DAC,SMBCAC
HANDELSBANKEN,SHBASS
NANHAI LIAN DA INVESTMEN,FSNHLD
CP SCIENTIFIC PARK DEV,CPSCPD
FINNAIR OYJ,FOY
QUZHOU HOLDING CO LTD,QZHOLD
ANHUI NONGKEN GR,AHNONK
OMDA AS,OMDANO
ENEXIS HOLDING NV,ENEXIS
CN ENERGY INTERNATIONAL,CNCEEC
QATAR CENTRAL BANK BILLS,QCBBIL
COHU INC,COHU
Novartis Capital Corporation,NOVNVX
PACIFIC LIFE INSURANCE C,PACLIF
CHINA ENERGY INV GRP,SHNHUA
SPARKASSE PFORZHEIM CALW,SKPPFO
MOLINA HEALTHCARE INC,MOH
NOVERCO INC,GZMCN
SJZ LUQUAN INDUS DEV INV,SJZLQD
CI Financial Corp,CIX
CHENGDU EXPRESSWAY,CDEXPW
WI TREAS. NT/BD,WIT
Hellenic Republic,GREECE
SPHERE GROUP AB,SPHGRP
MSHANG CONSUMER FIN,MSXFGS
JIANGSU PHOENIX P&M,JSPHON
BLACKSTONE PRIVATE CRE,BCRED
SZ TRANS CUL TOUR INV,SZTCTI
SWEDBANK AB (PUBL)-SUNDBYBERG HEAD OFFICE,SWEDA
CMB.TECH NORWAY AS,CMBTNO
SH JINQIAO EXPORT PROCES,SHAJIN
NANSHAN LIFE PTE. LTD.,NSINTW
COFCO CORP,COFCO
CN STATE SHIPBUILDING,CNSHPG
BJ JD CENTURY TRADE,JD
NIPPN CORP,NIPPFL
Bank Nederlandse Gemeenten N.V.,BNG
KOOKMIN BANK,CITNAT
HEBI INVEST GRP,HEBICI
ZOOMLION HEAVY INDUSTRY,ZOOMLI
VENTIA FINCO PTY LTD,VESEGR
BK NEGA INT BILL FGN ISL,BNIBFI
Vedanta Resources Finance II PLC,VEDLN
ENTERPRISE FINANCIAL SER,EFSC
YL ECONOMIC DEVELOPMENT,YLEDIH
OAK-EAGLE ACQUIRECO INC,EA
SGSP (Australia) Assets Pty Ltd,SGSPAA
DUKE ENE PR NC ST FDG II,DUK
CGX JINLONG HOLD,CGXJLO
JAMAICA GOVERNMENT BOND,JMGB
Energy Transfer LP,ET
BRISTOL-MYERS SQUIBB CO,BMY
CHONGQING NANCHUAN CITY,NCHNCI
ZHUZHOU YUNLONG DEVE INV,ZZYNLN
OUE REIT TREASURY PTE,OUECT
PANAMA LETRAS DEL TESORO,PANTB
YICHANG URBAN DEV INV,YCTRAN
REED ELSEVIER PLC,RELLN
Sixt SE,SIXT
TOYOTA TSUSHO CORP,TOYOTS
KOREA GAS CORPORATION,KORGAS
SH XUJIAHUI CENTRE GRP,SHXJHC
ZHANGZHOU DEVELOPMENT,GUJZHA
ELIA SYSTEM OPERATOR,ELIASO
HEIMSTADEN BOSTAD AB,HEIBOS
MOBILITY GLOBAL,MBGL
NOT APPLICABLE,DZBK
SERVICENOW INC,NOW
"Clear Channel Outdoor Holdings, Inc.",CCO
BANK BUKOPIN PT,BBKPIJ
SHANGHAI RURAL COMM BANK,SHRURA
NINGXING CONSTRUCTION,NINGXC
SHAOXING GUOKONG GROUP,SXGKGR
Jerrold FinCo plc,JERRGB
BELDEN INC,BDC
HANON SYSTEMS,VSTN
SYNERGY INFRASTRUCTURE H,SYNRGY
BMS Ireland Capital Funding Designated Activity Company,BMY
ULSAN GPS CORP,SKGAS
TYCO ELECTRONICS GROUP S,TEL
GOVERNMENT OF THE KINGDOM OF SPAIN,SPGB
BOTSWANA TREASURY BILL,BOTSTB
PROSUS NV,PRXNA
REACH SUBSEA ASA,REACHN
Store Capital LLC,STOR
HAMAMATSU CITY,HMMCTY
KYUSHU ELECTRIC POWER CO,KYUSEL
HUNNAN JINYANG INV GRP,LYANGC
CATHAY LIFE INSURANCE,TBD
BARRANQUILLA,DIBACO
"Wealthspire, LP",NFPWEA
ATRIUM LJUNGBERG AB,ATRLJB
MITSUI OSK LINES LTD,MITSOL
QUJIANG CULTURAL INVST,XIAQUJ
REPUBLIC OF CONGO,REPCON
GUANGZHOU HIGH-TECH INV,GZDZIN
"Superior Energy Services, Inc.",SPNR
KATILIM VARLIK KIRALAMA,VAKFKS
CESKA SPORITELNA AS,CESSPO
BENDIGO AND ADELAIDE BK,BENAU
GANZHOU DEV ZONE CONST,GZHCON
SWISS RE DIRECT INVESTMENTS COMPANY LTD,SRENVX
Mizuho Financial Group Inc,MIZUHO
INPOST NA,INPSTN
Ithaca Energy (North Sea) PLC,IAECN
Brightstar Lottery PLC,BRSL
VEDANTA RESOURCES LTD,VEDLN
SUNPOWER GROUP LTD,SPWGSP
ASIAN INFRASTRUCTURE INV. BANK [AIIB],AIIB
FIRST FINANCIAL BANCORP,FFBC
WAIGAOQIAO FREE TRADE ZO,SHWGQF
KAYABA INDUSTRY CO LTD,KAYABA
AEROVIRONMENT INC,AVAV
LOEWS CORP,L
NOMAD FOODS BONDCO PLC,IGBOND
WH DRAINAGE DEVELOPMENT,WHPSDG
FOUNDRY JV HOLDCO LLC,FABSJV
MAJID AL FUTTAIM HOLDING,MAFUAE
SPAREBANK 1 OESTLANDET,SPOLNO
HelloFresh SE,HFGGR
XINYUN INTL CO LTD,XNYUND
BENEFIS HEALTH SYSTEM,BENEFI
STELLANTIS NV,STLA
KANE BIDCO LTD,TRUEPT
STINGRAY COMPUTE LLC,TBD
NOT APPLICABLE,UKT
CHINA JUSHI CO LTD,CHFIBE
XIAN AEROSPACE HIGH-TECH,XIANST
CHECKPOINTSWETECHLTD,CHKP
PROVINCIA DE CORDOBA,PDCAR
BUMI RESOURCES TBK PT,BUMIIJ
NAT BANK N MACEDONIA BIL,NBRM
CHINA MERCHANTS GROUP,CHMERC
CARRIX INC,CARRIX
SIKA CAPITAL BV,SIKASW
ZJ ORIENT FINANCIAL,ZJORIE
SHAOXING BINHAI NEW AREA,SXBHNA
OPmobility SE,OPMFP
CHAM SWISS PROPERTIES,CHAMSW
NEW S WALES TREASURY CRP,NSWTC
ANDOYA SPACE,ANDOSP
ICBCIL FINANCE CO LTD,ICBCIL
FUJIAN JINJIANG RURAL CO,FJJJCB
BJ YIZHUANG INVESTMENT,BEIECO
Swisscom Finance B.V.,SCMNVX
"PepsiCo, Inc",PEP
GD NANHAI INDUSTRY GROUP,NHHTZI
BONOS DE TESORERIA,PERUGB
XINHONG CULTURE,XHCULT
"Sabre Financial Borrower, LLC",SABHLD
HUBEI YIHUA GROUP,HYGLLC
SBAB BANK AB,SBAB
RGA Global Funding,RGA
UENO BANK S.A.,UENOPY
YIWU MARKET DEVELOPMENT,YWHNDA
GOVERNMENT OF UKRAINE,UKRGB
QPH FINANCE CO PTY LTD,QPHFIN
YANGTZE OPTICAL FIBRE,YOFCJS
ZAOZHUANG MINING GROUP,ZZMINI
KAO CORPORATION,KAO
GREAT WALL SECURITIES,GWSECU
SOBHA SUKUK I HOLDING,SOBSUK
XUZHOU CHANCHENG DEV GP,XUZNEW
ZHOUSHAN PUTUO RL BK,XSHRBK
SD RZ PORT GROUP CO LTD,RIZHAO
Erste&Steiermärkische Bank d.d.,ERSTEO
UGANDA CB BILLS,UGANCB
Republic of The Philippines,PHILIP
JS LETTALL ELECTRONIC,JSLEEL
TRISUMMIT UTILITIES INC,ACICN
WSFS Financial Corporation,WSFS
CGNPC INTERNATIONAL LTD,CHGDNU
GRP BRUXELLES LAMBERT SA,GBLBBB
TOYOTA MOTOR FINANCE (NETHERLANDS) BV,TOYOTA
HUBEI UNITED DEVELOPMENT,HBSLFT
DUXTON FARMS LTD,DBFAU
NORTHEAST SECURITIES,NTHEAT
OCEAN YIELD AS,OCYNO
HANAM URBAN INN CORP,HANAMC
Element Fleet Management Corp.,EFNCN
HORIZON TECHNOLOGY FINAN,HRZN
GUANGZHOU IND INV,GZDEVE
WX BINHU SOA OP GRP,WXCKIN
American Water Capital Corp,AWK
Ministry of Industry (Italy),BTPS
BANK OF NANJING CO LTD,NANJBK
INVESTITIONSBANK BERLIN - GERMANY,BERGER
Dexia SA,DEXGRP
ETSA UTILITIES FINANCE,ETSA
VASAKRONAN AB,FASTIG
"Sixth Street Specialty Lending, Inc.",TSLX
JINAN LIXIA HLD GRP,JINLIX
NJ JIANGNING TRAFFIC,NJJNTC
ADECOAGRO SA,AGRO
SH PUBLIC ASSETS MANAGEM,SHHNYN
CHARLOTTE BUYER INC,KND
HLD EUROPE,HLDERP
JIANGXI PUBLISHING GROUP,JXPUBL
PT BANK JABAR,BJBRIJ
AUST & NZ BANKING GROUP,ANZ
PPL Electric Utilities Corporation,PPL
HONG KONG,HKINTL
"Tyson Foods, Inc.",TSN
KSA SUKUK LTD,KSA
OVERSEAS CHINESE TOWN,OCTOWN
ALANDSBANKEN AB,AABHFH
ANGLIAN WATER OSPREY FIN,OSPRAQ
PINDO DELI PULP & PAPER,PIDLIJ
AEROPORTI DI ROMA SPA,ADRIT
MEXICAN BONDES DESARROLL,MBOND
TURKIYE VAKIFLAR BANKASI TAO - TURKEY,VAKBN
CLARIANT AG,CLNVX
CDC DATA CENTERS AU PTY,AMBIEN
GAIA PURCHASER INC,GBTG
SHAAN XI PROVINCIAL NATU,SHXINA
REPUBLIC OF PHILIPPINES,PHILIP
ORIENTAL CAPITAL CO LTD,DFINVH
CR DOUBLE CRANE PHARMACE,CRDOCR
STONEPEAK MOTION HOLDCO,STNPEK
BNP PARIBAS CARDIF,BNP
OPAL BIDCO SAS,OPALBD
KFW,TBD
GUANGDONG YUEHAI WATER I,GDYHWI
ALPHABET INC,GOOGL
Idaho Power Company,IDA
Santander UK Group Holdings plc,SANUK
Eastman Chemical Company,EMN
Swedbank AB (publ),SWEDA
DOWA HOLDINGS CO LTD,DOWA
The Toronto Dominion Bank,TD
VODAFONE GROUP PLC,VOD
BILHETES DO TESOURO,PORTB
GANYUE EXPRESSWAY CO LTD,GANYUE
EF Holdco Inc.,EFC
LISHUI CITY CONST INVST,LISHCO
NANNING WATER INVESTMENT,NNJWAT
CQ EXPRESSWAY CO LTD,CQEXPR
THULE GROUP AB/THE,THULE
XM MUNICIPAL WATER GRP,XIAWAT
CNO GLOBAL FUNDING,CNO
HUADIAN COAL INDU GROUP,HUADIA
JUNTA DE CASTILLA Y LEON,CASTIL
ELK GROVE VILLAGE PROPER,ELKGVP
HONEYWELL AEROSPACE,HONA
OMERS FINANCE TRUST,OMERFT
CHONGQING DAZU YONGSHENG,CQDZYS
Republic of Angola,ANGOL
BAITEREK NATL INV HOLD,BAINAT
REPUBLIC OF CYPRUS,CYPRUS
WANSHENG INTL BVI,PDCTEV
"Schleswig-Holstein, German state of",SCHHOL
JS MIDCO II AB,JSMIDC
QATAR GOVT BOND,QATGB
HOUSING &DEVELOPMENT BRD,HDBSP
MIZUHO FINANCIAL GROUP,MIZUHO
eBay Inc.,EBAY
JINHUA JINTOU GROUP,JHJTGR
SEKISUI CHEMICAL CO LTD,SEKCHE
THE DEPOSITORY TRUST CO,DTCSLF
GUANGDONG ELECTRIC POWER,GDPOWE
CION INVESTMENT CORP,CION
YUNNAN RAIL INVEST,YNRAIL
ZZ TRANSPO DEVEL INV GRP,ZZMTRG
BULK INFRASTRUCTURE GR,BLKINF
SR-BOLIGKREDITT AS,SRBANK
SIXT SE,SIXGR
KUNMING EXPRESSWAY DEV,KMEPCD
GUARDIAN LIFE GLOB FUND,GUARDN
Terna - Rete Elettrica Nazionale S.p.A.,TRNIM
CCCC DREDGING GROUP,CHCOMU
WOORI BANK,WOORIB
GUOHUA ENERGY INVESTMENT,GHNYTZ
DB Terra Chile HoldCo SpA,MUNDOX
Evergy Missouri West Inc.,EVRG
Zions Bancorporation,ZION
Republic of Suriname,SURINM
SZ TAIHU INVESTMENT,SZTHTZ
SWEDISH T-BILL,SWTB
BANCO SANTANDER CHILE,BSANCI
"THE MICHAELS COMPANIES, INC.",MIK
Aroundtown S.A.,ARNDTN
The Government of the Grand Duchy of Luxembourg,LGB
ZOETIS INC,ZTS
JIAN CITY CONST INVEST,JCCIDC
QBE Insurance Group Limited,QBEAU
AH CONS ENGIN ROAD PORT,AHCOEN
WESTERN ALLIANCE BANK,WAL
KREDINOR AS,KRDNOR
GOVERNMENT OF THE KINGDOM OF SWEDEN,SWED
Evergy Kansas Central Inc.,EVRG
AUTOLIV INC,ALV
SUN LIFE FINANCIAL INC,SLFCN
JAPAN TREASURY DISC BILL,JTDB
BURLINGTN NORTH SANTA FE,BNSF
TRANSDIGM INC.,TDG
APICORP SUKUK LTD,APICOR
JIANGSU GUOXIN INVESTMEN,GUOXIN
ELENIA VERKKO OYJ,ELEVER
Erste Bank Hungary Zrt.,ERSHUN
Commonwealth Bank of Australia-London Branch,CBAAU
BANK OF ENGLAND [BOE],BOEN
SHANGHAI AIRPORT GROUP,SHAAIR
AUSTRALIA & NEW ZEALAND BANKING GROUP LTD,ANZ
VOLKSWAGEN FIN SERV NV,VW
HENAN SHENGDA CITY,HNSDCC
AB SVENSK EXPORTKREDIT,SEK
JINGCHU CULTURAL IND INV,JZHAIZ
Spire Inc,SR
NORWEGIAN PROPERTY,NPRONO
MINEROS SA,MNSACO
XINJIANG CON ENGINE GRP,ZJXJJG
SX BLOWER GROUP,SXBLOW
MULTITUDE CAPITAL OYJ,FRUGR
EFSF,EFSF
"Quanta Services, Inc.",PWR
FIRST HORIZON CORP,FHN
TRINITY CAPITAL INC,TRIN
REPUBLIC OF CAMEROON,REPCAM
SUQIAN HITECH CO LTD,SHTDIC
PFANDBRIEF SCHW KANTBK,PFZENT
BNG Bank NV,BING
"Lowe's Companies, Inc.",LOW
Sunbelt Rentals Holdings Inc,SUNB
FORD MOTOR CREDIT CO LLC,F
GEMEINSAME BUNDESLAENDER,LANDER
CHINA DATANG CORP RENEWA,CHDATA
REPUBLIC OF NIGERIA,NGERIA
AZ-COM MARUWA HOLDINGS,MAUNKI
Arizona Public Service Company,PNW
ELDIK BANK OAO,ELDIKB
SICHUAN DEVELOP LOMON CO,SANTAI
LOUCHENG GAOXIN CONS,TCLCGX
XJ PROD CONSTRCT MUNI,XJPDCN
Turkiye Cumhuriyeti Ziraat Bankasi Anonim Sirketi,TCZIRA
BPCE S.A. ,BPCEGP
KFW - BANK - GERMANY,KFW
STELLANTIS FINANCIAL SERVICES US CORP,STLA
GZ YUEXIU INDUSTRIAL INV,YXIDIV
TANGYIN CHENGFA GROUP CO,TANGCH
BAT International Finance PLC,BATSLN
CAISSE DES DEPOTS,CDCEPS
KTB FOREX FUND,KTBFX
CZ XC MINING INVEST GRP,CZXCMN
EMPRESA DE TRANSPORTE ME,BMETR
CQ JIANGBEIZUI DEV & INV,JBZINV
BGRIMM TECHNOLOGY GROUP,BGRIMG
ISDB TRUST SERVICES NO.2 SARL - LUXEMBOURG,ISDB
JPN SCIENCE TECH AGENCY,JPNSTA
GUANGZHOU ZHIDU INVEST,GUANHU
Banca Transilvania S.A.,TVLRO
ICON PLC,ICLR
KINTETSU GROUP HOLDINGS,KINKI
CQ SOUTH NEW CITY INV GR,CQNXCT
CHENGDA INTERNATIONAL,JYSOCH
GABX LEASING,GATX
Republic of Estonia,ESTGB
"Regency Centers, L.P.",REG
COLOR GROUP ASA,COLLIN
ALBANIA TREASURY BILL,ALBANT
TAIXING ZHONGXING ST,TXZHXI
SMPHI SG HOLDINGS PTE,SMPHPM
Camden Property Trust,CPT
CoBank ACB,COBKAC
HEETON HOLDINGS LTD,HTONSP
HOCHTIEF AKTIENGESELLSCH,HOTGR
SONY LIFE INSURANCE CO,SONYLF
American Water Capital Corporation,AWK
HUAAN SECURITIES CO LTD,HUAANS
ERAC USA Finance LLC,ENTERP
ENERGIZER HOLDINGS INC,ENR
T-MOBILE USA INC,TMUS
TELECOM ARGENTINA SA,TECOAR
JINMEN TRAFFIC TOURISM,JMTTIG
CANADIAN LIFE COS SPLIT,LFECN
HUAXIA FINANCIAL LEASING,HUAXFL
HYUNDAI CORPORATION,HYUNDA
NYKREDIT BANK - DENMARK,NYKRE
3M Company MMM,MMM
AXENTIA GROUP AB,AXEGRP
ZJ ZHESHANG FIN LEASING,ZTFLCL
CF Industries Holdings Inc.,CF
CHINA MERCHANTS BANK/LN,CHINAM
PKO BANK HIPOTECZNY,PKOBHB
Cabot Corporation,CBT
INDOMOBIL FINANCE INDONE,IMASIJ
DUKE ENERGY CAROLINAS,DUK
BANK OF IRELAND,BKIR
"DIRECTV Holdings, LLC",DTV
RAYMOND JAMES FINANCIAL,RJF
GLOBAL ATLANTIC FIN CO,GBLATL
FORD MOTOR CREDIT,F
LAISHANG BANK,LAISHG
TIBET KUNTAI CONSTRUCTIO,TBKTCG
Vista Energy Argentina,VISTAA
E.ON SE,EOANGR
GY INDUSTRIAL DEV,GYCYFZ
PINEWOOD FINCO PLC,PINEFI
CHOICE PROPERTIES REIT,CHPUCN
BUREAU VERITAS SA,BVIFP
Prologis Euro Finance LLC,PLD
CIXI STATE OWN AST INV,CIXISO
RIVERSIDE FINANCE PLC,RIVFIN
BAKER HUGHES,BKR
CORMEDIX INC,CRMD
ZHUHAI PORT,ZHHPOT
Lumo Homes plc,VVOYHT
LAND HESSEN,HESSEN
COBIZ INC [DENVER],BNKOKL
FEIXI CONS INVESTMENT,FXCCIV
BROOKFIELD INFRA FIN ULC,BIP
SHANGHAI SMI HLDGS CO LT,SHGCHT
NANTONG YANHAI DEV GRP,NTYHDG
SAMSUNG HEAVY INDUSTRIES,SAMIND
"Intercontinental Exchange, Inc",ICE
SHANDONG AIRPORT GROUP,SDAIRP
JIANBEI NEW CITY INVST,NJJBNC
NBN CO LTD,NBNAUS
STANDARD BUILDING SOLUTI,BMCAUS
SPIC HYDROPOWER CO LTD,JIULON
MUENCHENER HYPOTHEKENBNK,MUNHYP
JINNENG EQUIP MANUFAC,SXJINC
BANK OF CYPRUS HOLDINGS,BOCHLN
RIO GRANDE LNG LLC,NEXT
AXA LOGISTICS EUROPE MASTER [ALEM],TBD
BEIJING ELECTRONICS,BJELEC
SCHNEIDER ELECTRIC SA,SUFP
SCOR - INS - FRANCE,SCOR
GS OWNED ASSET INVESTMEN,GSELEC
DAISHIN F&I CO LTD,WOORFI
FRANCETITRISATION - FRANCE,BPIESN
JS NONGKEN GR,JSNONK
OP Corporate Bank PLC,OPBANK
SH SHENNENG FINANCE LEAS,SHSNFI
ALABAMA POWER CO,SO
Duomo Bidco S.p.A,DUOMBI
Alphabet Inc,GOOGL
ASFINAG,TBD
BEIJING CAPITAL ECO,BEICAP
SKANDINAVISKA ENSKILDA BANKEN AB-STOCKHOLM HEAD OFFICE,SEB
Nordea Bank Abp,NDASS
BALTIMORE GAS & ELECTRIC,EXC
SUZHOU WUZHONG GUOTAI,SZWZGT
JIYUAN INV GROUP,JYINVG
JAPAN FREIGHT RAILWAY,JFRAIL
KRUGER PRODUCTS INC,KRUGCN
NOT APPLICABLE,BOEN
AROUNDTOWN,AT1
Bpifrance Financement SA,OSEOFI
HB PUB UTLTY ASST OP,HBPUAO
CHINA NATL INV & GUARANT,JKAIA
"Nordrhein-Westfalen, German state of",TBC
"Banco Santander, SA",SANTAN
ABC FINANCIAL LEASING,ABCFLC
BIOMARIN PHARMACEUTICAL,BMRN
JERNHUSEN AB,JERNAB
Oklahoma Gas & Electric Company,OGE
"VSP Optical Group, Inc.",VSP
CRCC CAP HOLDINGS GRP CO,CRCCCP
"GROUP 1 AUTOMOTIVE, INC.",GPI
ISRAEL DISCOUNT BANK LTD-RISHON LEZION HEAD OFFICE,IDLIBI
GANSU PROVINCE GOVT,GANSUP
CHANGSHA SOA INDUSTRY HO,CSSOAS
SHANGHAI BAILIAN GRP CO,SHFRIE
ZHEJIANG AIRPORT GRP,ZJAIRG
BANK OF CHINA,BCHINA
BOLDR GROUP GMBH,BOLDRG
WEST BENGAL,WSTBEN
LOWE'S COS INC,LOW
MITSUI SUMITOMO INSURANCE CO LTD,MSINS
SIXTH STREET LENDING PAR,SIXSLP
ORPAR,ORPAR
KUNSHAN YINQIAO HLD GR,HAQIIS
Ardonagh Group Finance Limited,ARDGRP
LIYANG CONSTR DEVELOP,LYCODE
KINGDOM OF BELGIUM - ROYAUME DE BELGIQUE - OI - BELGIUM,BGB
CMC MARKETS PLC,CMCXLN
REPUBLIC OF SRPSKA TBILL,REPSTB
SHENGZHOU COMM INV DEV,SZTFDV
