NAME,TICKER
CORAMO SYSTEMS GLOBAL,TZE
PENTALO ENTERPRISES FINANCIAL,UIDQ
HELIO SOFT INTERNATIONAL,JFX
TERAVICORE INTERNATIONAL,LYKJL
SERARICORE SYSTEMS,UIWHF
RIVONACORE LIMITED,ULHC
LUMASAINDUSTRIES VENTURES,BYZ
ZENITECH FINANCIAL,WBRL
ZENIRIVENTURES CAPITAL,CBIW
NAVOLALOGIC INDUSTRIES,IWYJF
CYRALOCORE PARTNERS,DDFHM
PRIMOCOSOFT INDUSTRIES,GXEV
PRIMOLOWORKS HOLDINGS,WVS
VALENWORKS & CO,PTRZ
ARGORIGLOBAL & CO,VDYUZ
CYRARAGLOBAL GROUP,VROVU
SERASATECH INC,AOYV
SERARISOFT GROUP,ESSUT
VONAVI SYSTEMS RESOURCES,YTGR
TERA SA SYSTEMS SYSTEMS,RWL
ASTRA CORE INC,ISWJR
ASTRAVI SOLUTIONS INTERNATIONAL,JTHW
FINARA LABS FINANCIAL,TLZYR
BREO WORKS CAPITAL,UPW
LUMANA GLOBAL GLOBAL,CBU
LUMAMO LOGIC GROUP,XLD
CYRA ENTERPRISES PARTNERS,NVMR
VALENLO CORE CAPITAL,WLUXH
BREORI VENTURES PARTNERS,ZMI
VORARI SOLUTIONS HOLDINGS,PZK
VELALO VENTURES CAPITAL,ZPGP
SILORI PARTNERS PARTNERS,QPL
RIVOMO LOGIC RESOURCES,PAX
LUMACO SYSTEMS INDUSTRIES,YQI
VELALA INDUSTRIES INC,GBED
CORACO CORE CAPITAL,QMFT
QERAVI LABS LIMITED,KTN
NAVOCOPARTNERS PARTNERS,KYP
KORARILOGIC GLOBAL,HMQTY
VELAVIGLOBAL INC,SRE
FINALOLOGIC GROUP,IJGK
LUMASOFT LIMITED,OYVSB
LUMAMOSOFT GLOBAL,IGB
CORASATECH FINANCIAL,GSAVB
FINASACORE GLOBAL,RMQX
TERARISYSTEMS & CO,HQIE
ZENISAGLOBAL INC,JUCDL
ALTOVICORE INDUSTRIES,MITHV
TERALATECH RESOURCES,BOJX
KORARASYSTEMS FINANCIAL,RNUB
ASTRAMOTECH VENTURES,HUTIE
PRIMONATECH FINANCIAL,TPO
ZYRARISOLUTIONS GROUP,KYY
PENTALAWORKS INC,YPGT
NEXAMOENTERPRISES VENTURES,XZH
SERALOINDUSTRIES FINANCIAL,LKOX
ASTRAMOCORE HOLDINGS,UDF
CYRAMOINDUSTRIES CAPITAL,OPFLB
ORIONLOGIC VENTURES,GPSK
NOVASYSTEMS CAPITAL,GDOX
FINARILOGIC FINANCIAL,YLDJ
BREOCOINDUSTRIES PARTNERS,RZLGU
ALTOLATECH GROUP,NEX
ORIONCOVENTURES SYSTEMS,LDR
CYRALAENTERPRISES LIMITED,ZKVF
ARGOLAVENTURES SYSTEMS,YDNB
ZENIRASYSTEMS CAPITAL,MUTZF
PRIMOMOGLOBAL HOLDINGS,BQUQS
SERACOLABS CAPITAL,XFVH
NAVOLABS GROUP,NUQIC
BREOVISOFT INC,MHNO
ORIONSYSTEMS INC,MWCQL
ARGOMOWORKS INTERNATIONAL,DVNVA
SERAGLOBAL PARTNERS,TEHDP
VORARILOGIC LIMITED,EEKNQ
SERAGLOBAL RESOURCES,BJM
KORALAINDUSTRIES RESOURCES,MMU
PRIMOLOGLOBAL HOLDINGS,TXJCQ
CORASASYSTEMS FINANCIAL,LXK
SOLACOSOFT FINANCIAL,QXCW
HELIOLOLABS & CO,ZIIWY
ASTRACOSOFT FINANCIAL,NDX
ASTRANAENTERPRISES INTERNATIONAL,GXM
SILOTAINDUSTRIES HOLDINGS,IIZW
ARGORILABS INDUSTRIES,MMW
SILOLOSYSTEMS RESOURCES,POFZS
LUNOTAENTERPRISES PARTNERS,IEV
ZYRATECH GLOBAL,XZO
CYRANAWORKS SYSTEMS,DORWM
ORIONLOSYSTEMS FINANCIAL,BYG
MIRALAGLOBAL RESOURCES,FCBO
RIVOTACORE CAPITAL,ZUU
HELIOCOINDUSTRIES FINANCIAL,LLDJ
TERASAVENTURES PARTNERS,GYPF
FINACOLOGIC SYSTEMS,JQNE
ASTRAVIWORKS INC,JQAX
ORIONSAWORKS GLOBAL,WLXX
VELACORE INTERNATIONAL,DBMB
PENTANALABS SYSTEMS,FDM
SILOCOSYSTEMS INTERNATIONAL,UJTUT
ALTOLOLOGIC INDUSTRIES,RNRA
VORATAGLOBAL CAPITAL,XVZOU
QERARALABS RESOURCES,SBWQM
CORALAVENTURES CAPITAL,IOYV
KORAWORKS HOLDINGS,DJV
VONALOSOFT LIMITED,FUDQ
FINAVENTURES CAPITAL,TGSVN
SILOLASOFT INC,EISNI
VALENSYSTEMS PARTNERS,VWY
NOVATAWORKS FINANCIAL,CIM
ZENILOWORKS & CO,LXL
RIVOLALABS VENTURES,PGJJ
SILOSAVENTURES INTERNATIONAL,FSL
SILOSYSTEMS INTERNATIONAL,LNGK
VONARALABS INTERNATIONAL,JPVLL
ARGONASOFT & CO,STQ
KORATASYSTEMS RESOURCES,VWA
RIVOVIINDUSTRIES CAPITAL,KLJNV
ZENIVILOGIC INDUSTRIES,PBVQ
PRIMORIPARTNERS CAPITAL,ZTXEH
FINATAENTERPRISES CAPITAL,NEC
PENTALOPARTNERS RESOURCES,EPU
ARGOSAWORKS INTERNATIONAL,YVPX
LUNOSAVENTURES VENTURES,TNGLD
ASTRAWORKS VENTURES,GBMQ
ZYRAVIINDUSTRIES INDUSTRIES,YURSV
SERALACORE LIMITED,DBDJ
CORALOSOFT INDUSTRIES,XXY
SERARAINDUSTRIES SYSTEMS,LWCZ
VELALABS HOLDINGS,ZBV
KORASAVENTURES FINANCIAL,SFM
VELAVIENTERPRISES INDUSTRIES,BCMO
TERANATECH SYSTEMS,UKOT
ARGOCOTECH SYSTEMS,JVUPQ
TERANASOFT INC,HKTKU
TERACORE GROUP,OIY
ZYRATECH RESOURCES,QPH
SERASALOGIC PARTNERS,ZKP
SERALABS INTERNATIONAL,CIFX
NOVAENTERPRISES FINANCIAL,LRM
VALENNALOGIC FINANCIAL,OCO
ALTOVIGLOBAL CAPITAL,OEDNJ
MIRAMOCORE INDUSTRIES,EROV
CORARILABS LIMITED,SRIXU
RIVOINDUSTRIES GROUP,ZVZ
FINAMOSOLUTIONS RESOURCES,TNS
MIRARISOLUTIONS HOLDINGS,ZIEZA
NAVOSOLUTIONS INTERNATIONAL,BZNZX
MIRALACORE & CO,THNO
NEXAENTERPRISES GROUP,EVC
VORARILOGIC SYSTEMS,BSRIA
VORACOCORE PARTNERS,TEX
NEXANASOFT & CO,RRZH
ASTRACOENTERPRISES GROUP,KJAI
NAVONAVENTURES SYSTEMS,OFCOJ
BREONASOLUTIONS FINANCIAL,IWI
SERARAPARTNERS PARTNERS,XCSY
ARGOSACORE INTERNATIONAL,VTNWF
VELARIENTERPRISES PARTNERS,JUM
LUNORACORE INDUSTRIES,LSS
FINARATECH INDUSTRIES,ZUIGC
QERASALOGIC SYSTEMS,JTFN
SOLARASOLUTIONS INDUSTRIES,DXB
HELIOVISOFT HOLDINGS,FZR
ZENILAENTERPRISES GROUP,AXWC
KORANALABS INTERNATIONAL,PVXC
FINAGLOBAL VENTURES,HULGM
ZYRAMOLABS INTERNATIONAL,WTVI
ARGOCOLOGIC SYSTEMS,KJDW
SILOLAWORKS GROUP,FMXG
MIRATACORE INDUSTRIES,RDC
ALTORILOGIC PARTNERS,MXAET
QERANALABS INTERNATIONAL,AZGFI
ARGONASOFT FINANCIAL,ZWY
KORACOCORE VENTURES,WAPVO
QERACOENTERPRISES GLOBAL,UAMOV
TERALOSYSTEMS GLOBAL,LXZH
VORALOWORKS SYSTEMS,EOS
PRIMOLAENTERPRISES SYSTEMS,EDE
CORATALOGIC LIMITED,UQYSA
NOVANAINDUSTRIES & CO,HMXCD
ZENIRISOFT PARTNERS,ARD
PRIMOSASYSTEMS INDUSTRIES,BJF
ARGOVIWORKS SYSTEMS,RCDAW
MIRAINDUSTRIES & CO,ABE
ZENISAWORKS INDUSTRIES,HFS
HELIOLAVENTURES CAPITAL,SVGN
ZYRANAGLOBAL INC,LEC
VALENWORKS INC,VMQVA
SOLAVILOGIC INDUSTRIES,WDCGT
ZENISAENTERPRISES CAPITAL,YYQAF
NEXANATECH INDUSTRIES,EJVU
ALTOTAINDUSTRIES VENTURES,GOFT
RIVONALOGIC PARTNERS,OLN
ORIONLOPARTNERS VENTURES,YHC
NAVOMOLOGIC FINANCIAL,XMV
VALENVISOLUTIONS RESOURCES,GJSQF
RIVOTAPARTNERS INC,SQRJ
NEXACOENTERPRISES SYSTEMS,JTIB
NOVASALABS FINANCIAL,DTT
CYRATECH INC,WXGJ
ZENIMOLOGIC RESOURCES,HAQPY
FINASOLUTIONS INDUSTRIES,BID
ARGOCOSOLUTIONS RESOURCES,QUF
SERASALABS & CO,DFE
ARGOSAGLOBAL GROUP,JMCTB
VALENNAGLOBAL GROUP,RNT
SERARILABS PARTNERS,NTLFP
CYRASALABS PARTNERS,IILDI
NAVORILABS GLOBAL,ZPST
SILONASOFT LIMITED,SHCS
VORALOENTERPRISES GLOBAL,NKLYF
CYRAGLOBAL VENTURES,ADLCS
NOVARASOFT INDUSTRIES,RMYOU
FINAGLOBAL INDUSTRIES,IJT
SERAVISOLUTIONS INDUSTRIES,TLF
ARGORISOLUTIONS VENTURES,GVTJ
ORIONVIWORKS INC,CWHJ
PRIMOSAWORKS FINANCIAL,IQFRH
KORARILABS VENTURES,GBWI
LUMACOPARTNERS SYSTEMS,RCOTT
MIRAMOGLOBAL GLOBAL,OCT
VORASOLUTIONS FINANCIAL,ZCHFD
ZYRALOSOLUTIONS LIMITED,IGIZF
LUMASOLUTIONS & CO,ZQGCX
ZENICOSYSTEMS INTERNATIONAL,DCN
SOLANASOLUTIONS GROUP,QNMO
ASTRARIGLOBAL SYSTEMS,BCK
ASTRALATECH INC,YZU
VONALOGIC RESOURCES,VTD
HELIOLAVENTURES INTERNATIONAL,TAIF
ARGORAINDUSTRIES GLOBAL,GTNJ
ZENILASOLUTIONS INTERNATIONAL,PUB
ORIONLAVENTURES SYSTEMS,NNN
CYRARICORE HOLDINGS,TQT
BREOLOSYSTEMS INC,RYOV
QERATATECH GLOBAL,XJTR
SILONALOGIC & CO,QZMC
SOLASOFT INC,YUKS
PRIMOSOFT SYSTEMS,DIVIU
ORIONCOWORKS SYSTEMS,YZQ
LUNONALABS SYSTEMS,SYOY
SOLACOINDUSTRIES VENTURES,YBKD
BREOVIENTERPRISES VENTURES,JAP
NAVOLOWORKS CAPITAL,XKINU
NAVOLOGIC GROUP,FMU
VALENVENTURES RESOURCES,GWI
SOLASASOFT LIMITED,KGNHC
VORARASOFT INC,DOHL
HELIOSAPARTNERS INC,CKOT
VELASALOGIC PARTNERS,UDNJW
NEXANAINDUSTRIES INDUSTRIES,SSEIN
VELAVIWORKS GLOBAL,SZO
BREOSASYSTEMS INTERNATIONAL,UXTDV
CYRARATECH PARTNERS,UVXRA
QERAVIENTERPRISES RESOURCES,QAASR
VORALOCORE INC,CGYWP
KORARISOLUTIONS PARTNERS,DAI
VORAMOSOLUTIONS INDUSTRIES,OAA
VELARASOFT RESOURCES,SDE
MIRAVISOFT RESOURCES,PKU
NEXALATECH LIMITED,OFPAV
VORASAENTERPRISES GROUP,TPQ
PRIMORIVENTURES LIMITED,WOC
ORIONRAGLOBAL INC,IYPNK
ORIONENTERPRISES INDUSTRIES,NBRZN
SERAMOENTERPRISES VENTURES,YTIBO
VELAVISYSTEMS FINANCIAL,SJSWE
RIVOSASOFT GLOBAL,JRTKH
HELIONACORE GROUP,DEZRR
PRIMOVITECH LIMITED,OMJ
NAVOTAWORKS CAPITAL,HGV
PRIMOPARTNERS PARTNERS,DQPDR
SERASASOLUTIONS PARTNERS,VHKPW
KORANAINDUSTRIES GLOBAL,QKYYT
BREOVIVENTURES INTERNATIONAL,HINWL
VONACOTECH GROUP,TINQ
SOLARAGLOBAL INTERNATIONAL,XNGW
PRIMOSOFT PARTNERS,SDRGI
CYRARILABS RESOURCES,LTA
SOLATASOLUTIONS GROUP,SSRVX
ARGOSATECH GROUP,CHUO
ARGORASOFT CAPITAL,CJVS
PRIMOSAWORKS SYSTEMS,OAPA
CORARIENTERPRISES & CO,PBY
TERARISYSTEMS FINANCIAL,JVFC
KORALALABS GLOBAL,HMG
MIRAVISOLUTIONS GROUP,CDOE
LUMANAINDUSTRIES VENTURES,DUE
VELAVITECH INC,JPMMB
ZYRAVILABS GROUP,SHAJ
ZENIVIWORKS INDUSTRIES,UDAWE
VELALOTECH INTERNATIONAL,JWF
RIVOLOLOGIC INC,IDWII
ZENIRALOGIC INC,LLGU
NOVAGLOBAL FINANCIAL,BLGG
QERACOSOFT GLOBAL,PGE
CYRAMOENTERPRISES GLOBAL,IWO
SOLACOENTERPRISES SYSTEMS,JLMFL
VALENLOTECH LIMITED,PUK
RIVOVISOLUTIONS GROUP,IIHW
CORALOTECH INC,AGKPZ
ARGOLOSOLUTIONS RESOURCES,WKPUO
PENTASOFT GLOBAL,HZCV
ZENILOGLOBAL INDUSTRIES,JTFVV
ALTORALABS PARTNERS,KHINN
VALENLOLABS GLOBAL,XTYW
BREOSAVENTURES HOLDINGS,LSLH
NOVALABS INC,UXB
SERAINDUSTRIES GROUP,XSO
ORIONLABS LIMITED,PQS
LUMARIVENTURES INDUSTRIES,GSIFM
RIVOCOVENTURES FINANCIAL,UYR
ORIONSAWORKS CAPITAL,BJPQ
NEXARIGLOBAL FINANCIAL,YKF
NAVOTASOFT INDUSTRIES,LSVFG
NAVOLOLOGIC GROUP,JMZ
RIVOMOSYSTEMS GLOBAL,RVGNQ
PRIMOVIENTERPRISES INTERNATIONAL,BXEJ
ZENIVIENTERPRISES GROUP,LHTCR
RIVOINDUSTRIES & CO,EUWO
RIVOTAGLOBAL HOLDINGS,NZHUF
MIRARILOGIC VENTURES,GZNO
CYRALOLOGIC FINANCIAL,FOY
NEXAVIWORKS & CO,VRAFH
ALTORIPARTNERS RESOURCES,XMMF
ZYRASOLUTIONS INC,JEHF
PRIMOLASOLUTIONS PARTNERS,BXI
SOLAPARTNERS INC,COZF
LUNONAPARTNERS GROUP,HRQIJ
BREOGLOBAL CAPITAL,DZIN
QERALAGLOBAL GLOBAL,DKRYR
TERATALABS CAPITAL,IKN
BREOVIGLOBAL CAPITAL,SRXH
BREOCOINDUSTRIES VENTURES,OVXDN
VORACOPARTNERS INC,WRTTW
CYRACOGLOBAL GLOBAL,OKWD
ZYRAVIENTERPRISES RESOURCES,GJT
VELANAWORKS HOLDINGS,QDQR
LUMATALABS INC,IEFT
SOLARIGLOBAL RESOURCES,VJMRA
PENTAMOPARTNERS INDUSTRIES,SDAR
QERASAPARTNERS GLOBAL,NJACI
LUMALOGIC VENTURES,UPHL
ZENILOLABS INTERNATIONAL,YIJL
HELIOVIENTERPRISES PARTNERS,EOSY
NOVASALOGIC INTERNATIONAL,URP
ARGOCOSOFT & CO,RXUSD
ZYRALABS INC,ITF
LUNOMOSOFT INC,PWQTP
NAVONAPARTNERS GROUP,TCEJ
SERATAGLOBAL RESOURCES,ZFUFM
VALENMOSYSTEMS VENTURES,RPERB
SOLARISOFT RESOURCES,XCBDO
SILOSOFT GLOBAL,RIYS
CORALALABS GLOBAL,FJJTA
SOLAVILABS INDUSTRIES,YITSV
ALTOTASYSTEMS GLOBAL,EXK
BREOLABS FINANCIAL,LTAO
CORAMOTECH VENTURES,RGBG
SILOGLOBAL & CO,DHK
NAVOSALABS FINANCIAL,HEIYJ
VALENLOLABS FINANCIAL,XVC
ALTOTASOFT LIMITED,JJS
KORASALOGIC LIMITED,SMEZE
VORACOWORKS SYSTEMS,BBXQ
SERACORE SYSTEMS,FYYO
ASTRARAGLOBAL FINANCIAL,QEI
SILOLATECH CAPITAL,WLRDN
ZYRAWORKS INDUSTRIES,NOWIU
QERAVIVENTURES SYSTEMS,MDTI
SERALOTECH INDUSTRIES,UVQQQ
PRIMORAPARTNERS VENTURES,DJIA
VONALASYSTEMS VENTURES,KCL
CYRARISOFT CAPITAL,PBV
RIVOLOGLOBAL INDUSTRIES,AVZN
QERANAGLOBAL VENTURES,BXZ
PENTACOPARTNERS INDUSTRIES,WHSB
NEXANASOFT FINANCIAL,RADQ
CORASYSTEMS VENTURES,EUKSB
PENTAMOVENTURES INTERNATIONAL,HCD
RIVONALABS LIMITED,UBY
HELIOMOINDUSTRIES RESOURCES,RZY
NAVOVILABS CAPITAL,WZKY
RIVOCOINDUSTRIES LIMITED,GCLC
PENTARIGLOBAL HOLDINGS,KHA
HELIOVIPARTNERS SYSTEMS,NWGN
FINASASYSTEMS GLOBAL,FMYV
VONACOLABS SYSTEMS,EHGO
BREOGLOBAL INDUSTRIES,MQNQ
SERARAINDUSTRIES LIMITED,DZJRY
VORANAWORKS PARTNERS,NPT
CYRARIGLOBAL & CO,ENARA
ASTRACOSYSTEMS VENTURES,XCFDH
TERASASYSTEMS GROUP,KZJCQ
PENTALAINDUSTRIES SYSTEMS,QKU
KORARAWORKS RESOURCES,HWWS
ALTOCORE INTERNATIONAL,XPU
PENTACOSOFT & CO,MOC
BREOTAGLOBAL GROUP,TTIF
BREOVIWORKS INDUSTRIES,GOE
ZENIVISYSTEMS SYSTEMS,XTMLF
ARGONATECH LIMITED,RHX
NEXARIINDUSTRIES CAPITAL,WZJKZ
ALTOLOINDUSTRIES INC,TICTX
NAVORATECH HOLDINGS,PJVZ
PRIMOLAGLOBAL VENTURES,QRCYU
VORANAINDUSTRIES LIMITED,QAH
ZENINAWORKS CAPITAL,HNYOU
NOVATASYSTEMS RESOURCES,JPD
NEXARASOFT HOLDINGS,RTBYI
MIRARICORE & CO,TIO
VELASOLUTIONS INTERNATIONAL,FOPO
ORIONMOWORKS & CO,INYSF
SERARAENTERPRISES CAPITAL,YXGQC
LUNOCOWORKS FINANCIAL,RPX
MIRAVIGLOBAL FINANCIAL,URN
PENTAENTERPRISES HOLDINGS,KJZ
PENTALASOLUTIONS PARTNERS,YSN
ASTRALOSYSTEMS HOLDINGS,OZDUJ
ZENICOSYSTEMS GLOBAL,PZC
ARGOVIGLOBAL INC,NQZSQ
LUMASALABS PARTNERS,CGMX
VALENLOSOFT LIMITED,BHXI
SILOSYSTEMS CAPITAL,MTBG
ZENIVITECH INDUSTRIES,YTK
PRIMOLAENTERPRISES CAPITAL,TJZP
PRIMOLOENTERPRISES & CO,SZH
ASTRANALABS LIMITED,HZEU
MIRALAINDUSTRIES GROUP,PRD
SOLARAVENTURES INDUSTRIES,NKRYD
NAVOLOSOFT SYSTEMS,RASM
CORATECH PARTNERS,WPWIG
LUMATAVENTURES SYSTEMS,HFUI
CORARIGLOBAL SYSTEMS,CYJ
TERACOSYSTEMS GLOBAL,YPFH
SILOLOSOFT SYSTEMS,OQGI
LUNOVISYSTEMS SYSTEMS,ANEW
NEXATATECH PARTNERS,YFAA
NEXARIGLOBAL INDUSTRIES,UWX
FINATECH INTERNATIONAL,WCPPH
NEXARILABS VENTURES,UZZ
NAVOVITECH VENTURES,QFU
LUNOTASOLUTIONS & CO,XYXSU
ORIONLOCORE FINANCIAL,EMZVB
LUNOWORKS RESOURCES,GSPFZ
BREOLOINDUSTRIES RESOURCES,KBVVI
BREOVIENTERPRISES HOLDINGS,KTR
VELAINDUSTRIES LIMITED,IXG
RIVONASOFT GLOBAL,GMVT
ZYRARISOFT CAPITAL,RBXZY
NOVASOFT GLOBAL,QYZFB
TERASACORE PARTNERS,FOQ
VELALABS LIMITED,QBC
LUMALOGIC RESOURCES,IFVWS
VELANAGLOBAL FINANCIAL,DDOPM
HELIORISOFT GROUP,LNRKC
LUMAMOPARTNERS CAPITAL,WFOZR
RIVORAINDUSTRIES LIMITED,FPA
SOLALOINDUSTRIES INC,XDM
TERASOFT PARTNERS,FPT
ZENIVIGLOBAL INTERNATIONAL,CDV
NEXARICORE GLOBAL,KCRWK
SOLAMOSOLUTIONS PARTNERS,ANK
VELATALABS INDUSTRIES,IFWBD
SILOSATECH PARTNERS,PIX
KORALAINDUSTRIES FINANCIAL,EWS
LUMARIWORKS & CO,DDFAJ
ZENIGLOBAL FINANCIAL,GTOU
SOLAGLOBAL INTERNATIONAL,PBZE
HELIOMOSYSTEMS GLOBAL,HMQK
RIVOLALOGIC SYSTEMS,XRBHH
MIRARILOGIC FINANCIAL,OXH
VONAVITECH CAPITAL,OWV
LUNONACORE GLOBAL,HCZ
PENTATASOLUTIONS RESOURCES,AKQRM
NEXALOENTERPRISES CAPITAL,EMMER
SOLATALABS INTERNATIONAL,VEUE
NAVOLOPARTNERS GROUP,TRSZ
LUNOLOCORE HOLDINGS,QEV
QERARACORE INDUSTRIES,SHOH
HELIOSAWORKS FINANCIAL,TYCQ
PRIMORISOLUTIONS GLOBAL,OHSCR
ASTRALOSYSTEMS GLOBAL,VDW
PRIMONASYSTEMS INTERNATIONAL,BKWKV
BREORALABS VENTURES,DOWDY
CYRAVITECH FINANCIAL,IHJL
KORALASYSTEMS VENTURES,NSGA
CYRACOGLOBAL INDUSTRIES,DQL
MIRAVILOGIC PARTNERS,AHTPQ
ASTRACOCORE VENTURES,LHI
SERAVICORE RESOURCES,IVX
VELASACORE HOLDINGS,QUBXR
KORANACORE INDUSTRIES,FRWG
PRIMOLOVENTURES HOLDINGS,XDDSC
LUMALAGLOBAL VENTURES,UYN
NAVOLOGLOBAL PARTNERS,PWK
RIVOLOLABS INC,KOJ
FINALOGIC & CO,TLZT
ZYRALAINDUSTRIES PARTNERS,WJHMU
VONACOLOGIC CAPITAL,YWHG
BREOCOWORKS CAPITAL,ORC
ALTOMOVENTURES VENTURES,VAN
PENTASOFT INC,NNNYO
VONASOLUTIONS VENTURES,FQPI
NAVOVIWORKS SYSTEMS,XHS
LUMARIINDUSTRIES SYSTEMS,PWCLN
RIVOCORE FINANCIAL,IWV
NEXAMOVENTURES & CO,CRQ
ARGOLOINDUSTRIES VENTURES,FUW
ZENILOGIC RESOURCES,FHDLX
SERAVENTURES PARTNERS,DIW
BREOTACORE RESOURCES,WRCH
LUMARIPARTNERS GLOBAL,AIU
SERAMOCORE GROUP,XBGFU
LUNONAWORKS FINANCIAL,NCT
RIVOCOSOFT INC,XTAWC
ALTOMOLOGIC PARTNERS,TQA
SOLACOSOFT & CO,GOFH
QERASASYSTEMS GROUP,BNCD
KORASAWORKS VENTURES,ZXFK
VONAMOGLOBAL HOLDINGS,SADQW
NEXAMOSYSTEMS HOLDINGS,RTP
CORANACORE CAPITAL,UHA
ALTOLOGIC FINANCIAL,WAT
NOVAMOINDUSTRIES LIMITED,AEJT
MIRACOCORE LIMITED,PKVW
TERAMOCORE SYSTEMS,MLGW
ORIONMOSOFT PARTNERS,HUVS
BREOMOLOGIC CAPITAL,AGQJ
HELIOVILABS GROUP,JGOFD
KORATALOGIC SYSTEMS,ASWAW
MIRAVIGLOBAL RESOURCES,MERKB
SERAMOLOGIC INDUSTRIES,WHR
LUNOCORE FINANCIAL,YMBD
SOLAWORKS HOLDINGS,PKO
VELANAENTERPRISES CAPITAL,YCXXV
SOLARASOFT SYSTEMS,YVLKY
RIVOCOCORE CAPITAL,YXJSI
NEXASALOGIC INDUSTRIES,WRT
LUMATAVENTURES HOLDINGS,MYFG
FINARAINDUSTRIES SYSTEMS,BTW
BREORICORE LIMITED,NFV
QERAVIINDUSTRIES & CO,UTBSX
CYRARIENTERPRISES INDUSTRIES,GBX
LUNOTAENTERPRISES RESOURCES,BND
NEXALOVENTURES & CO,OJCC
MIRALOLOGIC LIMITED,PGO
ORIONLATECH LIMITED,SUWX
TERALATECH GLOBAL,YZHD
BREOLASOFT VENTURES,OXHUI
BREOSOFT VENTURES,XRG
VONATAVENTURES GLOBAL,XSTT
LUMAMOSOFT VENTURES,KBYE
TERARAPARTNERS HOLDINGS,JVIF
CYRALOLABS LIMITED,NETU
MIRARAWORKS GROUP,DIZNM
VALENMOSYSTEMS RESOURCES,XZXD
MIRARAVENTURES INC,LXASP
CYRACOLOGIC SYSTEMS,YEY
MIRATASOLUTIONS INC,VOWD
ARGOSASYSTEMS SYSTEMS,MGKNN
NEXAMOSOFT HOLDINGS,ZNF
PRIMOINDUSTRIES SYSTEMS,EVUFG
NAVONASOFT INDUSTRIES,EGKW
VONALOVENTURES PARTNERS,QSQ
ZYRASOLUTIONS INTERNATIONAL,NEXGN
QERALOWORKS VENTURES,ALQFB
BREOVIPARTNERS INDUSTRIES,OUTAB
VALENLOSOLUTIONS INTERNATIONAL,LIK
PRIMORISOLUTIONS FINANCIAL,NSMW
LUMASACORE CAPITAL,QTTZJ
PRIMOGLOBAL RESOURCES,VSAKV
KORAVIWORKS RESOURCES,KKQD
VALENRICORE & CO,GCTAT
SILOSOFT FINANCIAL,FWG
ASTRAVIVENTURES HOLDINGS,QUY
ALTOLABS RESOURCES,EQZOV
ALTOCOSOLUTIONS CAPITAL,PKM
CYRATAPARTNERS GROUP,NFTN
BREOENTERPRISES PARTNERS,EKVU
BREOSASOFT LIMITED,RFPFN
SILORALABS GLOBAL,DGSE
PRIMONACORE LIMITED,JOZZ
SILOTALABS INC,MDDJF
ALTOLASOFT VENTURES,BHEIB
ORIONTAWORKS INDUSTRIES,VVFBD
KORAVIENTERPRISES INDUSTRIES,EKZZ
FINANAWORKS FINANCIAL,XFVUI
SERATAGLOBAL GLOBAL,MXO
ALTOLAWORKS VENTURES,CNUHD
VALENLOSYSTEMS FINANCIAL,MKK
PENTATASOLUTIONS INDUSTRIES,HPN
TERATALABS HOLDINGS,DGNCX
KORARISOLUTIONS INTERNATIONAL,SJKOO
NAVOTASYSTEMS FINANCIAL,IWEMT
TERACOWORKS LIMITED,QSYY
TERALALOGIC INC,FLN
ALTOLOTECH RESOURCES,IBAS
ASTRARASYSTEMS SYSTEMS,JAOCJ
ORIONSOFT VENTURES,TNY
ZYRAVIENTERPRISES VENTURES,JLVI
SERACOWORKS RESOURCES,OMCEA
MIRALOGIC & CO,OIURA
LUNONAINDUSTRIES INTERNATIONAL,LOEU
NEXATAVENTURES GROUP,GSR
VONALAINDUSTRIES INTERNATIONAL,KKWND
LUMARISYSTEMS INTERNATIONAL,XHB
PENTANASOFT INDUSTRIES,AOKAG
LUNOVISOLUTIONS INDUSTRIES,SEQ
ZENIWORKS INTERNATIONAL,BYI
RIVOPARTNERS GROUP,LOGLL
VELALOSYSTEMS INC,ZSQZ
VALENCOVENTURES HOLDINGS,YLELZ
VALENVIINDUSTRIES RESOURCES,QHXDH
QERALOWORKS GLOBAL,MJR
ORIONGLOBAL LIMITED,HHE
ASTRACORE GROUP,UFF
LUMAPARTNERS PARTNERS,RJLWG
SERASASOFT GROUP,DZTGQ
ASTRAMOSOFT & CO,IYXK
VORALASOFT INDUSTRIES,JZG
TERASASYSTEMS HOLDINGS,QVE
NOVAWORKS RESOURCES,GIEE
HELIOVILOGIC GLOBAL,GSZ
VELAPARTNERS INC,HBZII
TERALOSOLUTIONS RESOURCES,RYN
SILOTAWORKS LIMITED,BNZ
HELIOLOVENTURES CAPITAL,VDIJG
SILORATECH HOLDINGS,YKDPN
NEXASYSTEMS VENTURES,OYNC
BREOMOSYSTEMS VENTURES,IORO
ZENISALABS HOLDINGS,RFBY
SOLACOVENTURES INC,OMF
ORIONLAGLOBAL INDUSTRIES,XYTMV
ASTRAMOINDUSTRIES FINANCIAL,RFLLU
BREOCOSOFT LIMITED,QOH
FINASOFT SYSTEMS,YXTH
HELIOTASYSTEMS HOLDINGS,NCXCW
BREORISYSTEMS CAPITAL,QKYOW
SOLATAENTERPRISES PARTNERS,YDIMC
ZENITACORE CAPITAL,WYOS
SILORIENTERPRISES INTERNATIONAL,MTILZ
NEXAMOENTERPRISES PARTNERS,ZSRMP
RIVOLAGLOBAL HOLDINGS,SQZUT
QERAMOSOFT LIMITED,VZG
LUNOLABS HOLDINGS,XKE
ORIONCOPARTNERS INDUSTRIES,KFBXM
SILOSOLUTIONS PARTNERS,WOV
RIVORAWORKS & CO,SOOR
RIVOCORE PARTNERS,COC
TERARASOFT GLOBAL,NXRN
QERALOCORE GROUP,QBOBT
PRIMONAVENTURES PARTNERS,WQFWJ
PRIMORAPARTNERS RESOURCES,ENN
CORATECH LIMITED,RVHMD
BREOCOGLOBAL GROUP,CUGAR
VONALOSYSTEMS CAPITAL,AYM
CYRATECH INTERNATIONAL,JYU
PRIMOSACORE INC,RHVE
QERATAGLOBAL INTERNATIONAL,WXU
ORIONTAWORKS FINANCIAL,KOUN
CORALOCORE GLOBAL,XRW
ALTOVENTURES INTERNATIONAL,RRIW
SILOMOSOLUTIONS FINANCIAL,QUG
VONASAWORKS INC,NXWD
HELIOSAPARTNERS HOLDINGS,WITGR
NAVOVIENTERPRISES LIMITED,SPIKK
SERANALOGIC GROUP,GMR
QERACOVENTURES VENTURES,ACHI
QERATAPARTNERS HOLDINGS,XWPPG
ORIONLOGIC GROUP,PDWG
SERANACORE RESOURCES,GOKEB
SERASASYSTEMS CAPITAL,YTHZ
FINATAPARTNERS HOLDINGS,OXV
VALENTASOLUTIONS RESOURCES,TRI
ARGOLOPARTNERS FINANCIAL,YLIVR
KORASACORE HOLDINGS,URWM
HELIOTECH CAPITAL,YJVEZ
SERANAGLOBAL CAPITAL,TDHX
ORIONVICORE GROUP,DLP
FINARILOGIC INTERNATIONAL,UHL
VORAVENTURES INDUSTRIES,GFOYF
ZYRASOFT PARTNERS,MDRM
SOLAVIWORKS & CO,PERKZ
NOVARICORE VENTURES,HWA
ZENILAWORKS CAPITAL,AQM
VALENTASOFT LIMITED,EYDW
NOVANAINDUSTRIES GROUP,VHZ
ZYRAVISOLUTIONS INC,EJRTI
PENTANAVENTURES FINANCIAL,DAYSL
NEXACOLOGIC INTERNATIONAL,TRBF
LUMALAWORKS GROUP,ITI
HELIORILOGIC FINANCIAL,UIYH
FINACOCORE HOLDINGS,RGC
SOLATAWORKS GLOBAL,CGO
LUMAVIPARTNERS PARTNERS,BLH
QERATASOFT HOLDINGS,QGTI
NAVOLOENTERPRISES & CO,CPQQ
PENTALAENTERPRISES FINANCIAL,EAD
PENTANATECH VENTURES,DHRAX
PRIMOCORE INTERNATIONAL,VFV
MIRARILOGIC PARTNERS,ANIF
NEXAVICORE VENTURES,SFA
ZENIVILABS VENTURES,ALMKV
NEXASASYSTEMS INC,DVUL
CORASASOFT INTERNATIONAL,AQBMB
PRIMORIVENTURES CAPITAL,EQH
ARGOVICORE GROUP,VJN
SERARALABS CAPITAL,ANDG
FINARASYSTEMS INTERNATIONAL,TDM
MIRARATECH GLOBAL,TQHGJ
VONAVIGLOBAL FINANCIAL,IOWJY
HELIOVIWORKS CAPITAL,YQLLO
KORARAENTERPRISES LIMITED,YKFKL
ZYRANASOLUTIONS FINANCIAL,VNNIQ
NAVORASOLUTIONS LIMITED,YRJRX
SILOSAINDUSTRIES GROUP,SEN
SOLALASYSTEMS HOLDINGS,QCI
ASTRASATECH GROUP,WHTOI
SERAINDUSTRIES HOLDINGS,AXJRX
NEXATASOLUTIONS LIMITED,MEQ
PRIMOTECH VENTURES,BZVJ
CYRAVILOGIC & CO,WQYJW
RIVOTASYSTEMS VENTURES,SRFZY
NAVONAWORKS VENTURES,VNP
QERARACORE FINANCIAL,KAL
BREORASYSTEMS GLOBAL,TVKK
BREOCOENTERPRISES CAPITAL,RWR
VONAENTERPRISES INDUSTRIES,OYIMI
KORAMOLABS INDUSTRIES,OVKD
RIVOINDUSTRIES SYSTEMS,TEKC
SOLAMOCORE VENTURES,NAI
NAVOSAGLOBAL GLOBAL,VZU
TERACOTECH & CO,BXZRE
VELARIVENTURES GROUP,IBB
PRIMOLOCORE FINANCIAL,OQK
CORALASYSTEMS CAPITAL,UVJAT
VELALABS VENTURES,ISRVI
ASTRALOWORKS PARTNERS,PXMHN
KORARIINDUSTRIES INC,BRX
ZYRANAPARTNERS SYSTEMS,PYLML
HELIORAINDUSTRIES PARTNERS,WCV
ALTOSAPARTNERS GROUP,IMAO
CYRASOFT VENTURES,LPU
SILOVIWORKS GLOBAL,UFHTE
ARGORAVENTURES GROUP,WLHY
CYRAWORKS INC,UQSSA
SILOTAVENTURES HOLDINGS,AONVH
RIVOMOWORKS CAPITAL,ZUEA
VORALOWORKS INC,ECAHE
SILOCOCORE INDUSTRIES,VLQGH
VELAMOCORE HOLDINGS,THIT
CORACOINDUSTRIES CAPITAL,DID
LUNORAINDUSTRIES INC,YNA
VELALOENTERPRISES & CO,ULDWM
NOVALASYSTEMS FINANCIAL,WPFR
NAVOSASYSTEMS CAPITAL,VKSQB
VORASAENTERPRISES & CO,KGNW
SILOMOGLOBAL SYSTEMS,MQCXX
VELACOSOLUTIONS HOLDINGS,HVY
ZYRATAINDUSTRIES INTERNATIONAL,KUK
HELIOVENTURES FINANCIAL,WVX
RIVOCOTECH GLOBAL,OVMFL
NOVASALOGIC CAPITAL,BMBBJ
ASTRAMOSYSTEMS LIMITED,PXK
CYRASYSTEMS SYSTEMS,RMKFW
SILORAGLOBAL LIMITED,XAH
SILORASOFT SYSTEMS,WLM
NEXACORE LIMITED,NTTNC
NOVALOINDUSTRIES LIMITED,RKKNM
NOVANALOGIC INC,YOUXM
MIRACOCORE PARTNERS,UYO
ZENITAPARTNERS LIMITED,MJU
ALTOLOWORKS INTERNATIONAL,VCFW
VALENLALABS GLOBAL,CFXOI
HELIOVILOGIC INDUSTRIES,WDS
BREOSYSTEMS PARTNERS,ZBK
SOLANAENTERPRISES CAPITAL,XSDE
ALTOLAGLOBAL VENTURES,HJOB
SOLARIWORKS HOLDINGS,XYNB
NEXANAINDUSTRIES CAPITAL,RJECE
ZYRANALABS GLOBAL,QQXJQ
ZYRATASOFT LIMITED,LRLE
RIVOMOVENTURES PARTNERS,NIJW
ZENISASYSTEMS RESOURCES,MAPQM
VONASYSTEMS SYSTEMS,YCHI
SERACOSOFT VENTURES,RNK
PRIMOLAINDUSTRIES RESOURCES,HHRU
NEXALASOFT INDUSTRIES,AEJ
NOVACORE PARTNERS,TNF
SILOLABS GROUP,NKAN
ZENINAENTERPRISES CAPITAL,SHPH
NAVOMOLABS VENTURES,XTTDN
VORARAINDUSTRIES INDUSTRIES,BLEQ
QERARILABS RESOURCES,JGD
NAVOMOCORE GROUP,ELD
ZENILOSOFT INTERNATIONAL,KXY
CORALATECH INC,NMM
VALENRACORE GLOBAL,BMMA
HELIOLOINDUSTRIES & CO,RRZ
BREOGLOBAL SYSTEMS,LDUM
ZENIVIGLOBAL VENTURES,CVZF
QERATAINDUSTRIES LIMITED,GVIY
VORARIINDUSTRIES LIMITED,YMUI
RIVOCOCORE PARTNERS,HDU
LUMAMOVENTURES INTERNATIONAL,CAS
HELIORIENTERPRISES HOLDINGS,CJJ
TERARILABS FINANCIAL,BNRJB
VALENLASYSTEMS INTERNATIONAL,DTWB
VORALASOFT & CO,BUJNH
SOLAPARTNERS LIMITED,FPVEZ
MIRASALOGIC SYSTEMS,LEEAW
PRIMOLALABS GLOBAL,QIZG
CORAMOPARTNERS & CO,KWGV
NEXALOGLOBAL VENTURES,CZM
ASTRACOVENTURES GROUP,WWCH
ASTRALOSOFT GROUP,VBZB
SOLATAWORKS PARTNERS,UXKA
SOLALACORE GLOBAL,UPB
PRIMORALOGIC GLOBAL,IXLM
FINALALOGIC GROUP,PBTP
NAVORILOGIC PARTNERS,UXV
VALENLABS PARTNERS,ILCQ
ARGORAWORKS INDUSTRIES,DULI
FINARIINDUSTRIES CAPITAL,BDD
NAVOSACORE PARTNERS,CMUU
MIRACORE INC,WIG
ORIONVITECH GROUP,NOEP
FINATAINDUSTRIES PARTNERS,FPEW
PRIMOVISYSTEMS CAPITAL,DDE
KORANASOFT GROUP,FVN
LUMATECH INDUSTRIES,SLFU
SILOLASOLUTIONS GROUP,XJNL
ALTOLALOGIC GROUP,JCL
VONARAINDUSTRIES PARTNERS,KVRQK
PENTATALABS RESOURCES,XRS
NAVOLAGLOBAL RESOURCES,EWJUQ
SILORASYSTEMS SYSTEMS,TSLML
NEXALATECH INTERNATIONAL,HXKL
SOLAMOSOFT LIMITED,PNAS
ALTORISOFT & CO,YHU
SILORACORE HOLDINGS,LIXQ
TERAPARTNERS VENTURES,YFN
MIRARALOGIC GLOBAL,JOR
BREOVISYSTEMS INDUSTRIES,OHAJJ
LUNOCOTECH INC,SKN
MIRAENTERPRISES GROUP,HGCBS
SERARALABS RESOURCES,WXAAF
VORACOSOFT INC,YICH
FINAENTERPRISES GLOBAL,INN
NEXAVISOLUTIONS PARTNERS,OSLIQ
RIVOCOGLOBAL HOLDINGS,YZDT
ORIONSAVENTURES CAPITAL,BYPR
FINATAPARTNERS CAPITAL,DFHPY
FINAWORKS FINANCIAL,EIEAV
SILOVENTURES GROUP,NZGW
ASTRATASOLUTIONS VENTURES,UCDPN
ZYRARIGLOBAL GROUP,YVJ
KORAVENTURES FINANCIAL,ABJ
NAVOVISOLUTIONS & CO,BPRCF
CYRATECH GROUP,IPDC
HELIOENTERPRISES INC,BSMB
NOVARILABS INTERNATIONAL,SJL
LUMATAGLOBAL HOLDINGS,PQPG
HELIOSOLUTIONS HOLDINGS,KHXBP
VALENLOGIC INDUSTRIES,FAVW
ASTRARISYSTEMS GLOBAL,PYH
ALTOLAWORKS HOLDINGS,WCCDD
SOLANAINDUSTRIES SYSTEMS,GBKIS
PENTASASYSTEMS PARTNERS,VWT
QERAMOCORE HOLDINGS,CWO
RIVOLAVENTURES INDUSTRIES,BHV
TERAVIINDUSTRIES HOLDINGS,EDHI
MIRALATECH INTERNATIONAL,EMTA
VORALOTECH CAPITAL,REJRD
PENTASAGLOBAL INC,UXO
SILOCOLABS INTERNATIONAL,HGTF
LUMALATECH HOLDINGS,RQWPF
SOLALOVENTURES SYSTEMS,UIB
RIVORILABS GLOBAL,OOQD
FINAMOLOGIC INDUSTRIES,XMIO
QERATAPARTNERS RESOURCES,GAFF
PENTARIENTERPRISES & CO,TXZBG
VORASAINDUSTRIES RESOURCES,SFF
NAVOVIINDUSTRIES PARTNERS,CVDE
BREORISOFT RESOURCES,PLO
VELACOCORE GROUP,KYHZ
SILORALABS VENTURES,UHWZ
VELASAINDUSTRIES & CO,VET
VORASAWORKS LIMITED,BRYDN
ASTRASAENTERPRISES SYSTEMS,QLRA
HELIONAPARTNERS SYSTEMS,MIZ
SERALAENTERPRISES & CO,HAB
CYRARAGLOBAL RESOURCES,QKW
PRIMONATECH SYSTEMS,AJOL
ALTOVIWORKS INTERNATIONAL,GUFH
VELACOSYSTEMS HOLDINGS,FZNZL
KORATASYSTEMS VENTURES,SHJIB
ARGOLATECH SYSTEMS,QTCLC
SILOLATECH INC,JQVRT
VELALAWORKS PARTNERS,HIOG
SERASALOGIC SYSTEMS,IYG
VELAVIWORKS LIMITED,GCARM
ASTRACOENTERPRISES HOLDINGS,HZMB
NEXAMOINDUSTRIES INDUSTRIES,LEH
SERATAGLOBAL GROUP,XATI
ZYRARIPARTNERS CAPITAL,EHTP
VELARILABS FINANCIAL,FPHDI
VORARISOLUTIONS RESOURCES,YXJ
VONARISYSTEMS RESOURCES,XXOL
QERATAENTERPRISES HOLDINGS,ZQGL
VORALALOGIC CAPITAL,WNZB
ZYRASAGLOBAL SYSTEMS,YKE
CORAENTERPRISES GLOBAL,GIO
ARGOLOCORE LIMITED,HMIY
TERACOTECH HOLDINGS,YTWUF
PRIMOTALABS INDUSTRIES,GJBG
SOLANAENTERPRISES FINANCIAL,JRLA
LUNOLASOFT GROUP,JZHF
CORAVISOFT CAPITAL,WIDK
BREOCOGLOBAL & CO,KZYA
RIVORISOFT INC,OLRCL
NOVAMOLABS LIMITED,JMGEA
BREOPARTNERS GROUP,PXJX
SILOSYSTEMS SYSTEMS,VIY
ZYRARISYSTEMS LIMITED,IZF
TERATACORE LIMITED,CTGHX
QERARAINDUSTRIES FINANCIAL,CMOBQ
MIRANAPARTNERS CAPITAL,HECX
HELIOTAVENTURES GLOBAL,JFOGD
NAVOLOPARTNERS & CO,CXPM
NAVOCOENTERPRISES SYSTEMS,PDWYG
KORAGLOBAL CAPITAL,YPNQH
CORAVILOGIC RESOURCES,FLET
TERARACORE HOLDINGS,UDBY
CORATALOGIC INC,BMSQ
PENTALOSOFT INTERNATIONAL,KHCOL
HELIOMOENTERPRISES INDUSTRIES,WGL
ZENISASYSTEMS FINANCIAL,DBJ
FINANATECH VENTURES,JJJ
VALENNALOGIC PARTNERS,OHMB
LUMAMOVENTURES PARTNERS,QJZG
ASTRAVIINDUSTRIES GLOBAL,LUO
RIVOSAPARTNERS LIMITED,ARE
ARGOENTERPRISES HOLDINGS,ZVRTA
ASTRALAVENTURES GLOBAL,EFJV
CORALABS GROUP,YBM
NAVOTAINDUSTRIES LIMITED,QCY
NEXARIWORKS INDUSTRIES,VFK
VORALASYSTEMS GROUP,HCVSS
LUMASAGLOBAL HOLDINGS,YCXR
HELIORAGLOBAL GLOBAL,DYHP
ZYRALOSOFT LIMITED,EOSWH
NEXARASOFT INTERNATIONAL,LSB
NEXASAPARTNERS & CO,JCDE
LUMACOLABS FINANCIAL,NXJM
SILONASYSTEMS RESOURCES,UVYJN
LUMATECH CAPITAL,LRG
ASTRACOGLOBAL FINANCIAL,XZWRN
MIRALOGIC GLOBAL,XFLOE
PRIMOLASOLUTIONS GROUP,GAUOE
LUNORISOFT INC,LHX
ASTRATAVENTURES FINANCIAL,ZFZDG
MIRAVIVENTURES VENTURES,BGO
VALENENTERPRISES INC,KRIAK
ALTORISOLUTIONS SYSTEMS,QQWX
BREOLOPARTNERS INC,YMY
ARGOLOVENTURES INTERNATIONAL,XRGY
SOLARATECH CAPITAL,HUSW
SILOSALABS GROUP,MPDGW
BREORASYSTEMS VENTURES,VLLJB
PRIMOINDUSTRIES FINANCIAL,WANM
NEXANAGLOBAL PARTNERS,HMR
SERATACORE VENTURES,VRAR
NAVOMOTECH VENTURES,FUFV
QERALALOGIC INC,RKT
SOLALOSYSTEMS INDUSTRIES,KXIP
VELARIINDUSTRIES VENTURES,LSGV
ZENITAENTERPRISES INTERNATIONAL,EYVU
SOLARAINDUSTRIES INC,VEFUT
KORAMOENTERPRISES GROUP,FGP
BREONAINDUSTRIES INDUSTRIES,YTGA
VALENLAWORKS INTERNATIONAL,EXA
CYRASAWORKS PARTNERS,TIT
PENTANASOLUTIONS GROUP,FJDU
ARGOLASOFT LIMITED,EYPO
MIRALOINDUSTRIES FINANCIAL,FVQAX
LUMASALABS RESOURCES,HER
BREOVITECH RESOURCES,EKMHC
MIRALALABS INDUSTRIES,WTPT
ASTRAMOTECH SYSTEMS,LVAQ
SILORAPARTNERS & CO,SASCK
CORAVIGLOBAL INTERNATIONAL,ODW
QERALAWORKS VENTURES,IRIVD
ASTRASYSTEMS FINANCIAL,ZPXS
VORAMOSYSTEMS INTERNATIONAL,RKUY
CORALOGIC INTERNATIONAL,DDBI
ZYRALOGIC FINANCIAL,CNGD
CORALOGIC HOLDINGS,OBFO
VONALOINDUSTRIES GLOBAL,ATK
SOLASALOGIC INDUSTRIES,EQIJ
RIVONAENTERPRISES GLOBAL,KHNG
RIVOLASOFT CAPITAL,XGEHY
SOLAENTERPRISES LIMITED,OWRZ
NEXAVISOLUTIONS INTERNATIONAL,QIS
FINALATECH GLOBAL,KDC
LUNORASOLUTIONS LIMITED,JTYSR
RIVOMOENTERPRISES INC,MCWG
LUNOTAVENTURES HOLDINGS,DAW
BREORASYSTEMS INDUSTRIES,HNLWV
QERASOLUTIONS FINANCIAL,QOX
ZENIRASOFT GROUP,HDWI
NEXANASOLUTIONS SYSTEMS,USE
PRIMOSACORE RESOURCES,MBMDR
VALENVILABS RESOURCES,IUNXC
HELIOPARTNERS SYSTEMS,CYW
ASTRATAPARTNERS CAPITAL,ZOAC
FINASAWORKS FINANCIAL,GFHK
VALENVENTURES LIMITED,SIJ
NAVOSACORE SYSTEMS,GNSQV
VORAVIINDUSTRIES CAPITAL,JAW
VALENVILOGIC GLOBAL,WVEV
ARGOVILABS INTERNATIONAL,OWXS
QERALOTECH & CO,KPT
QERAMOCORE & CO,RDQKU
QERARALABS GROUP,ZVH
FINALACORE GLOBAL,RZMI
LUMASOLUTIONS SYSTEMS,SUKMP
NEXANAPARTNERS GLOBAL,HXO
SILOLOGIC & CO,JWAK
SILOMOGLOBAL GLOBAL,EDMAV
SERACOTECH FINANCIAL,HUXVS
CYRAVICORE GROUP,TUQ
SILOLALABS FINANCIAL,TLBWS
ZYRAVISYSTEMS INTERNATIONAL,VNK
VELAVILABS VENTURES,XFY
ARGOLABS LIMITED,TFKW
ORIONRAWORKS RESOURCES,EPSB
SILORALOGIC FINANCIAL,SRKFS
SOLATAVENTURES CAPITAL,SLSLH
QERAVENTURES SYSTEMS,JQD
KORAVISOLUTIONS PARTNERS,WMDK
ARGOTASYSTEMS FINANCIAL,OJUU
TERARILOGIC INDUSTRIES,XHX
NEXARISOFT RESOURCES,SREQ
CYRAMOLOGIC GLOBAL,GMO
LUMALOENTERPRISES CAPITAL,CACOK
TERALOINDUSTRIES INC,AUCU
SILORISOFT RESOURCES,WFXQN
BREOLACORE INTERNATIONAL,EXY
NOVAMOLOGIC LIMITED,BGVXU
KORAVIPARTNERS CAPITAL,GWCHM
LUNOLASOLUTIONS LIMITED,OBLES
VORATASOFT GROUP,UYF
CYRALOGIC VENTURES,SHE
NOVAMOLABS INTERNATIONAL,JSB
LUMATAINDUSTRIES GROUP,NAT
LUMAMOSOLUTIONS INTERNATIONAL,RWPKE
ASTRAINDUSTRIES LIMITED,WOI
VONAMOENTERPRISES INC,JBHA
SILOLOGIC INC,HCB
ZYRATASOLUTIONS GLOBAL,PLUSJ
CORATECH FINANCIAL,NIE
ZYRALOSOFT HOLDINGS,JSSMT
SILOTAGLOBAL LIMITED,HNS
HELIOLOSOLUTIONS CAPITAL,ZNETL
CORAMOGLOBAL GLOBAL,GHA
KORATAWORKS GROUP,GJK
ORIONVILABS FINANCIAL,DOR
ASTRASAPARTNERS PARTNERS,OSI
KORARIINDUSTRIES VENTURES,ZQRM
TERALOSOLUTIONS VENTURES,NLYF
ASTRALOTECH INC,DJDC
SILOTASOLUTIONS HOLDINGS,DWJ
NOVATASYSTEMS CAPITAL,JRGM
PENTALOSOFT INDUSTRIES,OWFHM
ZYRALOTECH INTERNATIONAL,QLHOX
ARGOCOLABS GLOBAL,HKRP
VELASAENTERPRISES GLOBAL,MRROP
ZYRALOSOLUTIONS INC,JYIFZ
LUNOCOVENTURES RESOURCES,WUXEW
ZENISALABS GLOBAL,IFMAK
BREOMOWORKS PARTNERS,ITECZ
HELIONAPARTNERS & CO,CMB
ALTOSALOGIC SYSTEMS,ZDU
VELAVICORE PARTNERS,RBYRG
PRIMOSAINDUSTRIES INDUSTRIES,DIU
FINALOTECH & CO,DHN
ALTOCORE VENTURES,FQFO
TERAGLOBAL FINANCIAL,RNGG
ASTRARAPARTNERS INDUSTRIES,KHIN
HELIOINDUSTRIES RESOURCES,RSG
CORARASOFT SYSTEMS,OYRW
ASTRAVILOGIC & CO,WWJV
ARGORASOLUTIONS LIMITED,XZTGA
NAVOVIGLOBAL INDUSTRIES,VNQ
NEXACOLOGIC FINANCIAL,WZJ
CYRATATECH SYSTEMS,SBGY
TERANALABS GLOBAL,LWISC
PRIMOWORKS GROUP,FFP
VALENVILABS PARTNERS,ULD
FINASAPARTNERS GROUP,CTE
SOLARIGLOBAL HOLDINGS,HSEX
ASTRAVICORE CAPITAL,UKPT
SERARAWORKS & CO,VRLR
TERATAVENTURES GROUP,SXSPW
NEXAMOSOLUTIONS INDUSTRIES,UYRXN
PENTARICORE GROUP,YJDZ
NAVOSYSTEMS INDUSTRIES,EMK
NEXARAENTERPRISES GLOBAL,WWGTP
NOVACOGLOBAL INDUSTRIES,DWGF
RIVONAGLOBAL RESOURCES,PXCT
SOLASALABS & CO,GGWW
MIRANASOFT INTERNATIONAL,HXWM
ARGORALOGIC GLOBAL,LKAQ
MIRARIPARTNERS LIMITED,BOMN
ZENIRAVENTURES INDUSTRIES,FLMFK
PRIMOGLOBAL SYSTEMS,KRNM
ARGOVIVENTURES INTERNATIONAL,RETS
VONALAPARTNERS INDUSTRIES,UIHD
NOVAENTERPRISES RESOURCES,RLCA
VORALAGLOBAL SYSTEMS,HFA
BREOTALOGIC INC,ZHFIL
ASTRALALOGIC PARTNERS,QTH
KORARAINDUSTRIES PARTNERS,LUIVX
FINARISOFT VENTURES,HVLK
VONATALABS INC,ULKA
VELACOCORE CAPITAL,ZWHX
PRIMOVIWORKS INDUSTRIES,TWPL
ZYRALACORE CAPITAL,AXT
VALENCOLABS INC,QNC
ZENIPARTNERS INTERNATIONAL,XNOU
MIRAMOLABS PARTNERS,FHQS
SERACOWORKS CAPITAL,WRDFR
PENTAVILABS CAPITAL,HUNA
PENTACOLABS VENTURES,MKPXM
ALTORISOFT VENTURES,TWAC
CYRAMOSOFT VENTURES,ZPNC
HELIORASOFT LIMITED,CKL
NEXAMOPARTNERS GROUP,BGNJM
SOLANAENTERPRISES HOLDINGS,MNV
ZENILOTECH HOLDINGS,CJDCA
ZYRARITECH FINANCIAL,CTH
VORASYSTEMS LIMITED,KNN
SERANAENTERPRISES LIMITED,NIOXL
VONASYSTEMS PARTNERS,LYSF
PENTARILABS INC,JECCP
CYRALOSYSTEMS LIMITED,NRIPI
LUMARASOFT INC,MGUIR
ARGOMOSOLUTIONS SYSTEMS,TBDQ
SERARASOLUTIONS INDUSTRIES,ZMWMU
RIVORIINDUSTRIES GLOBAL,JMJRA
SILOLAINDUSTRIES RESOURCES,FLTW
HELIORIINDUSTRIES HOLDINGS,JDTC
NEXARAENTERPRISES PARTNERS,ABH
ALTOVISOFT CAPITAL,YBGQ
VALENVILABS FINANCIAL,JOIK
SERAVITECH FINANCIAL,LEMNF
VORATASYSTEMS LIMITED,EFUSU
ALTOSASYSTEMS VENTURES,WMB
LUNOTAINDUSTRIES VENTURES,OWZY
LUNOTASYSTEMS & CO,QHB
QERASOLUTIONS CAPITAL,CKRV
RIVORAPARTNERS LIMITED,JCMN
SERASAPARTNERS PARTNERS,QJZ
ALTOMOCORE GLOBAL,XYO
HELIOLATECH SYSTEMS,QDGT
CYRATAPARTNERS SYSTEMS,TLNNV
VALENMOSOFT HOLDINGS,YLGGF
SERATAENTERPRISES INC,SPBB
HELIOSAENTERPRISES & CO,CGYN
CYRATAWORKS INC,WJL
FINAWORKS INTERNATIONAL,KATSJ
NAVOCOSOFT INC,PEB
VELASACORE PARTNERS,AYTE
ZYRALOTECH GLOBAL,OEAB
CORARAPARTNERS HOLDINGS,JKYA
QERASAENTERPRISES CAPITAL,JBCZY
MIRARITECH INDUSTRIES,JXINI
SOLACOPARTNERS INTERNATIONAL,RUYLA
VONASOLUTIONS INTERNATIONAL,JJHZ
NAVOMOLABS GLOBAL,HEKXS
VONASOLUTIONS & CO,PHUX
ALTORAINDUSTRIES CAPITAL,UYPNP
QERALASOLUTIONS GLOBAL,GJO
ZENILOSYSTEMS INC,ADPCF
ASTRARAWORKS FINANCIAL,YEAD
VORALABS GROUP,QQUT
BREOSAPARTNERS INC,XTW
SOLATACORE PARTNERS,EDB
ZENITATECH CAPITAL,HPSRU
NOVASOFT GROUP,XTHAF
SOLALAENTERPRISES INTERNATIONAL,PZR
ALTOMOCORE INDUSTRIES,CETPB
SOLASOLUTIONS SYSTEMS,DUGHV
NEXALAVENTURES SYSTEMS,ILQDJ
ASTRALOPARTNERS GLOBAL,KBZ
NEXASAPARTNERS GLOBAL,XMM
NEXAENTERPRISES INDUSTRIES,LKWHV
LUNOLOLABS PARTNERS,IJW
KORACORE HOLDINGS,FTVIZ
VELARAPARTNERS SYSTEMS,HKI
NAVONAINDUSTRIES INTERNATIONAL,XRUR
QERAGLOBAL SYSTEMS,VPSIE
QERANASOLUTIONS HOLDINGS,JKN
CORARASOLUTIONS LIMITED,YXTE
VALENNATECH RESOURCES,AZQIA
SOLAVENTURES INTERNATIONAL,MUTGV
RIVOTATECH RESOURCES,JSGJW
LUMAENTERPRISES LIMITED,BHTSM
ZYRATALABS & CO,PBR
VORALAPARTNERS FINANCIAL,MQQZX
SERASALOGIC GLOBAL,PAHWQ
VALENLOCORE FINANCIAL,CDTIT
MIRARILOGIC RESOURCES,FUYGL
TERARILOGIC HOLDINGS,UZJG
ALTOLACORE GROUP,ZFBBF
BREOMOPARTNERS INTERNATIONAL,HBOU
VALENVENTURES GLOBAL,UPMJK
FINARISYSTEMS PARTNERS,SOQUG
VELACOTECH INC,TSHW
LUMAVIVENTURES LIMITED,CTQA
CORANAENTERPRISES CAPITAL,XIGSV
PENTARIWORKS RESOURCES,DCP
ASTRAVILABS PARTNERS,GEJJG
BREOMOINDUSTRIES FINANCIAL,EOTZU
VORAVENTURES & CO,HKPA
NOVASOLUTIONS RESOURCES,HPGB
NAVOVITECH FINANCIAL,JNB
VALENLOPARTNERS INDUSTRIES,SXRAR
ZYRALOTECH SYSTEMS,PTOPT
VORAMOWORKS CAPITAL,IEX
SERAMOLOGIC GLOBAL,YOO
BREOSATECH SYSTEMS,XAM
PENTAVITECH CAPITAL,HJG
ZYRASALABS FINANCIAL,IINO
VONALOGLOBAL FINANCIAL,XAFV
PRIMOMOLABS INDUSTRIES,PCTJJ
TERALOVENTURES CAPITAL,PAHNV
VORAENTERPRISES CAPITAL,YHFR
ARGORASOFT INDUSTRIES,CMLCS
ARGOSOLUTIONS GROUP,QHNI
LUNOCOENTERPRISES INDUSTRIES,BTI
HELIOTASYSTEMS & CO,AOUT
MIRACOLOGIC PARTNERS,YPEBE
PENTAWORKS INDUSTRIES,YAIVX
CORACOPARTNERS INC,OMZ
KORALAVENTURES RESOURCES,SDJC
CYRAENTERPRISES INC,UYAA
KORASALOGIC RESOURCES,JEKPF
ZENILACORE GROUP,LDVI
ORIONLAWORKS PARTNERS,CCCS
LUNORAGLOBAL RESOURCES,WLKG
HELIORISYSTEMS RESOURCES,MTGK
FINAMOSOLUTIONS LIMITED,OHN
NEXASASYSTEMS INDUSTRIES,KZM
TERALABS CAPITAL,KZGKN
NEXANALABS INC,AKFW
ORIONCOWORKS & CO,JNNUU
MIRAVISYSTEMS INC,RZEB
VORALALABS LIMITED,QHFL
NEXARILOGIC PARTNERS,HUEXT
CORALABS & CO,PXMSG
ALTOLOWORKS INDUSTRIES,VVJ
NEXAMOINDUSTRIES FINANCIAL,WIGSS
ALTOLOSYSTEMS HOLDINGS,GKH
NEXAVIENTERPRISES HOLDINGS,FEWUW
ALTOMOGLOBAL GROUP,MOY
CYRARAGLOBAL FINANCIAL,SGKR
PRIMOMOTECH PARTNERS,XTE
NOVARAVENTURES VENTURES,UFXM
ALTOTAWORKS INDUSTRIES,XMG
NAVOLOSYSTEMS & CO,WHRPR
LUMARAPARTNERS FINANCIAL,KWJTU
VORAMOLABS PARTNERS,WBFK
ZENILOSOFT GLOBAL,WAS
NOVARIVENTURES FINANCIAL,YJAM
VORATAENTERPRISES & CO,MULA
ZENILOVENTURES INTERNATIONAL,MPCZ
NAVOLOWORKS GROUP,WLNM
VELARASOLUTIONS LIMITED,QVTB
ARGOLOSOLUTIONS PARTNERS,XKOPV
SILONALOGIC FINANCIAL,ACC
NEXASOFT VENTURES,ZFP
ZENIMOGLOBAL GROUP,KOYC
RIVOVILABS RESOURCES,FAX
VORALAGLOBAL RESOURCES,SOH
NOVAVIVENTURES INTERNATIONAL,OYG
VALENNAINDUSTRIES INDUSTRIES,TSZAB
NEXALOLOGIC GROUP,EAT
ZYRALOSOLUTIONS INDUSTRIES,CILCJ
LUMAINDUSTRIES SYSTEMS,ROMEI
KORACOSOLUTIONS VENTURES,EAFM
LUNOLACORE INC,LNHJ
VONAINDUSTRIES GROUP,DSV
VONALOSOFT & CO,IGA
PENTANAWORKS FINANCIAL,SUA
LUNOCOSOFT LIMITED,TTXG
PENTANALOGIC INTERNATIONAL,BXHF
VELATAGLOBAL CAPITAL,FJJI
ORIONCOSOLUTIONS VENTURES,AYB
SILOVIVENTURES CAPITAL,ALOUC
NAVOSAPARTNERS INC,JFNX
LUNOCOSYSTEMS & CO,SLHDP
SILONAPARTNERS RESOURCES,PMDSD
VORACOLOGIC CAPITAL,GXJ
SILOLABS PARTNERS,SKOQD
LUMANASYSTEMS & CO,VSYU
ZENIENTERPRISES HOLDINGS,JDAI
ORIONSASOLUTIONS SYSTEMS,FJKFU
RIVOLOTECH SYSTEMS,IUDIW
VALENVIVENTURES CAPITAL,CUXAC
ALTOCOLOGIC INTERNATIONAL,GYRS
CYRATAINDUSTRIES GROUP,KPFMF
VONACOSOLUTIONS SYSTEMS,PTAD
SILOLASOLUTIONS CAPITAL,SOC
VALENLOSOLUTIONS VENTURES,NDBTO
VORANAVENTURES & CO,KFX
KORATALOGIC INC,YZRA
QERALATECH FINANCIAL,KWG
VORASAVENTURES INC,NRXF
ZYRACOINDUSTRIES CAPITAL,PINDQ
ALTOLOSYSTEMS INTERNATIONAL,QSYU
NAVORIVENTURES INC,YRQG
SILORICORE & CO,XWHU
SILORAINDUSTRIES INTERNATIONAL,YKR
VALENSAVENTURES & CO,YBKEV
QERATECH INC,GMS
ZYRARISYSTEMS INTERNATIONAL,LONRW
LUNOTASOLUTIONS RESOURCES,NYIWF
HELIONAENTERPRISES LIMITED,SPGWH
VELANAINDUSTRIES FINANCIAL,RWKS
SILOTAPARTNERS GLOBAL,GJUXO
SOLALOWORKS GLOBAL,SSP
ZYRALOGIC INC,SEHJZ
ZENICOLOGIC FINANCIAL,OZCXQ
LUMALASOFT SYSTEMS,WKIRJ
VORASAWORKS INTERNATIONAL,XID
ORIONNASOFT VENTURES,RHXWC
TERAVISOFT HOLDINGS,CUEXY
ORIONINDUSTRIES GROUP,XAWLF
ALTONALABS CAPITAL,DPNT
RIVONALOGIC INTERNATIONAL,CPX
VALENRALOGIC INDUSTRIES,DESVX
SOLALALABS HOLDINGS,TCIDQ
ZYRASAINDUSTRIES PARTNERS,RKCWC
ZENIVILABS & CO,UJZEN
KORATAWORKS VENTURES,IZOO
VONASACORE GLOBAL,NGLRV
CORAMOTECH GROUP,TQNPE
CYRARIVENTURES VENTURES,GRZNO
VELALALABS HOLDINGS,PSG
LUMARASOLUTIONS RESOURCES,FSYK
ZYRAVIINDUSTRIES GLOBAL,GMOZF
HELIOLOGIC SYSTEMS,QTI
ALTORALOGIC VENTURES,ICXW
VONASAPARTNERS CAPITAL,PYQRN
BREOTALABS LIMITED,WQWCR
LUNOCOLABS INTERNATIONAL,QVXC
CYRAVISYSTEMS VENTURES,ZKL
ARGOCOGLOBAL INC,UBZ
QERAMOLOGIC INDUSTRIES,SYNW
ALTONAENTERPRISES INC,WULH
NEXARAINDUSTRIES INC,NFFEE
ALTORIPARTNERS INDUSTRIES,QMSR
PRIMOLOPARTNERS LIMITED,HRM
SERARASOFT SYSTEMS,SCFFE
ARGORIGLOBAL RESOURCES,XIAC
LUMAINDUSTRIES GLOBAL,GTFV
CYRAVIINDUSTRIES PARTNERS,QOO
VORALOGIC SYSTEMS,BIEUV
NAVOCOCORE PARTNERS,YJSP
ZYRARIENTERPRISES INC,NAZXD
ASTRATECH & CO,IOGP
ALTOVILABS FINANCIAL,DAM
SERALABS CAPITAL,ZONFZ
NEXASASOLUTIONS CAPITAL,KUFT
VALENMOTECH LIMITED,DXT
VALENRASOFT INTERNATIONAL,TTDB
VORAINDUSTRIES RESOURCES,OOBCL
VONASASYSTEMS VENTURES,BUEA
CORATECH INTERNATIONAL,KAYC
QERAWORKS HOLDINGS,QCYOF
SOLAMOLABS HOLDINGS,ZJVWB
NAVORITECH INTERNATIONAL,SGCTB
ZYRACOLABS RESOURCES,HFDR
QERAMOSOFT INDUSTRIES,PFW
VORAGLOBAL GROUP,MRNFT
TERARACORE SYSTEMS,TVEPS
BREORILOGIC FINANCIAL,FVGL
ARGOTAWORKS PARTNERS,YMN
ZENIRIINDUSTRIES SYSTEMS,VJLCC
ZYRAWORKS FINANCIAL,CRDKN
KORANAWORKS GROUP,IRVV
SERARAVENTURES INDUSTRIES,TKLR
PRIMONALABS INTERNATIONAL,IFNWM
PRIMOCOPARTNERS SYSTEMS,BMVW
LUNORASYSTEMS VENTURES,HPL
SOLANAINDUSTRIES CAPITAL,VPLVT
QERASOFT GROUP,NDAYI
VELALOLABS INC,MKEKH
PENTACOINDUSTRIES CAPITAL,BCBMV
SERALOGIC & CO,FXIN
VALENNASOLUTIONS INDUSTRIES,QJMNV
RIVONASOLUTIONS GLOBAL,ZAF
VORASYSTEMS GROUP,GRPG
KORARIGLOBAL PARTNERS,CAH
MIRANAVENTURES FINANCIAL,QWT
ORIONCOCORE CAPITAL,AMZU
FINASYSTEMS GLOBAL,LICJ
LUMAVIWORKS PARTNERS,SZZG
ZENIVIINDUSTRIES VENTURES,SJFOK
VORATAWORKS CAPITAL,KXDC
ORIONTAINDUSTRIES GLOBAL,HRZ
MIRAGLOBAL INTERNATIONAL,UHKEZ
MIRACOWORKS CAPITAL,ZUDLQ
QERAVIVENTURES HOLDINGS,OUR
VELANAGLOBAL GROUP,VGDNJ
ORIONLABS INTERNATIONAL,STYG
QERALOSOLUTIONS GLOBAL,BRGUM
VELASASOLUTIONS RESOURCES,UDET
ORIONRISYSTEMS HOLDINGS,KYMCH
LUNORIENTERPRISES & CO,KIG
MIRAVIVENTURES PARTNERS,LGKH
RIVOLAPARTNERS VENTURES,THLA
SOLARASOLUTIONS INTERNATIONAL,KWFKV
HELIOLATECH INDUSTRIES,TBYS
VALENSOFT INTERNATIONAL,PHXYZ
ORIONVIINDUSTRIES INTERNATIONAL,YWACF
PENTARAGLOBAL PARTNERS,VLEA
FINAVIINDUSTRIES GLOBAL,QGXBQ
HELIOMOSOLUTIONS GLOBAL,UDFMJ
HELIOSAPARTNERS LIMITED,GDHG
VELALOPARTNERS LIMITED,LBNH
ASTRAVIINDUSTRIES LIMITED,ILKF
HELIOLOLABS CAPITAL,MZNX
LUMAGLOBAL INTERNATIONAL,SIX
ARGOTAENTERPRISES RESOURCES,ZQMC
KORAMOINDUSTRIES VENTURES,YXSUI
VONASOFT FINANCIAL,SPHXV
KORALAVENTURES INDUSTRIES,NNVDH
LUNOSALOGIC HOLDINGS,IVH
PENTACOENTERPRISES GLOBAL,HINUV
ARGOSASOFT INC,VCM
NAVOVENTURES SYSTEMS,SASI
SILONAWORKS CAPITAL,XFZ
VONATECH LIMITED,MPL
NAVOCOLABS GROUP,QYN
VALENRIWORKS GLOBAL,UVJUW
ALTOWORKS RESOURCES,LMF
NEXALAPARTNERS & CO,BEQE
MIRATAVENTURES RESOURCES,NPPM
ALTOVENTURES & CO,TWPH
PRIMOTAPARTNERS GROUP,YQN
SERASASOFT FINANCIAL,NLDP
FINASOFT PARTNERS,IDXZ
VALENNAINDUSTRIES & CO,RCB
ARGOSALABS & CO,KAN
NEXALOVENTURES LIMITED,ZARVY
TERACOLABS HOLDINGS,BSGG
ZENICOENTERPRISES PARTNERS,OONHY
ALTOCOWORKS & CO,MCNDZ
ORIONVIWORKS FINANCIAL,OUSSF
BREOTASOFT VENTURES,LEMSV
ARGORIVENTURES PARTNERS,IZFUT
ARGORISOFT CAPITAL,TRL
LUNOTAWORKS GLOBAL,QTUU
SERAPARTNERS SYSTEMS,XUFSX
ZYRACOSOFT CAPITAL,FYKAQ
VONALASOLUTIONS INC,REY
KORARASYSTEMS CAPITAL,UUCS
VONAMOSYSTEMS GLOBAL,RWYEA
ORIONVISOLUTIONS & CO,MOIYZ
BREOTAENTERPRISES HOLDINGS,PQMFE
ARGOMOCORE LIMITED,VQV
LUMALOGIC PARTNERS,SKWD
KORAVIGLOBAL GROUP,RBB
SOLAGLOBAL INC,EKRP
ORIONNAVENTURES PARTNERS,IZGMS
VALENNALABS HOLDINGS,SSZ
LUMACOSOFT VENTURES,FNXG
VALENLOGLOBAL CAPITAL,JULF
SILONALABS RESOURCES,HUJB
ORIONSAVENTURES RESOURCES,AAQC
ZENINAPARTNERS VENTURES,HES
MIRANAENTERPRISES INDUSTRIES,XVDKX
NOVARAENTERPRISES LIMITED,UFBI
ALTOPARTNERS RESOURCES,UUCAO
LUMARIPARTNERS RESOURCES,KEE
CYRAMOPARTNERS GROUP,ILASD
ORIONVIGLOBAL VENTURES,INJ
HELIOCOVENTURES & CO,QWLPH
NAVORASYSTEMS FINANCIAL,FFL
TERAMOINDUSTRIES INC,MJWXL
HELIOTASOLUTIONS INTERNATIONAL,NVUU
NOVALOTECH RESOURCES,TLWVO
FINARILABS CAPITAL,APP
VONALOSOFT SYSTEMS,RHF
ORIONNAGLOBAL PARTNERS,DPR
CORAMOPARTNERS RESOURCES,BHYD
CYRACORE INC,FBO
VELAPARTNERS VENTURES,FUNZ
MIRAVICORE INC,NVNS
PENTAVILOGIC INDUSTRIES,SLLJN
NEXAVISOFT & CO,ZJLP
MIRASOLUTIONS FINANCIAL,AZF
NOVALOTECH GROUP,XVQ
NEXASAENTERPRISES INTERNATIONAL,XXFV
TERARALABS HOLDINGS,BZZ
MIRANAINDUSTRIES GROUP,NKDFY
VORACOENTERPRISES GROUP,SYNY
HELIOCOPARTNERS FINANCIAL,SUHO
PENTANAENTERPRISES GROUP,WYXQG
CORARISYSTEMS RESOURCES,DZOLJ
VONAVILOGIC VENTURES,XFCJ
CYRALACORE INDUSTRIES,JRQYH
RIVOSOFT FINANCIAL,FEERE
HELIOSACORE HOLDINGS,FEO
TERALASYSTEMS GROUP,RHZDX
NEXANALABS VENTURES,NQIOP
ARGOSOLUTIONS FINANCIAL,OQRR
PRIMORILOGIC PARTNERS,DBDH
QERASOFT HOLDINGS,HBV
LUMATAPARTNERS GLOBAL,CREHL
PENTANAGLOBAL RESOURCES,LCBBO
PENTAVIINDUSTRIES HOLDINGS,GVR
KORARIVENTURES GLOBAL,NCH
LUNOCOTECH VENTURES,HMYYV
TERANASOLUTIONS VENTURES,MXMZ
PRIMORALOGIC VENTURES,ZOCM
VELALAENTERPRISES CAPITAL,GNIFH
TERASALABS INDUSTRIES,PQP
ORIONTALOGIC GLOBAL,RAYJ
KORALALABS LIMITED,SDBJ
SILOWORKS INTERNATIONAL,WPCAJ
SILOSOFT INC,ONE
VONALASYSTEMS & CO,HJYKP
SERATASYSTEMS PARTNERS,AHPZ
RIVOVISOLUTIONS PARTNERS,EWN
VALENLAVENTURES FINANCIAL,RFV
VONASACORE SYSTEMS,ODY
VALENVIVENTURES HOLDINGS,JICY
ASTRAINDUSTRIES GROUP,WYDI
CORARALOGIC GLOBAL,ZLT
PRIMORILABS INDUSTRIES,BSBL
PRIMOSALOGIC PARTNERS,TIKB
SERACOPARTNERS INC,UYV
ALTOWORKS PARTNERS,DBAOJ
LUMASOFT HOLDINGS,AMR
TERATASOLUTIONS GROUP,EAF
CYRANASOFT INTERNATIONAL,BSJ
VORANAWORKS FINANCIAL,QZMP
NAVOPARTNERS FINANCIAL,AYXN
BREOCORE VENTURES,XJN
ALTONATECH GLOBAL,FOWV
ARGOTAPARTNERS FINANCIAL,ICRM
VELATALOGIC FINANCIAL,JKL
CYRACOCORE CAPITAL,MOI
LUNOVIINDUSTRIES INTERNATIONAL,MDGGP
RIVOTECH HOLDINGS,KQN
VALENLOGIC INC,WWMUJ
PENTARILABS GLOBAL,WSZSG
SOLARALABS GLOBAL,YYM
QERATASYSTEMS HOLDINGS,PQY
PENTATAENTERPRISES & CO,QQVKD
ZYRAMOPARTNERS INC,AWBE
NOVAMOENTERPRISES SYSTEMS,SQCJJ
SERATALABS INC,MZNW
NAVOLATECH HOLDINGS,QXF
SOLASASOFT VENTURES,XQGLT
ASTRANAPARTNERS RESOURCES,RZXR
HELIOTASOFT INTERNATIONAL,MUXR
ARGOCOLOGIC & CO,QCXK
NAVORAPARTNERS & CO,QVIN
ORIONRALOGIC VENTURES,IFPA
CYRARIVENTURES INC,UAHMM
VONARATECH INC,JFW
TERASALOGIC INDUSTRIES,KTG
KORANAWORKS CAPITAL,KYMKW
NOVAENTERPRISES CAPITAL,HOWF
VALENLOTECH & CO,DATKB
NOVALOLOGIC HOLDINGS,CMBFG
VONANAVENTURES INTERNATIONAL,GSC
VORARIINDUSTRIES GROUP,YSUH
PRIMONASYSTEMS GLOBAL,ZMMAP
PENTACOINDUSTRIES LIMITED,ZWH
VALENCOSYSTEMS GROUP,YBPZ
ASTRASALOGIC GROUP,KDZG
VORAMOENTERPRISES RESOURCES,OPR
NOVANALABS INDUSTRIES,QAW
KORACOLOGIC LIMITED,XTKVU
SERASAENTERPRISES CAPITAL,LYBH
TERALALABS SYSTEMS,IIVHW
FINANAINDUSTRIES & CO,NGPX
PENTALAENTERPRISES HOLDINGS,QZJ
SILORASYSTEMS INTERNATIONAL,CIJ
NAVOENTERPRISES SYSTEMS,XGOWR
ZYRALALABS CAPITAL,XPD
CORATAINDUSTRIES CAPITAL,WZSZF
SILOMOGLOBAL INC,OJZGE
LUMANALOGIC INC,KMW
VONARISYSTEMS PARTNERS,EEDW
BREOLOENTERPRISES & CO,OOG
TERALASYSTEMS HOLDINGS,BMN
BREOLAENTERPRISES GLOBAL,IFXU
KORAVILOGIC PARTNERS,GUV
VELANALOGIC CAPITAL,QQL
CORAVIPARTNERS GROUP,VQZEA
VELATAINDUSTRIES GROUP,OGD
FINAMOVENTURES VENTURES,FNVR
FINARIINDUSTRIES SYSTEMS,BMVHI
QERARAINDUSTRIES RESOURCES,MTUN
FINAVIVENTURES GLOBAL,FPL
MIRALAGLOBAL PARTNERS,EWPDJ
SERARILABS HOLDINGS,WGHQR
NAVOLABS INC,RSP
BREOVIVENTURES RESOURCES,SUY
VALENNASOLUTIONS CAPITAL,NXDYL
NEXAVIINDUSTRIES PARTNERS,EPXW
LUNOCOTECH CAPITAL,GKTHZ
ASTRASALOGIC SYSTEMS,XTYYA
ALTOSYSTEMS HOLDINGS,JDHLX
RIVOCOLABS GLOBAL,ZEFP
VELARILABS VENTURES,AJHAZ
ALTOTACORE INTERNATIONAL,BBOE
ZENICOSOLUTIONS GLOBAL,XETGF
CORALASOFT VENTURES,JNLU
ARGOTALOGIC VENTURES,YZR
LUMASAWORKS GROUP,BYYX
FINALASYSTEMS INDUSTRIES,MRNR
SILOWORKS PARTNERS,IDPY
LUNONATECH INC,IBSF
VONAPARTNERS HOLDINGS,OWIM
PENTARISYSTEMS VENTURES,QYRT
VONAVICORE INC,LGJ
NOVALAINDUSTRIES SYSTEMS,OYN
ZYRAPARTNERS HOLDINGS,YFSW
ZENILOCORE FINANCIAL,VGDA
HELIOSYSTEMS VENTURES,VYGOA
RIVOTECH GROUP,VFNP
SERAMOSYSTEMS SYSTEMS,KNAQR
VELASASOFT RESOURCES,RSSI
NOVALATECH CAPITAL,TZRH
VONANAENTERPRISES INDUSTRIES,LMXW
RIVOSAENTERPRISES HOLDINGS,HNWT
VORALOGLOBAL RESOURCES,KGADO
VORASATECH HOLDINGS,YRU
HELIOCOPARTNERS INTERNATIONAL,EPYUZ
ASTRAVISOFT RESOURCES,POTUQ
ORIONSAVENTURES INC,WOX
SERAVICORE FINANCIAL,QNHY
VALENVITECH INTERNATIONAL,SDUTP
VORACOTECH INDUSTRIES,UUGQH
PRIMOLOLOGIC PARTNERS,KPX
CORAWORKS HOLDINGS,XCXXQ
HELIOVIINDUSTRIES HOLDINGS,TRG
LUNOCOTECH HOLDINGS,MPF
NOVARITECH INDUSTRIES,UTS
NOVALOVENTURES LIMITED,EUSHN
KORARISYSTEMS PARTNERS,WOQGV
VALENCORE RESOURCES,GSHB
NAVORAVENTURES HOLDINGS,OQYAN
LUMASOFT GLOBAL,CNEV
SERALASYSTEMS HOLDINGS,YWBMU
HELIOTECH SYSTEMS,WWZZ
NOVARATECH GROUP,XIM
ARGOCOLOGIC VENTURES,HRI
ZENITAWORKS RESOURCES,YEG
SILOLOINDUSTRIES PARTNERS,LMDZ
PRIMOTECH INDUSTRIES,NMTAV
VORATALOGIC VENTURES,KMMT
MIRALAPARTNERS INTERNATIONAL,IBH
PENTACOINDUSTRIES RESOURCES,UVFSX
LUMARALOGIC CAPITAL,TFFDI
SERAVIWORKS VENTURES,LYBFD
CORALOLOGIC FINANCIAL,TBUYN
SOLAVIINDUSTRIES INTERNATIONAL,CBBZF
ALTOMOTECH GLOBAL,ARS
NOVAMOENTERPRISES VENTURES,VWQSK
ORIONLAWORKS FINANCIAL,JVQEI
KORARISOLUTIONS SYSTEMS,ONVAL
ORIONLASOLUTIONS RESOURCES,MREE
ALTOPARTNERS SYSTEMS,YUP
TERAENTERPRISES VENTURES,RXY
VORALAINDUSTRIES INDUSTRIES,NIRB
LUNONASOLUTIONS CAPITAL,SFBK
HELIOMOWORKS CAPITAL,WHW
ALTORALOGIC HOLDINGS,KQHH
VELARITECH RESOURCES,SVEF
SILOCOCORE CAPITAL,PFUM
NAVOLOGIC FINANCIAL,KMZP
NOVAVISOLUTIONS INTERNATIONAL,MMKL
PRIMOMOTECH INDUSTRIES,JUGK
CYRALASYSTEMS VENTURES,YFDDZ
PENTALOGLOBAL GLOBAL,ZZEA
ALTOCOLABS VENTURES,ILAN
CYRARIGLOBAL VENTURES,NNPB
CORARISOLUTIONS INDUSTRIES,UKZOM
SERAVISOLUTIONS VENTURES,BNB
PENTAINDUSTRIES LIMITED,WFVTT
NEXALOCORE CAPITAL,LBEEA
TERALALABS GROUP,KUCRF
VORALOGIC LIMITED,YKNA
NEXASATECH CAPITAL,WNDP
ARGOSASOFT PARTNERS,XCGTW
LUNOLOGIC GLOBAL,EYW
SERASOLUTIONS LIMITED,XKKS
ARGOTASYSTEMS HOLDINGS,HELDU
ZENILALABS GLOBAL,LSX
ZYRASATECH GROUP,OIAEY
SOLAPARTNERS PARTNERS,ZFPAK
VONATAWORKS & CO,MIXZD
BREONAGLOBAL INTERNATIONAL,HIAJQ
NEXATATECH SYSTEMS,AEAA
CYRATASOFT RESOURCES,IXA
TERATAWORKS GLOBAL,PDHDG
NEXAMOENTERPRISES GROUP,BDZLX
ASTRAMOSOFT PARTNERS,FARS
FINASOLUTIONS PARTNERS,SVG
HELIOTECH LIMITED,DKO
SILOMOLABS INC,IWJXA
NAVORAGLOBAL LIMITED,MOD
CORAVISYSTEMS CAPITAL,JED
NEXANACORE CAPITAL,TBBS
PENTARICORE SYSTEMS,BSTO
SOLASOLUTIONS INC,FPCKZ
PENTACOCORE PARTNERS,GDPNL
ZENISASOLUTIONS INTERNATIONAL,AQB
CORASOFT CAPITAL,ECGOT
VONAMOGLOBAL GROUP,VUTUI
LUNOCORE VENTURES,HJY
LUMAVIWORKS INTERNATIONAL,XJV
CYRASOFT INC,VNCV
PENTACOINDUSTRIES INDUSTRIES,OKY
ASTRALOINDUSTRIES SYSTEMS,IIA
PRIMORIPARTNERS FINANCIAL,YVBCT
KORARASYSTEMS INC,LTHQ
ZENINAGLOBAL INC,FCI
VONAMOSOFT VENTURES,KIM
VELARAENTERPRISES INDUSTRIES,CNU
VELACOSOLUTIONS RESOURCES,NUKFJ
LUMAVILOGIC LIMITED,KXEZC
HELIORILOGIC HOLDINGS,EPD
RIVORALOGIC GLOBAL,IQBSF
VALENRALABS RESOURCES,ZUXW
CYRASALABS RESOURCES,DQTZW
QERALOGLOBAL INC,NAVE
VORACOCORE GROUP,BECUQ
VONASYSTEMS VENTURES,UVN
QERAPARTNERS PARTNERS,YKOFA
QERARAVENTURES GROUP,BBPSH
ALTONAINDUSTRIES FINANCIAL,UAXFH
CORATAINDUSTRIES & CO,XTHGW
SILOMOLABS PARTNERS,AQNNM
CORAPARTNERS RESOURCES,KXYVD
PRIMOCOSYSTEMS RESOURCES,VFSAF
SOLALASOLUTIONS CAPITAL,DIL
SILOCOVENTURES CAPITAL,FNCH
VORASAGLOBAL INTERNATIONAL,ESYI
SOLASAWORKS LIMITED,FXMF
NAVOCOPARTNERS LIMITED,OXTM
CYRAMOSOFT PARTNERS,CGM
RIVOLATECH SYSTEMS,ZZKH
TERARIENTERPRISES SYSTEMS,ALL
NAVOLAWORKS VENTURES,AUAM
CORATATECH GLOBAL,MKXYM
VORAVICORE INTERNATIONAL,KATQA
NOVAENTERPRISES LIMITED,JKI
SERAVIVENTURES GLOBAL,INZHV
KORALOSOLUTIONS RESOURCES,NEB
KORAMOINDUSTRIES LIMITED,TRO
PENTAVIENTERPRISES HOLDINGS,UQSHT
ALTOLOINDUSTRIES SYSTEMS,BGJ
MIRASYSTEMS GROUP,TSNA
KORACOVENTURES INTERNATIONAL,HANY
VONANATECH GROUP,FRBZ
ALTORAPARTNERS HOLDINGS,WVCN
QERASAVENTURES HOLDINGS,WSWEJ
ORIONTATECH SYSTEMS,LIFA
VONASASOLUTIONS GROUP,EJC
SILORAWORKS GROUP,OYMH
FINALOSYSTEMS & CO,MANOB
RIVOVIWORKS GROUP,YEDH
FINANAPARTNERS INC,WSUDG
ASTRAMOSOLUTIONS PARTNERS,WPB
SOLANASOLUTIONS VENTURES,LYXEU
SILOLOWORKS INDUSTRIES,FEXK
PENTARASOLUTIONS SYSTEMS,HWNNR
SOLATASOFT GROUP,QPF
MIRALAENTERPRISES INC,RJRYG
FINACORE INTERNATIONAL,PDD
VALENTAVENTURES HOLDINGS,RVK
LUMANASOFT GLOBAL,NJTS
CORARAENTERPRISES SYSTEMS,NOOB
ALTORILOGIC INTERNATIONAL,BUEH
HELIOMOGLOBAL FINANCIAL,CGYXF
SOLALALABS VENTURES,WVDO
VELARILOGIC RESOURCES,YDR
ORIONRILOGIC GROUP,ERZCL
ALTOCOSOLUTIONS INC,QESF
LUNORILOGIC SYSTEMS,YCIH
VONANAINDUSTRIES INC,EVVOV
SILOSAENTERPRISES VENTURES,QPPAR
NOVALAGLOBAL INDUSTRIES,AEE
ZYRAMOVENTURES INC,FNAQ
TERAINDUSTRIES INC,KNEB
VELACORE GROUP,AJHF
NEXARASOLUTIONS CAPITAL,ZIJCJ
KORASALABS VENTURES,OJWE
HELIOLAVENTURES HOLDINGS,HAO
TERASACORE CAPITAL,EPTOQ
HELIORAENTERPRISES INTERNATIONAL,HXZ
VALENMOGLOBAL GLOBAL,ZTQ
MIRASAPARTNERS SYSTEMS,DJB
BREOMOVENTURES INTERNATIONAL,ZGDAT
SOLALOWORKS CAPITAL,BHI
HELIOLOGLOBAL HOLDINGS,LFK
FINAVIWORKS GLOBAL,QZD
PENTANASOFT INTERNATIONAL,EYXDR
NEXALABS INTERNATIONAL,SKS
NEXAWORKS CAPITAL,SUO
BREORACORE VENTURES,MHPY
BREOCOVENTURES GLOBAL,HOA
MIRASALOGIC INTERNATIONAL,YXQ
LUMASALABS INDUSTRIES,RMIW
HELIOVIINDUSTRIES INTERNATIONAL,IKFM
NEXASALABS INDUSTRIES,QQCLC
PENTARAINDUSTRIES SYSTEMS,HGVXW
PRIMORAVENTURES FINANCIAL,GCZ
NEXACORE PARTNERS,CXBOL
ORIONLABS GROUP,UDG
VALENRAWORKS INDUSTRIES,CAWG
VELALASOFT GLOBAL,FJL
RIVOMOVENTURES INDUSTRIES,WWK
CYRAVISOLUTIONS VENTURES,LVSKJ
NEXATAENTERPRISES VENTURES,FCYY
CORARIINDUSTRIES VENTURES,YRET
CORACOSOLUTIONS INC,FSXAN
VORAMOLABS HOLDINGS,ISFI
ARGOMOCORE PARTNERS,WGPSR
SERACOINDUSTRIES GROUP,YGB
ASTRAWORKS INC,BYYOG
BREOMOINDUSTRIES GROUP,JLMS
VORARIINDUSTRIES VENTURES,EONQ
BREONAVENTURES PARTNERS,HPX
PENTAPARTNERS RESOURCES,HVWNO
MIRALOGLOBAL INC,YSD
ARGONALOGIC PARTNERS,EKT
SILOLAPARTNERS GROUP,KDSYF
ALTORIENTERPRISES INTERNATIONAL,JJRR
VONAGLOBAL GROUP,VEXO
VELACOSYSTEMS VENTURES,FLA
CORASASOFT INC,RFSZ
ARGONALOGIC INC,YEYKK
HELIONALABS LIMITED,DFLG
QERALOSOLUTIONS FINANCIAL,BVP
VONANATECH RESOURCES,SUH
CORAVICORE GLOBAL,JKJLV
KORANACORE & CO,ZDVUK
ORIONVIVENTURES VENTURES,RNP
VELAMOSOFT HOLDINGS,NUJM
BREOVENTURES FINANCIAL,IEAQS
LUMACOGLOBAL INTERNATIONAL,TPW
QERALAGLOBAL INC,EAS
NOVALOGLOBAL GROUP,MWXD
ARGOVENTURES CAPITAL,MFH
NOVARISOLUTIONS & CO,KNL
MIRALOPARTNERS SYSTEMS,TNVPT
BREOLALABS & CO,JHYT
QERATATECH RESOURCES,NCU
ASTRALABS LIMITED,UHRPG
NEXALALABS INTERNATIONAL,RYIQR
LUMACOENTERPRISES VENTURES,LJAI
NOVASASOLUTIONS PARTNERS,MYDTW
NAVOSAWORKS INTERNATIONAL,TYP
RIVORATECH INTERNATIONAL,JBYND
PRIMONALABS VENTURES,MIC
VELATATECH & CO,JVHC
NOVACOGLOBAL PARTNERS,RECY
ZENINAGLOBAL GLOBAL,VPTT
KORACOINDUSTRIES LIMITED,DWITU
LUMAMOLABS RESOURCES,QBO
PENTACOCORE INDUSTRIES,GON
ALTOCOVENTURES FINANCIAL,TFXY
ZYRARISOLUTIONS INC,IBLPP
VORANASOFT INDUSTRIES,ABJA
SERAMOCORE INTERNATIONAL,UXXHM
NEXAGLOBAL INDUSTRIES,JGB
CYRALOSOFT INTERNATIONAL,YSMH
ZYRACOINDUSTRIES INDUSTRIES,MRIX
ZYRAVICORE LIMITED,UJP
ALTONATECH GROUP,HEL
NOVALALOGIC INC,WJB
LUNOTAPARTNERS INTERNATIONAL,EMSFR
NAVOVITECH LIMITED,HHXR
BREOTALABS FINANCIAL,JMOCP
RIVOLOGIC PARTNERS,ETQH
TERALAVENTURES VENTURES,ORJK
ZYRARIGLOBAL SYSTEMS,BBMK
ALTOVENTURES GROUP,OHU
PRIMORITECH & CO,TLFZ
SOLALABS PARTNERS,WQU
LUMAVENTURES PARTNERS,CZDZ
SERALAPARTNERS GLOBAL,OOC
TERALOSYSTEMS RESOURCES,TUXQ
PENTALOWORKS GROUP,ZZEBZ
TERARASOLUTIONS CAPITAL,FDWJB
NOVANAVENTURES INTERNATIONAL,RVAN
RIVOLOWORKS LIMITED,TKEM
NAVORIPARTNERS PARTNERS,CLZBO
VALENSALOGIC RESOURCES,IWD
PENTAVIWORKS & CO,QAAV
ASTRACOSOFT INC,MTLKQ
VORALAINDUSTRIES HOLDINGS,JUG
ORIONRAVENTURES VENTURES,AGGP
TERAGLOBAL INC,TOA
ALTOVITECH INTERNATIONAL,LXWZ
SILORIINDUSTRIES RESOURCES,MCW
PRIMOSAENTERPRISES VENTURES,EKH
CYRALAINDUSTRIES FINANCIAL,RIDOL
SERATAGLOBAL SYSTEMS,OZJKE
LUNOVIINDUSTRIES GROUP,DCMNR
VONAVENTURES & CO,RQP
ORIONSOLUTIONS HOLDINGS,CSTDM
NAVORIWORKS VENTURES,SHSDN
CYRARAPARTNERS INDUSTRIES,TPX
HELIOSYSTEMS & CO,QCRM
RIVOLOCORE SYSTEMS,SJTQ
ASTRAVIENTERPRISES SYSTEMS,BLA
QERATAWORKS PARTNERS,YLD
ORIONLOENTERPRISES INC,PVL
SOLATECH RESOURCES,WFQMZ
CYRACOINDUSTRIES GLOBAL,XVKSD
PRIMOLOPARTNERS FINANCIAL,JVZP
SOLAVIINDUSTRIES INC,PGUE
FINARACORE LIMITED,HFMSQ
RIVOLOENTERPRISES GROUP,PPJ
FINALAPARTNERS INC,GGHX
ALTONAINDUSTRIES HOLDINGS,BHVGG
LUMALOSOLUTIONS INC,WBDBA
CYRALOSYSTEMS INTERNATIONAL,MBM
LUMANASOFT & CO,MPPDY
PRIMONASYSTEMS SYSTEMS,LZB
ZYRARASOLUTIONS PARTNERS,GJPMG
LUNOTAWORKS LIMITED,TZO
VORATAINDUSTRIES LIMITED,YPHUC
VONALOSOFT HOLDINGS,YLJP
KORALAVENTURES LIMITED,PALU
ARGORISOFT INC,VJA
MIRARIWORKS INTERNATIONAL,CHPKQ
VELATAWORKS & CO,BHK
ARGOVISOLUTIONS INC,CLVM
HELIONAPARTNERS INTERNATIONAL,EPOTX
LUMATECH VENTURES,BYYV
NEXALATECH GLOBAL,MOOYF
VONALAWORKS GROUP,QOE
ASTRAENTERPRISES GLOBAL,FNPIS
QERARILOGIC CAPITAL,JRLZH
VONANASOLUTIONS INC,FBKB
PENTACOLOGIC LIMITED,RQDUL
MIRARIENTERPRISES LIMITED,ONF
PENTAPARTNERS CAPITAL,EDOJC
ARGORIINDUSTRIES VENTURES,SWYSL
CORACORE INC,HMW
VALENRASOFT SYSTEMS,MNN
LUMACORE FINANCIAL,QDJVI
FINARILOGIC GLOBAL,NMIN
MIRASAPARTNERS GROUP,IRRQ
SILOCOTECH SYSTEMS,KTQQ
BREOSYSTEMS INTERNATIONAL,UTOLL
FINALASOFT LIMITED,XNH
KORACOVENTURES SYSTEMS,JSE
NEXARAWORKS FINANCIAL,XDAOC
PRIMOTACORE GROUP,TPWHG
NAVOCOSOFT PARTNERS,GYO
SOLALABS SYSTEMS,AAU
ORIONVILABS VENTURES,RSRRY
SILOLOSYSTEMS INC,RYZCZ
TERALOSOFT RESOURCES,KXSBA
NOVAINDUSTRIES HOLDINGS,BHEAD
FINARASOLUTIONS VENTURES,WZCP
ALTOSASOFT VENTURES,BJAE
NEXAVIGLOBAL HOLDINGS,TZG
HELIOLAPARTNERS CAPITAL,WBOZ
PRIMOLOGIC INC,SSE
CYRALOGLOBAL SYSTEMS,QCBP
LUNORATECH PARTNERS,ZSXYT
HELIONATECH HOLDINGS,YUGKO
PENTATASYSTEMS INTERNATIONAL,TOI
VALENTAGLOBAL GLOBAL,IIBHJ
NOVARISOFT GLOBAL,HUKWY
LUNORIENTERPRISES HOLDINGS,RWBBQ
VORARALABS INDUSTRIES,GITB
SILOTASYSTEMS VENTURES,UFRJV
VELAWORKS GROUP,UTH
FINARASOFT INDUSTRIES,TCXR
ARGOTECH HOLDINGS,LEE
FINALOGIC INDUSTRIES,MTLI
PENTATAGLOBAL FINANCIAL,ZER
CORALACORE GROUP,PWVB
NEXARAINDUSTRIES & CO,UFMM
SILOCORE & CO,KIT
VORATECH VENTURES,KWYP
SILOVISOLUTIONS GROUP,QYLF
QERALALABS RESOURCES,NDAP
CORAINDUSTRIES HOLDINGS,KYV
QERASASOLUTIONS FINANCIAL,FGIVE
ALTORASYSTEMS INDUSTRIES,BRPPB
ARGOVITECH CAPITAL,AOGA
VORARISYSTEMS SYSTEMS,JPO
VORALAGLOBAL CAPITAL,SXD
SOLANALOGIC INTERNATIONAL,WDCV
VONARAGLOBAL VENTURES,TGG
SOLALOTECH INDUSTRIES,COWWJ
ARGOCOGLOBAL INTERNATIONAL,BQQ
ORIONWORKS CAPITAL,BNXOM
TERATASOLUTIONS FINANCIAL,WSKAZ
SERAVILABS FINANCIAL,NIU
NOVASAINDUSTRIES GROUP,TQHM
KORACOCORE GROUP,TXBSC
NAVOCOVENTURES SYSTEMS,VICLM
CORALAENTERPRISES PARTNERS,FDYI
ZYRAVISYSTEMS INC,QAFG
ARGORIWORKS INTERNATIONAL,LLCSX
SOLASASOFT INDUSTRIES,EFHF
MIRACORE RESOURCES,ODMN
ZYRALOSOFT GLOBAL,XVD
ALTOCOENTERPRISES PARTNERS,OJMY
RIVOVIENTERPRISES RESOURCES,ROJJU
ZENILAGLOBAL GLOBAL,AFOP
ZYRANAVENTURES INC,BJN
ARGOLOINDUSTRIES GROUP,DPWAV
ZYRAVIENTERPRISES PARTNERS,POA
NAVOTASOFT PARTNERS,NVWV
LUMASASOLUTIONS RESOURCES,HMYQG
SERAMOSOFT GROUP,UQRM
ZENILOLABS GLOBAL,JIPH
SERACOCORE VENTURES,LQFY
KORATAPARTNERS INTERNATIONAL,MLKBL
VALENLOSOFT VENTURES,HAWH
QERACOSYSTEMS & CO,YPEQQ
LUMASYSTEMS & CO,SZG
VALENVISYSTEMS & CO,PHW
NEXARAGLOBAL HOLDINGS,ANOKI
LUNOVIINDUSTRIES INC,KOL
LUMARITECH RESOURCES,NPF
LUMASASOFT LIMITED,QEFGS
LUMAINDUSTRIES PARTNERS,KEEEE
SOLALAINDUSTRIES GLOBAL,POL
ASTRANASOLUTIONS FINANCIAL,NGT
ASTRATECH RESOURCES,SCPE
BREOTASOLUTIONS SYSTEMS,UKNF
LUMAWORKS GLOBAL,DTN
CORASACORE PARTNERS,DZHU
VALENNAWORKS INC,KQRJ
VELARIVENTURES PARTNERS,GCYUH
ALTOLASYSTEMS INC,FUF
ARGOVENTURES LIMITED,URLN
ARGOLOWORKS HOLDINGS,OEN
VELALOTECH RESOURCES,IVL
ASTRACOWORKS CAPITAL,UGVSX
PENTATECH CAPITAL,JMWD
LUMALATECH RESOURCES,NTWE
NOVANALOGIC GLOBAL,YAZG
NEXARAVENTURES HOLDINGS,WDA
VORARACORE CAPITAL,TSAUF
ZENIRISOLUTIONS SYSTEMS,WUTJJ
ZYRATACORE GROUP,ZID
KORAMOCORE INTERNATIONAL,QZMDX
SOLARICORE SYSTEMS,FUXL
ASTRATASOFT FINANCIAL,ZYBW
CYRARISYSTEMS HOLDINGS,EWEJ
ZYRARASOLUTIONS INDUSTRIES,ELCKA
ZYRAINDUSTRIES INDUSTRIES,OTEV
FINACOENTERPRISES INTERNATIONAL,ZDHJP
SILOPARTNERS VENTURES,VFYXB
VELARALABS PARTNERS,RYTWI
PRIMONASOLUTIONS RESOURCES,CUJ
NEXANAWORKS SYSTEMS,ZWV
VONALOGIC SYSTEMS,RVR
FINASYSTEMS INTERNATIONAL,TJHSA
NOVARILABS CAPITAL,XTV
HELIOLAGLOBAL GLOBAL,GOU
PRIMOLAWORKS LIMITED,RAL
SOLARALOGIC GLOBAL,JZKA
MIRARASOLUTIONS & CO,LPP
SILOTAWORKS PARTNERS,ZJQG
BREOCORE RESOURCES,JJE
SOLAGLOBAL GROUP,TKZ
PENTALABS SYSTEMS,UIF
ALTOLASYSTEMS GROUP,NWPUW
NAVOMOWORKS LIMITED,XJYKE
BREOVICORE HOLDINGS,OWAJG
ZYRARIINDUSTRIES INC,RAXI
ASTRAPARTNERS LIMITED,UWY
NOVAINDUSTRIES PARTNERS,EAPQ
QERACOGLOBAL RESOURCES,LJQU
VELASAGLOBAL GLOBAL,IDSPU
BREOLOLOGIC INDUSTRIES,JSMER
CYRALAINDUSTRIES PARTNERS,NGF
ZENIRICORE VENTURES,RMDYN
ASTRALAWORKS PARTNERS,VHQFP
BREOTALOGIC GLOBAL,FAFH
ARGOTALOGIC SYSTEMS,LFD
KORALOINDUSTRIES INC,SFDJ
VORATAENTERPRISES CAPITAL,XPLIE
ASTRASOLUTIONS GLOBAL,XIV
VONAVICORE VENTURES,ZOMLH
FINASYSTEMS CAPITAL,GWLAC
ASTRATECH INTERNATIONAL,WDG
BREORIWORKS FINANCIAL,QRY
FINALALABS RESOURCES,XLQZ
ZENIRILOGIC GROUP,WVGU
SOLAPARTNERS GLOBAL,PZPFP
MIRALOLOGIC PARTNERS,KMBB
VONARATECH GROUP,FME
TERATAINDUSTRIES INTERNATIONAL,FWU
ZYRALABS VENTURES,HXGI
ORIONMOCORE GROUP,QWQVB
QERANASYSTEMS GLOBAL,NCW
ASTRALOENTERPRISES PARTNERS,MHYQ
KORARIPARTNERS INDUSTRIES,WBFST
ZENISAINDUSTRIES CAPITAL,HTSU
SERASALABS SYSTEMS,JNT
VELANASOLUTIONS & CO,DXDOX
MIRALOSOFT LIMITED,MKTME
SOLASASOLUTIONS VENTURES,WZU
QERALABS INC,KFYI
SERAWORKS & CO,HZEDY
MIRARIGLOBAL INTERNATIONAL,JBN
CYRATASOLUTIONS SYSTEMS,UYBF
ARGORALOGIC INTERNATIONAL,SGQSL
RIVOLACORE CAPITAL,CVYIK
PENTANALOGIC GLOBAL,NRDV
VELASAVENTURES INTERNATIONAL,LJI
BREOLOPARTNERS RESOURCES,TDAGI
RIVOMOGLOBAL CAPITAL,QRHM
NAVOVICORE & CO,QOPIG
CYRALOSOFT INDUSTRIES,EXZG
ORIONVENTURES LIMITED,CWKC
ASTRALACORE GROUP,AXHYU
SERALABS VENTURES,NRHVV
VELACOLABS PARTNERS,ONJ
SOLANAENTERPRISES INDUSTRIES,FFPT
NEXAVIWORKS LIMITED,QZVKJ
ARGOVITECH GROUP,CDCEJ
QERARACORE GLOBAL,BVBBE
NEXASACORE RESOURCES,VHPI
ASTRATACORE FINANCIAL,SGJE
QERALOWORKS HOLDINGS,WRXD
VELARAENTERPRISES FINANCIAL,LZVSM
SERARIVENTURES LIMITED,GWS
ZENICORE INTERNATIONAL,YDTXU
PENTAENTERPRISES GROUP,YGEO
CORAMOSYSTEMS CAPITAL,HUI
NEXARASOFT CAPITAL,HFQFO
KORALOGIC RESOURCES,SZIM
ALTOSOFT INDUSTRIES,IMZAF
TERACOTECH VENTURES,WUE
MIRATAINDUSTRIES RESOURCES,TXQR
NAVORAGLOBAL FINANCIAL,WJJL
VALENNASYSTEMS RESOURCES,AAY
TERASAWORKS VENTURES,SYO
VONARIPARTNERS SYSTEMS,JQXRZ
HELIONALOGIC INC,XMXJI
KORARASOFT INTERNATIONAL,GXOYU
SOLALAVENTURES INDUSTRIES,GRL
TERALAPARTNERS & CO,CSX
KORAMOWORKS INDUSTRIES,DPNHG
SERARISOFT VENTURES,DCSVC
MIRASAINDUSTRIES INC,MTG
KORACOSOLUTIONS INDUSTRIES,JCDED
NOVATAGLOBAL HOLDINGS,BOLO
HELIORILABS GLOBAL,QXTIS
VONAVIINDUSTRIES HOLDINGS,ZTXU
FINAVIENTERPRISES & CO,BVL
LUMARASYSTEMS HOLDINGS,YPPJ
BREOSALOGIC RESOURCES,ANO
ORIONINDUSTRIES GLOBAL,QPR
PRIMOLOLABS VENTURES,REH
LUMAVIWORKS CAPITAL,UPFNJ
ASTRAVILABS GROUP,GII
ORIONSOFT & CO,RHXX
PENTASALABS PARTNERS,OROEN
BREORIPARTNERS INC,PGHY
ASTRARIPARTNERS INC,CTPV
HELIOMOCORE SYSTEMS,KHUT
SILOLAENTERPRISES HOLDINGS,KPFPS
NAVOTECH GROUP,HJMIA
PENTALASYSTEMS GLOBAL,ILF
VORARASYSTEMS CAPITAL,LAOGU
ORIONNAGLOBAL RESOURCES,SYT
ASTRAENTERPRISES INC,RFBHL
ZENIMOSOLUTIONS RESOURCES,JBLF
ZYRAMOLABS HOLDINGS,GYUI
CYRAVICORE PARTNERS,KNX
ALTOLOGIC GROUP,GQMIN
VALENMOSOLUTIONS LIMITED,QXTG
LUMARIPARTNERS INDUSTRIES,KRR
VORALASOLUTIONS RESOURCES,OTWK
FINAMOTECH HOLDINGS,ZYZT
QERARIGLOBAL INTERNATIONAL,RJLO
ORIONLOENTERPRISES GROUP,HXZCM
FINATATECH PARTNERS,OJL
KORAENTERPRISES & CO,QPFYF
SILOSATECH INTERNATIONAL,TUTML
MIRAWORKS SYSTEMS,IBT
QERAMOTECH & CO,AKZPQ
ALTONASYSTEMS CAPITAL,SGN
CORAVIENTERPRISES LIMITED,ZGK
PENTASYSTEMS INC,DBZ
SOLAGLOBAL & CO,PHLX
ORIONVIWORKS PARTNERS,XKULC
ZENIMOCORE SYSTEMS,IVFE
NOVAWORKS INDUSTRIES,QRXG
ORIONRAINDUSTRIES LIMITED,BDKRG
CORAMOINDUSTRIES FINANCIAL,XDCJN
ORIONLOLOGIC GROUP,QOJKS
VALENCOSOFT HOLDINGS,IZP
NEXASASOFT LIMITED,PGDY
SERALOLABS INTERNATIONAL,YRDF
NEXARASOLUTIONS FINANCIAL,YKRGK
CYRARAINDUSTRIES INDUSTRIES,OEVNH
SERACOWORKS INTERNATIONAL,ZMD
PENTARAVENTURES CAPITAL,HBE
MIRASAPARTNERS LIMITED,UDSVU
PRIMOLABS INC,IOJ
LUNOLALABS PARTNERS,PWLT
FINATASOFT INC,CBF
VALENMOPARTNERS INDUSTRIES,QGY
TERARICORE HOLDINGS,IDMKT
LUMAVISOLUTIONS SYSTEMS,LSRQ
FINANAENTERPRISES FINANCIAL,BZC
VALENRALABS HOLDINGS,SDDTA
NEXAMOENTERPRISES HOLDINGS,ONA
RIVORIENTERPRISES VENTURES,TMYH
PRIMOMOSOLUTIONS INTERNATIONAL,UBPKA
LUMACOSYSTEMS SYSTEMS,IPQRC
SILOSAGLOBAL RESOURCES,ATHZX
ZYRAVISYSTEMS PARTNERS,VAWG
CORALOLABS & CO,NJDXG
TERALABS VENTURES,GLA
ASTRASYSTEMS INTERNATIONAL,CCO
NEXAVENTURES GLOBAL,IGOAJ
RIVOCOSOLUTIONS INDUSTRIES,YEVC
ALTOMOSYSTEMS FINANCIAL,YGWHH
MIRANAPARTNERS SYSTEMS,IXWH
VORANASYSTEMS HOLDINGS,HUMPL
SERANASOLUTIONS INC,BJR
ZENICOGLOBAL INC,CBZIB
LUMAVISOFT INTERNATIONAL,HNJ
MIRATECH INTERNATIONAL,PKY
CORASOFT INTERNATIONAL,FSV
PENTALATECH PARTNERS,ZGS
BREOSASOLUTIONS LIMITED,EBW
ASTRANALABS & CO,CUHFW
VALENCOLOGIC GROUP,DMEWR
KORAMOVENTURES VENTURES,CJB
VORACORE HOLDINGS,BRIE
TERARAINDUSTRIES HOLDINGS,UGA
MIRASASOLUTIONS VENTURES,WIL
CORARIGLOBAL RESOURCES,LMA
LUMALAWORKS FINANCIAL,KWT
BREONASOFT VENTURES,KVOQ
NAVORAVENTURES VENTURES,IVPYB
CORALOCORE FINANCIAL,VZWCA
ZYRACORE INDUSTRIES,UIO
FINANATECH LIMITED,YAE
ZENILAGLOBAL PARTNERS,CVSX
ZENISAENTERPRISES INDUSTRIES,UUY
VALENNAPARTNERS LIMITED,DHWR
CORASASOLUTIONS GROUP,FSE
SILORIVENTURES INDUSTRIES,CDUC
SILOTAPARTNERS & CO,KTPD
VONARIVENTURES INDUSTRIES,JEY
VONAENTERPRISES GLOBAL,IFHY
ZENILAGLOBAL RESOURCES,DGK
NAVOVICORE PARTNERS,PQW
VELACOLABS LIMITED,HFJLR
ASTRAVENTURES INC,BNEHH
PRIMOLOPARTNERS SYSTEMS,BNQB
ALTORICORE INTERNATIONAL,EUU
ZYRASALOGIC INDUSTRIES,TSLM
NOVACOENTERPRISES INC,IQM
ZYRAPARTNERS CAPITAL,KQRCC
LUNOVIPARTNERS LIMITED,CPBZM
PRIMOTASYSTEMS GLOBAL,QQF
KORACOSOFT RESOURCES,JLISJ
SERANALABS GLOBAL,GME
FINAVIINDUSTRIES SYSTEMS,IRGOT
ZENILOWORKS RESOURCES,TXGC
SILORAVENTURES VENTURES,CCH
ARGORICORE GLOBAL,RFO
SILOMOCORE RESOURCES,TNZ
FINASAWORKS VENTURES,HXMH
ORIONLAVENTURES & CO,JHT
VONALABS FINANCIAL,HSFGZ
RIVONASOFT HOLDINGS,OXZ
NEXALACORE HOLDINGS,UXRWX
VONAMOENTERPRISES RESOURCES,IYSUQ
KORASOFT GROUP,PKRT
LUMARIINDUSTRIES GROUP,EARIL
CYRAVENTURES PARTNERS,YSFA
HELIOTALABS INTERNATIONAL,BNPN
VORARICORE GROUP,CSJJA
VALENMOSOLUTIONS & CO,AOC
BREOVIINDUSTRIES & CO,HRF
ASTRANASYSTEMS & CO,ACQKU
NAVOTECH FINANCIAL,IAQA
QERARALOGIC LIMITED,JGJK
BREONASYSTEMS GLOBAL,KXWHC
MIRATAGLOBAL VENTURES,PBCYM
HELIOCOSOLUTIONS INTERNATIONAL,CFJ
QERARILOGIC INC,IUE
HELIOLASOFT INTERNATIONAL,IWAZN
MIRATAINDUSTRIES GROUP,JYWP
NAVONAVENTURES INC,RMT
VELASACORE INDUSTRIES,AJIT
QERAVIPARTNERS & CO,ITRMX
NEXAMOVENTURES PARTNERS,OKX
HELIOSOLUTIONS INTERNATIONAL,YDCJ
NEXASAENTERPRISES RESOURCES,LWUDI
SILOCOINDUSTRIES HOLDINGS,WZBMB
VONATAINDUSTRIES LIMITED,TMGI
SERALAPARTNERS FINANCIAL,SED
MIRANAWORKS LIMITED,LWTT
RIVORAWORKS FINANCIAL,QXK
ORIONTALOGIC SYSTEMS,ZPP
ASTRANATECH & CO,GBD
CORARAVENTURES LIMITED,DSZ
RIVOMOGLOBAL HOLDINGS,PWQI
BREORAVENTURES LIMITED,SXGI
SILOSATECH GLOBAL,RBVY
CYRARASYSTEMS GROUP,MDMF
ASTRANACORE FINANCIAL,AFXMI
KORARATECH SYSTEMS,CWJ
VELASAENTERPRISES LIMITED,RDZWO
PRIMOLALOGIC VENTURES,VICWB
PRIMORASOFT & CO,XXDLI
NOVASASOLUTIONS SYSTEMS,ZVEJX
ASTRASAINDUSTRIES CAPITAL,XBR
VELARASOLUTIONS & CO,SDT
KORARIVENTURES & CO,VIDIH
PRIMOINDUSTRIES LIMITED,MCIS
NEXAVILOGIC VENTURES,KDOE
VELARILOGIC INDUSTRIES,XTEPI
TERACOGLOBAL RESOURCES,LCZ
ARGONAVENTURES RESOURCES,FKQ
CYRACOLOGIC HOLDINGS,FOBFB
LUMASOFT INTERNATIONAL,BEV
SERAPARTNERS HOLDINGS,SPE
RIVORATECH INC,EGADK
TERACOGLOBAL CAPITAL,ELY
KORARIENTERPRISES INDUSTRIES,CVUPA
TERAMOTECH GROUP,RGD
HELIORIPARTNERS LIMITED,RPDH
VALENVISYSTEMS INC,BVCA
TERANAINDUSTRIES INTERNATIONAL,KVVC
ORIONRISOLUTIONS SYSTEMS,ZHC
ZENICOSYSTEMS FINANCIAL,OHP
VELARACORE GROUP,QCBH
ORIONLOLOGIC RESOURCES,BVMC
SOLATALOGIC INC,CTOWP
ASTRASYSTEMS GLOBAL,JTURV
VORATATECH & CO,PZYXA
SOLAPARTNERS RESOURCES,VVZAX
HELIORASYSTEMS VENTURES,SZJ
PRIMOSAENTERPRISES GLOBAL,FVP
VORAMOTECH SYSTEMS,RXW
NOVATAGLOBAL SYSTEMS,FLKX
QERALOLOGIC RESOURCES,NST
SERAPARTNERS FINANCIAL,ZYPD
SERAMOSYSTEMS GLOBAL,NTT
PRIMOLACORE & CO,YYKF
ARGORAGLOBAL INC,EQA
KORANAPARTNERS HOLDINGS,SUV
FINAMOENTERPRISES INDUSTRIES,PKYEM
ZENIRIPARTNERS INTERNATIONAL,WVIUF
NEXASASYSTEMS VENTURES,ZGJFU
QERAMOGLOBAL LIMITED,ENBPL
RIVORAENTERPRISES HOLDINGS,YFV
BREOMOGLOBAL SYSTEMS,ISW
MIRACOLOGIC SYSTEMS,IPVND
ALTOMOPARTNERS HOLDINGS,YNHK
TERALOWORKS & CO,IBORA
NEXALOINDUSTRIES PARTNERS,YNANY
VALENNASOFT & CO,FHRV
VELACORE FINANCIAL,WJAQB
QERARAENTERPRISES & CO,IWUM
LUNORALABS CAPITAL,JYE
SILOTAINDUSTRIES INDUSTRIES,RWVE
ARGOMOVENTURES INDUSTRIES,CIP
QERAINDUSTRIES GLOBAL,UFB
ASTRATAENTERPRISES LIMITED,WMHO
BREORAWORKS GROUP,MVJX
TERACOSOFT SYSTEMS,AAKWL
NAVORISYSTEMS SYSTEMS,RTXPH
ARGOLALOGIC CAPITAL,UWBI
FINARIVENTURES GLOBAL,TTP
LUMAMOTECH LIMITED,FFLX
RIVOSACORE CAPITAL,QDIM
ZYRAMOWORKS FINANCIAL,PCUK
TERAMOINDUSTRIES GROUP,OME
MIRALACORE INTERNATIONAL,ENA
FINATASOLUTIONS RESOURCES,MWT
ZYRALASOFT FINANCIAL,IUN
KORASOFT RESOURCES,THONE
BREOMOSOLUTIONS LIMITED,BAE
NEXALAGLOBAL VENTURES,CXXVN
SILOLALABS INC,YJQX
KORAMOINDUSTRIES GROUP,RMFD
SILOLAVENTURES GLOBAL,ODCLF
QERARIWORKS VENTURES,GDLPB
SILOLALOGIC INDUSTRIES,JLBE
CORASYSTEMS SYSTEMS,VKUV
CYRAVICORE GLOBAL,JPSHY
ORIONNAGLOBAL & CO,BZJEB
PENTACOENTERPRISES VENTURES,HHS
ORIONTECH VENTURES,YVDNB
NOVAVICORE SYSTEMS,OIE
LUMARIGLOBAL & CO,OFHOH
ORIONNAWORKS INDUSTRIES,UMY
BREONALOGIC FINANCIAL,GAMIE
ARGOVIWORKS CAPITAL,MAC
VELAMOENTERPRISES INC,QFPJW
CORANASOFT PARTNERS,OORDW
CYRANATECH LIMITED,VBICT
BREOMOLABS GLOBAL,EYH
TERAVISYSTEMS INTERNATIONAL,BDGAA
NEXASAPARTNERS INDUSTRIES,TEXX
NOVACORE VENTURES,ZCGD
VONALAWORKS CAPITAL,FEJKR
ORIONRITECH RESOURCES,SLJX
CYRARILOGIC PARTNERS,TYQCD
MIRAWORKS PARTNERS,WOCVP
VONASAPARTNERS LIMITED,XKV
ZENILOCORE HOLDINGS,TNX
SOLARISOLUTIONS CAPITAL,LUDPD
PENTALOSOLUTIONS INC,DIV
VONALABS INC,BLFA
LUNOCOENTERPRISES GROUP,MYGKY
NAVORAVENTURES & CO,LWATT
LUNOVITECH SYSTEMS,NRJW
ZYRALOCORE INC,EGLB
ZYRASOFT SYSTEMS,VOFWC
ORIONVENTURES RESOURCES,FZED
SILOCOLOGIC INDUSTRIES,CHMWI
SERALABS FINANCIAL,IZLII
HELIOCOVENTURES VENTURES,YRE
LUMALAVENTURES FINANCIAL,ISR
NAVONACORE GROUP,QKKB
VONACOPARTNERS LIMITED,XRGW
LUNORILOGIC INC,EGM
VELASAPARTNERS PARTNERS,MAJR
BREORIWORKS & CO,LRVV
SOLAWORKS & CO,KHIZA
ALTORAPARTNERS GROUP,GOZ
VELALOTECH FINANCIAL,QZK
ALTOLABS VENTURES,TUIJ
SILOTAVENTURES SYSTEMS,ZJMOE
ARGOSOFT HOLDINGS,ELQUM
FINASAINDUSTRIES RESOURCES,JSW
SERASAVENTURES CAPITAL,IRTK
QERALOCORE INC,KPXP
SERALACORE SYSTEMS,ZUMG
NEXACOTECH INTERNATIONAL,WGT
LUMALOLABS INTERNATIONAL,PZW
VONATAENTERPRISES CAPITAL,WNPS
SILOSALABS RESOURCES,KFPB
QERALACORE VENTURES,JXOJW
QERAWORKS INC,OHNB
ZENIWORKS FINANCIAL,MCVYD
VALENRAPARTNERS RESOURCES,IPGQZ
NOVANAVENTURES INDUSTRIES,WQCK
PENTAVICORE VENTURES,KWBT
ZENIMOINDUSTRIES INTERNATIONAL,JQPRW
BREONAVENTURES SYSTEMS,VGCDJ
FINAWORKS SYSTEMS,RZRNG
LUMALAINDUSTRIES VENTURES,FGZU
RIVOCOWORKS GROUP,EJRE
SERACOWORKS FINANCIAL,VSQ
NEXASALABS FINANCIAL,MNEBY
VONARAVENTURES VENTURES,WUAGB
ASTRARATECH INC,NYFM
ARGOSYSTEMS GLOBAL,NICUE
PENTATECH FINANCIAL,NVGEY
LUMASAGLOBAL PARTNERS,BUGK
CYRAINDUSTRIES FINANCIAL,JFJQL
QERAWORKS SYSTEMS,AOR
ZENIRITECH FINANCIAL,YQHZG
RIVOSYSTEMS HOLDINGS,ITIPU
SOLAENTERPRISES & CO,IRI
ZYRALOSYSTEMS & CO,XNL
LUNORASOFT SYSTEMS,HOB
KORARIVENTURES LIMITED,TPU
ZENIRIPARTNERS & CO,MDW
SERARISYSTEMS GLOBAL,BODPO
VALENRALOGIC SYSTEMS,XEAI
VONAVITECH INDUSTRIES,ZDNLR
ALTOLACORE SYSTEMS,XWABX
TERAVIVENTURES RESOURCES,OWNXY
CORAVILABS GROUP,LVHP
CYRARIENTERPRISES PARTNERS,YBOQN
TERAVISOLUTIONS INC,NUTP
ARGOCOLOGIC GLOBAL,NPUMY
NEXANASYSTEMS RESOURCES,AMGNF
HELIOLOLABS GLOBAL,LYC
PRIMONASOLUTIONS FINANCIAL,ROOQI
ALTOVILOGIC FINANCIAL,YEX
VONAMOPARTNERS GROUP,EFW
NAVOCOPARTNERS & CO,WXJRG
CYRAMOENTERPRISES SYSTEMS,GOJJ
NEXATACORE GLOBAL,TXDR
NEXARACORE GLOBAL,JQNM
QERAVIVENTURES PARTNERS,WQDU
NEXAVISOFT GLOBAL,ZHTX
RIVONAINDUSTRIES VENTURES,TYH
VORALATECH HOLDINGS,MER
ORIONCOCORE INTERNATIONAL,UIS
BREOSOFT RESOURCES,BYXRE
QERARISYSTEMS INTERNATIONAL,UOI
TERAVIVENTURES CAPITAL,SIE
NEXALAWORKS & CO,ZVI
ZENILOGIC GROUP,SFBQ
SERAVITECH LIMITED,ESOUL
ZENISACORE & CO,XGVAF
SERASAWORKS HOLDINGS,CREQ
QERACOSYSTEMS PARTNERS,GKCM
ARGORASOLUTIONS INTERNATIONAL,VID
ASTRALOCORE SYSTEMS,RPF
LUNOINDUSTRIES FINANCIAL,YTW
BREOCOGLOBAL LIMITED,GJHL
ASTRANAGLOBAL INTERNATIONAL,NJA
SERALOENTERPRISES INTERNATIONAL,FVXLV
SOLATALOGIC FINANCIAL,OUUD
ARGORAENTERPRISES PARTNERS,NYK
SOLACORE INDUSTRIES,SMUM
KORAGLOBAL RESOURCES,ZTZGK
NOVATATECH GROUP,TZL
ALTOVISOLUTIONS GLOBAL,FRRQM
ORIONMOWORKS GLOBAL,KDG
MIRAVIVENTURES GLOBAL,MNM
ZYRARISOFT LIMITED,CSVZR
QERAVISOLUTIONS VENTURES,LPCOJ
MIRAVIGLOBAL GROUP,TDQMN
ALTOCOSYSTEMS FINANCIAL,SQJY
ORIONLAINDUSTRIES INTERNATIONAL,ACE
NOVATAENTERPRISES CAPITAL,SGEF
CORALACORE PARTNERS,HWG
ZENIRILOGIC HOLDINGS,GZXNK
FINASAWORKS RESOURCES,WJKMK
VALENNAINDUSTRIES LIMITED,ZGBT
FINANAINDUSTRIES INC,NSI
ORIONGLOBAL INC,BJHFG
NAVORIENTERPRISES INDUSTRIES,NHXZ
ZYRARALABS INTERNATIONAL,XNGQJ
SOLAINDUSTRIES CAPITAL,COVKY
NEXASALOGIC GROUP,QSA
CYRAWORKS CAPITAL,RYDE
NOVALAINDUSTRIES INC,OZTA
ZENINAPARTNERS GLOBAL,GWPTD
PRIMONASYSTEMS LIMITED,XIMOR
ASTRARAGLOBAL CAPITAL,KZEK
MIRAENTERPRISES VENTURES,FHYO
ARGOTAENTERPRISES & CO,ARVW
SILOTECH RESOURCES,GQDF
NEXALAGLOBAL PARTNERS,PCLJD
QERANAENTERPRISES SYSTEMS,ZXXKN
FINATAGLOBAL CAPITAL,QIAM
MIRALALABS INTERNATIONAL,NGI
PRIMOSALOGIC CAPITAL,EZHK
ASTRALOGIC CAPITAL,TCOZ
SERALOVENTURES CAPITAL,QVQ
ZENIRALOGIC HOLDINGS,GJAI
PRIMOCOPARTNERS INTERNATIONAL,FFE
CORARIENTERPRISES GROUP,IZX
ALTOCOINDUSTRIES INDUSTRIES,TAX
NEXALOLOGIC INC,RCU
QERACOSOLUTIONS PARTNERS,RVUZ
TERATECH INC,IDL
FINAMOTECH & CO,TBFX
KORARICORE INDUSTRIES,BLL
BREOCOSOFT FINANCIAL,WYMH
NAVOCOCORE CAPITAL,MAGY
MIRARIVENTURES INTERNATIONAL,FQQCK
FINANAGLOBAL & CO,NQN
PENTANAGLOBAL LIMITED,LTKAA
ASTRAVITECH RESOURCES,GDH
ARGOCORE PARTNERS,NTG
CORARILOGIC VENTURES,ITRTJ
KORARIINDUSTRIES CAPITAL,PCIM
VONAMOPARTNERS & CO,DZLXS
SOLACOCORE CAPITAL,YDOQG
BREOSOFT LIMITED,ZVO
SOLARISOLUTIONS INDUSTRIES,QBBFQ
VORAMOINDUSTRIES & CO,YGHFT
MIRAWORKS CAPITAL,HQQDV
FINALOVENTURES & CO,DAPK
KORALALOGIC VENTURES,QBET
FINALOLOGIC GLOBAL,XATZ
SOLARIENTERPRISES PARTNERS,HQH
LUNORIGLOBAL FINANCIAL,WLU
SOLAVENTURES LIMITED,ZPKYD
KORAMOGLOBAL VENTURES,YYEN
ORIONSYSTEMS & CO,KNTCH
TERALAENTERPRISES PARTNERS,AIH
NEXAVIINDUSTRIES VENTURES,XAB
ORIONMOLABS VENTURES,FXN
SOLALOGLOBAL GLOBAL,QTMMY
HELIORALOGIC VENTURES,OODZ
MIRAMOPARTNERS CAPITAL,ZWM
PENTAMOCORE RESOURCES,XUP
NAVONASYSTEMS HOLDINGS,FTZ
ALTOLAGLOBAL INC,OXXT
SERAINDUSTRIES CAPITAL,UPPPR
SILOLOGIC INDUSTRIES,FML
NAVOMOTECH GROUP,NXK
BREOVILABS GLOBAL,JQCH
SOLANALABS INTERNATIONAL,FWBGW
SERATACORE RESOURCES,RZV
PRIMOMOGLOBAL INC,KQJO
VELATAPARTNERS INDUSTRIES,BWWFP
SERALASOLUTIONS INDUSTRIES,SOXY
VELASATECH SYSTEMS,JDBZE
CYRASALABS GROUP,DVJ
ARGOWORKS INDUSTRIES,XJJE
NOVALAGLOBAL GLOBAL,ZICL
LUNORISOLUTIONS LIMITED,UBOY
NOVALAINDUSTRIES INDUSTRIES,RUWK
NEXARAWORKS PARTNERS,BTQLZ
SOLATASYSTEMS & CO,FKN
PRIMOCOENTERPRISES SYSTEMS,VRT
KORARIWORKS CAPITAL,IDYHR
PENTANAENTERPRISES GLOBAL,OABNB
SILORIVENTURES PARTNERS,VXJDF
RIVOTALABS CAPITAL,BSUSI
ASTRACOINDUSTRIES CAPITAL,QMIWJ
PENTAPARTNERS LIMITED,OTKI
HELIOMOWORKS & CO,XFES
PRIMOMOVENTURES SYSTEMS,GILF
NOVASYSTEMS INDUSTRIES,TVGFM
KORARAPARTNERS & CO,BDQ
CORANAWORKS PARTNERS,KGDDE
RIVORALOGIC INDUSTRIES,VQIL
SOLALALOGIC GLOBAL,LYATJ
MIRARAENTERPRISES INDUSTRIES,JXN
FINALOTECH GLOBAL,SPY
SILONASYSTEMS INDUSTRIES,YOL
ALTOLALABS INDUSTRIES,SDCWR
VORATECH GROUP,LNMT
ALTOCOINDUSTRIES VENTURES,CJL
ZYRARATECH INDUSTRIES,LUJOK
SERALALOGIC & CO,MUV
VONATAENTERPRISES PARTNERS,KUO
NOVAGLOBAL SYSTEMS,MVVNA
ZYRAINDUSTRIES PARTNERS,KGJP
ZYRALAVENTURES & CO,LTXW
PENTANAENTERPRISES & CO,GPJ
ALTOSOFT CAPITAL,VTPF
NOVACOWORKS GLOBAL,NYM
SOLALAWORKS GLOBAL,TGS
SOLAWORKS LIMITED,HMS
LUMAINDUSTRIES LIMITED,HEG
NEXAPARTNERS CAPITAL,PHNJR
QERARIWORKS INDUSTRIES,FVFWL
ALTOMOWORKS VENTURES,IWOC
ORIONCOCORE VENTURES,DTX
MIRAVITECH HOLDINGS,DOP
ORIONSASOLUTIONS HOLDINGS,XQU
NOVAMOINDUSTRIES HOLDINGS,ZYE
VALENNALOGIC INDUSTRIES,JMRB
VONALABS VENTURES,LHXG
VALENSAINDUSTRIES HOLDINGS,YLIY
PRIMOLAINDUSTRIES PARTNERS,GVFH
FINANAWORKS HOLDINGS,MJSXI
VALENLALOGIC PARTNERS,SWMC
NEXATAWORKS VENTURES,RWRVR
PENTALOPARTNERS GROUP,DES
NEXACOGLOBAL INC,ZIKJ
ORIONLAINDUSTRIES FINANCIAL,AHQ
CYRALOLOGIC SYSTEMS,AUG
CYRAVIENTERPRISES RESOURCES,PGOSA
ORIONINDUSTRIES FINANCIAL,ZDHDG
SOLASACORE SYSTEMS,OQVC
ASTRATAWORKS INTERNATIONAL,ELEST
LUNOMOTECH RESOURCES,WQD
BREOLOSOLUTIONS INC,IAYWM
VONASOLUTIONS INC,RSYBA
PENTALOGIC RESOURCES,HDNIS
CYRARISOLUTIONS & CO,IQNZ
ORIONGLOBAL PARTNERS,IXP
ZENIGLOBAL INC,KOCD
NEXACORE SYSTEMS,KYVOH
NAVORIVENTURES PARTNERS,RSU
QERAVIINDUSTRIES SYSTEMS,UET
VALENLOPARTNERS CAPITAL,YWR
ORIONLAWORKS RESOURCES,VIW
ORIONTASOLUTIONS VENTURES,MQZR
ARGOSOLUTIONS INC,SCFMA
ZYRAWORKS GLOBAL,WHSWE
QERANASOLUTIONS SYSTEMS,LCMZG
CORAWORKS CAPITAL,CBKL
FINALOSOLUTIONS FINANCIAL,UVO
VORANAWORKS INC,IRA
ZYRALOSOFT GROUP,ISOZ
KORASALABS INTERNATIONAL,MISWB
LUNOVISOLUTIONS GLOBAL,WJHH
KORALOINDUSTRIES GLOBAL,YOE
RIVOSASOLUTIONS SYSTEMS,LDK
FINACOSOFT FINANCIAL,PKLVC
NOVAMOWORKS SYSTEMS,JNVG
VALENNATECH CAPITAL,GWEB
LUNOLOLABS GROUP,RAE
LUNOMOSYSTEMS GLOBAL,ZRHBI
KORAVIINDUSTRIES GLOBAL,NNM
LUNOLALABS VENTURES,XIX
VORAMOGLOBAL & CO,EAU
SILOCOSOFT CAPITAL,HFQ
VONASALABS GLOBAL,OMGQ
PENTAGLOBAL & CO,OLM
ORIONVIGLOBAL INDUSTRIES,ICLB
ASTRAVIINDUSTRIES & CO,OTZVH
HELIORIVENTURES PARTNERS,OEX
NEXASASOFT & CO,RPW
CYRAPARTNERS INTERNATIONAL,JIMZY
VELAVIVENTURES PARTNERS,MUYGH
VORARALABS INTERNATIONAL,BJZ
ALTOMOGLOBAL INDUSTRIES,LBLD
ALTOVILOGIC PARTNERS,YEO
KORALOGIC FINANCIAL,OIOKH
PENTAMOLOGIC FINANCIAL,YTTTC
MIRASOFT INTERNATIONAL,JFLI
ARGORACORE VENTURES,MFDV
VALENNAINDUSTRIES CAPITAL,DYQNN
ALTORILOGIC GROUP,ZII
NOVACOTECH INTERNATIONAL,KWQ
VORAMOLABS INTERNATIONAL,XSF
NOVAVENTURES FINANCIAL,ALUI
TERANASOLUTIONS INC,NVVWV
ZYRACOSOLUTIONS RESOURCES,NTBVW
ZYRATALOGIC SYSTEMS,ZJAVK
RIVOENTERPRISES SYSTEMS,RANJ
TERALOSYSTEMS & CO,IJX
FINARISOFT PARTNERS,RWPN
ARGONAVENTURES INTERNATIONAL,EHV
VALENRIGLOBAL VENTURES,LTYU
ORIONTAENTERPRISES HOLDINGS,PUM
VELASASOFT FINANCIAL,EKXQH
ORIONVIVENTURES LIMITED,UXY
NAVOLOINDUSTRIES GLOBAL,NIIEE
TERAMOTECH RESOURCES,QEBVK
PENTARISOLUTIONS & CO,KCI
FINARASOLUTIONS & CO,JSN
ASTRAVIGLOBAL SYSTEMS,YPB
VONACORE INC,BXFF
ORIONLAWORKS HOLDINGS,TAHQG
SOLANAPARTNERS INTERNATIONAL,VETQB
NEXANAPARTNERS & CO,ZDUOW
ASTRANATECH PARTNERS,QQZK
ASTRASATECH HOLDINGS,GUUS
TERATASOFT INC,TJHT
CYRASAWORKS INTERNATIONAL,FGF
HELIOLOGIC INDUSTRIES,OEP
ASTRASALOGIC RESOURCES,BAMCD
SERATASYSTEMS RESOURCES,HCGHV
VALENLASYSTEMS SYSTEMS,QNKY
VALENCOTECH GLOBAL,TUCUG
NOVANASYSTEMS RESOURCES,HFUXF
ORIONMOCORE GLOBAL,IVGZ
KORANAPARTNERS LIMITED,ULPIW
NEXALAGLOBAL GLOBAL,NWRI
NEXAMOENTERPRISES GLOBAL,BKTI
ALTONAGLOBAL HOLDINGS,NSPR
PENTAVISOLUTIONS GLOBAL,VTY
ALTOLATECH HOLDINGS,KSA
PRIMOINDUSTRIES INDUSTRIES,SIKG
ALTOVISOLUTIONS & CO,MZGRP
ORIONLASOLUTIONS PARTNERS,OLQVT
TERATASOLUTIONS INTERNATIONAL,ASPSV
ORIONRITECH HOLDINGS,CYYF
NOVANAVENTURES PARTNERS,BIBD
ZYRACOVENTURES PARTNERS,IYVP
SERALAWORKS LIMITED,IYWQQ
NOVAPARTNERS LIMITED,ORXZ
CORARALABS INDUSTRIES,ICY
KORANALOGIC GLOBAL,OQAK
ZYRAINDUSTRIES VENTURES,WAQAI
VORACOWORKS RESOURCES,LXMD
LUNOMOPARTNERS VENTURES,CZAB
ARGONAPARTNERS INC,MSEOO
CORAMOENTERPRISES INC,XQPK
ORIONTASYSTEMS HOLDINGS,SHQS
LUMATAINDUSTRIES PARTNERS,INX
BREONALABS INC,BTUW
PRIMOLOGLOBAL LIMITED,FDFQC
LUNONASOLUTIONS HOLDINGS,QSAP
NEXALASOLUTIONS LIMITED,KVUA
HELIORISOFT CAPITAL,DNEL
LUMASOFT RESOURCES,QEEJJ
LUMALAENTERPRISES HOLDINGS,DEQ
VONALOTECH PARTNERS,PQQE
MIRAVIWORKS FINANCIAL,SIC
CYRASOLUTIONS LIMITED,CWG
ALTOVENTURES VENTURES,HBCT
ZYRALOENTERPRISES SYSTEMS,QSRX
VELARATECH HOLDINGS,LWOQG
ASTRALOSOFT RESOURCES,BTHMQ
FINATALOGIC GLOBAL,CZV
VONANALOGIC INTERNATIONAL,HDLIW
ARGONASOLUTIONS GLOBAL,WYL
VORARISOFT CAPITAL,LEM
ASTRARAVENTURES RESOURCES,QQSG
VONALASOFT PARTNERS,LBY
BREOCOSOLUTIONS VENTURES,GSFH
FINANAINDUSTRIES VENTURES,AGZMU
SOLAMOTECH LIMITED,LNWQW
ASTRAMOCORE INC,HVVEU
NEXARASYSTEMS PARTNERS,GWUZ
VALENVILOGIC RESOURCES,DCTYC
HELIORIPARTNERS INDUSTRIES,UJQY
MIRALAWORKS & CO,HIW
ARGOVENTURES RESOURCES,SMX
PRIMOCOSOLUTIONS & CO,ZSANS
ARGOSASOFT INDUSTRIES,TSD
VELAENTERPRISES FINANCIAL,ZKEZ
ARGOVILABS PARTNERS,LHSSV
CYRALOWORKS GLOBAL,MCAP
NEXASASYSTEMS HOLDINGS,SBMDE
ZYRAVENTURES & CO,MXDI
CYRALABS HOLDINGS,EZLXJ
PENTAENTERPRISES CAPITAL,WWF
PRIMOMOVENTURES INDUSTRIES,FHNHI
PRIMOVILOGIC PARTNERS,WWX
KORALOSOLUTIONS INC,NFGCH
HELIOMOENTERPRISES VENTURES,MTX
NEXARALABS RESOURCES,KFLBL
CORAWORKS INC,VGILS
PENTATALABS LIMITED,LTTXQ
ZENILAINDUSTRIES CAPITAL,WDGEX
TERARAPARTNERS GROUP,MZYPK
KORASASOLUTIONS RESOURCES,IXC
RIVOTASOLUTIONS SYSTEMS,UJB
VALENSAGLOBAL VENTURES,JAUZ
SILOLAWORKS LIMITED,PRBCZ
LUNOVIINDUSTRIES FINANCIAL,SJG
KORAMOWORKS SYSTEMS,YXB
SERANASOLUTIONS RESOURCES,WESK
CORALALOGIC INTERNATIONAL,XVO
SERACOSOFT INTERNATIONAL,NWX
HELIOTECH INTERNATIONAL,XPUUI
SILORASYSTEMS & CO,OXKZQ
VORARACORE LIMITED,VGM
ZENIRASOFT SYSTEMS,WCYNK
ZENILAENTERPRISES CAPITAL,FBIU
CORAGLOBAL GROUP,PCQ
ORIONINDUSTRIES PARTNERS,BWCV
SILOPARTNERS FINANCIAL,TVZH
PENTARICORE PARTNERS,MAWJ
VONARAWORKS VENTURES,IHL
ALTOMOCORE FINANCIAL,BNMDP
LUNOGLOBAL CAPITAL,WKHG
SOLAVIVENTURES GROUP,MKXUI
SOLASALABS INDUSTRIES,GHF
LUMAVICORE HOLDINGS,AMOE
KORASOFT PARTNERS,BIYC
ALTORAINDUSTRIES PARTNERS,RRR
PRIMORATECH GLOBAL,MQM
NEXALOCORE & CO,SRGQ
CYRALOSOLUTIONS PARTNERS,PTOPU
ZENIRACORE HOLDINGS,SBAEL
TERAMOLOGIC VENTURES,MLGPE
ALTOCORE HOLDINGS,ENDQD
ZYRACOTECH GROUP,RHMU
NEXACOSOLUTIONS PARTNERS,KKXKD
FINALAVENTURES INC,JDY
RIVOTECH FINANCIAL,GXK
LUMARIVENTURES GROUP,PCWYU
LUMARAVENTURES GROUP,UOBIM
ARGOLATECH INDUSTRIES,PXAHR
ZYRAMOCORE GROUP,QEKFO
ARGOMOTECH INTERNATIONAL,QPWZU
SOLALOSOFT INDUSTRIES,BWZ
BREOLOENTERPRISES LIMITED,NTM
VELATAINDUSTRIES FINANCIAL,PYFSD
QERALASOLUTIONS CAPITAL,CZMRR
CORAGLOBAL FINANCIAL,NQLUE
VORARAGLOBAL GLOBAL,BGNST
VALENVENTURES INTERNATIONAL,DZHTD
SERALAPARTNERS VENTURES,GWVM
ZYRALAPARTNERS LIMITED,TLKWP
ASTRALACORE RESOURCES,URXWM
ZENIVISYSTEMS INC,AIMQ
FINATACORE INC,GUPEK
ASTRANAVENTURES HOLDINGS,BKCU
PENTACOENTERPRISES HOLDINGS,BIPA
ARGORALOGIC INC,KWZZ
QERANALABS VENTURES,IRNO
VALENRASYSTEMS RESOURCES,LKQX
PENTATALOGIC FINANCIAL,PYI
ZYRALACORE INC,ZLNE
LUMASYSTEMS LIMITED,MLTCW
CORALAENTERPRISES VENTURES,DGLQZ
TERASOFT SYSTEMS,HZET
NEXACOWORKS RESOURCES,LCSJI
ALTONAVENTURES GLOBAL,VDOCW
SOLANATECH INDUSTRIES,BQQM
PRIMOTAGLOBAL FINANCIAL,EMG
SOLAVILOGIC & CO,NJLLD
QERARACORE CAPITAL,QRTY
LUMANAINDUSTRIES INDUSTRIES,KPE
BREOSOFT SYSTEMS,BKL
VALENSAVENTURES INC,GQQ
VALENNALOGIC HOLDINGS,PVQS
CORAGLOBAL LIMITED,JGQNN
NOVAWORKS VENTURES,ZMLU
VALENCOTECH VENTURES,LMAO
VORALOGIC INDUSTRIES,YOI
ZYRARISYSTEMS RESOURCES,WISJB
NOVALAPARTNERS & CO,NRU
ORIONLASOFT GLOBAL,SRJQT
CORALAPARTNERS CAPITAL,GRA
ZENILAVENTURES CAPITAL,YIQQ
CYRARASYSTEMS GLOBAL,NSRIT
VALENRIWORKS VENTURES,OFS
ARGOCOSYSTEMS RESOURCES,TVEK
LUMALOSYSTEMS CAPITAL,AIGK
ALTOSASYSTEMS CAPITAL,LCQI
ASTRALAINDUSTRIES VENTURES,EUJ
KORARALABS INDUSTRIES,LZZO
FINATASOFT GLOBAL,QCQY
SILOCOWORKS GROUP,UOBQO
LUMANACORE GLOBAL,PTB
ORIONCOPARTNERS & CO,OYPES
CORAVILABS HOLDINGS,QJMY
VORASASOFT HOLDINGS,JSDYZ
VORARAWORKS & CO,BISRU
ORIONCOTECH LIMITED,YIJB
SOLALAPARTNERS GLOBAL,HDCGM
CORARIINDUSTRIES FINANCIAL,EOZL
KORASYSTEMS CAPITAL,DFO
SILOLOWORKS RESOURCES,RHE
NEXACOCORE INTERNATIONAL,BDN
NOVAVICORE INDUSTRIES,GHT
HELIOLALOGIC INDUSTRIES,ZXHA
VALENLOCORE LIMITED,OSBH
NAVOMOLOGIC SYSTEMS,VDZ
ZYRASAENTERPRISES SYSTEMS,XYCUA
VORARASOLUTIONS FINANCIAL,HYZT
SILOLATECH HOLDINGS,MZRO
CYRALOGIC SYSTEMS,APNMP
TERARASYSTEMS INTERNATIONAL,JDKDS
FINARAINDUSTRIES INC,LEG
VALENNAVENTURES & CO,MLFU
HELIOSYSTEMS HOLDINGS,UROO
RIVORISOFT LIMITED,WFWA
KORASOLUTIONS LIMITED,NCI
NEXACOCORE VENTURES,RWP
ARGOMOSOFT HOLDINGS,VFVJ
VELAWORKS INTERNATIONAL,DHB
LUMALOSYSTEMS HOLDINGS,AUCG
VALENTECH GLOBAL,RTB
FINASATECH RESOURCES,UYFIH
BREORASOFT GROUP,KRM
BREORICORE & CO,ERC
MIRAPARTNERS PARTNERS,OGN
PENTALAPARTNERS & CO,WGOL
NEXARASOLUTIONS RESOURCES,JUJY
ZYRACOVENTURES HOLDINGS,HBTW
ZENIMOPARTNERS PARTNERS,OGC
SERALOENTERPRISES PARTNERS,PZYK
ORIONRICORE HOLDINGS,GCFWI
KORANAVENTURES LIMITED,EBKYH
ARGORAVENTURES CAPITAL,YCE
FINALAWORKS RESOURCES,PQO
FINANAVENTURES INC,VMTAW
SERARAGLOBAL INC,HKEB
VONARIVENTURES RESOURCES,KLN
TERATALABS SYSTEMS,SVX
ARGORASOFT RESOURCES,YSOXJ
ZENISAVENTURES GLOBAL,TFJ
ASTRACOWORKS SYSTEMS,LAPJ
PENTACOGLOBAL RESOURCES,JUAP
MIRARIVENTURES & CO,GCYE
KORARAENTERPRISES GLOBAL,RRVA
MIRAENTERPRISES INC,PZN
PRIMOLOWORKS & CO,UKNKQ
LUMASAVENTURES PARTNERS,KLZG
HELIOLALOGIC INC,MAAL
ORIONCOPARTNERS VENTURES,KANC
VONASASYSTEMS SYSTEMS,CHDCG
ORIONRISOFT & CO,LKUF
ZENIVITECH RESOURCES,YPUWZ
ALTOCORE PARTNERS,AGQO
LUNOLASOLUTIONS INDUSTRIES,IWJN
ORIONVICORE GLOBAL,FKWPO
ALTOLOSOLUTIONS GROUP,KRG
ALTORAINDUSTRIES HOLDINGS,SWYQE
NAVOSALOGIC INTERNATIONAL,IQWF
CORAVIGLOBAL SYSTEMS,PXIVX
HELIORAWORKS GLOBAL,XJSV
VELALOINDUSTRIES LIMITED,YFNWZ
TERASOFT GROUP,QBME
SERATECH RESOURCES,WRMV
ALTOLOCORE INDUSTRIES,TQKOZ
QERAVENTURES HOLDINGS,HFQTB
ALTORIGLOBAL RESOURCES,VBXC
SOLALASOLUTIONS HOLDINGS,GGNB
BREOLOLABS CAPITAL,IJJ
SOLALALABS PARTNERS,QEIR
KORAVITECH & CO,JAL
NOVARASOFT GROUP,NJCVV
TERALOINDUSTRIES FINANCIAL,LIF
ASTRAVILOGIC HOLDINGS,LQF
ZYRALAVENTURES INDUSTRIES,DDEW
VELASACORE & CO,SZPX
LUNOLOTECH FINANCIAL,CHRT
BREOGLOBAL FINANCIAL,XNY
FINARILOGIC HOLDINGS,XASSD
SILOVIGLOBAL FINANCIAL,RLPEM
ASTRAVICORE & CO,RUUNI
QERAMOLOGIC VENTURES,LXMG
NEXALOSOFT RESOURCES,ODEH
NAVOLALOGIC & CO,FHSX
CYRANASOLUTIONS FINANCIAL,PWQRY
VALENSAPARTNERS CAPITAL,AKIKS
ZENISASOFT SYSTEMS,UBEW
ALTOCOVENTURES CAPITAL,QWEAH
VALENRIWORKS RESOURCES,BDHT
SOLARIWORKS LIMITED,XBXDP
ORIONRISOFT RESOURCES,NIZKF
CORATACORE HOLDINGS,RBYFK
PENTAMOWORKS CAPITAL,JXJ
SERAVISOFT PARTNERS,GVK
TERALOGIC VENTURES,PHA
LUNONASYSTEMS INTERNATIONAL,AAUR
ZENIRAINDUSTRIES PARTNERS,GPBG
BREOCORE INTERNATIONAL,TNHIP
LUMACOLABS & CO,IVNX
PRIMORILABS PARTNERS,CMAES
CYRASYSTEMS INTERNATIONAL,GBS
PRIMOLAWORKS INTERNATIONAL,HNZY
NEXARASOFT LIMITED,WALF
ARGONACORE LIMITED,KXSD
VALENVISOLUTIONS SYSTEMS,CUQBE
ASTRARALABS INDUSTRIES,DLD
BREOTECH GLOBAL,IOC
SOLAGLOBAL SYSTEMS,UTAU
SOLACOTECH VENTURES,XYJFF
TERAVITECH PARTNERS,BSQNE
KORASOFT HOLDINGS,WDF
SERAENTERPRISES INDUSTRIES,GPAN
NOVALAENTERPRISES FINANCIAL,YBTDB
CYRAVIPARTNERS LIMITED,MLVI
VELACORE HOLDINGS,QSQJF
TERASOFT INDUSTRIES,XLSDV
ZENIVITECH SYSTEMS,QXNQU
VONANATECH GLOBAL,GKX
LUNOTAVENTURES SYSTEMS,MLPD
NOVALABS SYSTEMS,EOQUK
VORANAWORKS GLOBAL,WMMDF
ORIONLOENTERPRISES RESOURCES,VYRB
LUMASYSTEMS RESOURCES,XGFTU
VALENLOSOFT RESOURCES,CWUTV
LUMAMOCORE RESOURCES,LOZYI
SOLANALABS GROUP,FEA
HELIOTAENTERPRISES INDUSTRIES,UNZ
VELAMOINDUSTRIES SYSTEMS,MBJ
PRIMOVISOFT INC,BGENO
ORIONRILOGIC INDUSTRIES,RWQ
SOLANALABS RESOURCES,ZZK
TERARASYSTEMS FINANCIAL,XCCO
LUMATAVENTURES CAPITAL,ZWOTS
TERACOSOFT HOLDINGS,UNM
VALENLASOFT INTERNATIONAL,TZK
PENTALAVENTURES INC,COUPD
ARGORIPARTNERS FINANCIAL,QWGL
HELIONACORE LIMITED,PFRYM
LUNORAGLOBAL HOLDINGS,JEXT
VALENRIPARTNERS CAPITAL,KARC
PRIMOLAENTERPRISES INTERNATIONAL,DVQJ
VORACOWORKS GROUP,ECEB
PENTACOENTERPRISES INC,XASF
TERAVIPARTNERS CAPITAL,VVAKZ
ASTRARACORE FINANCIAL,SZZVV
MIRASALABS CAPITAL,PDURO
VELARAPARTNERS CAPITAL,XDX
ORIONLOGIC GLOBAL,VNML
CYRACOSOFT PARTNERS,ELVIV
ALTOTALOGIC PARTNERS,GVYG
PRIMOLOSYSTEMS VENTURES,IYZI
ZYRASAENTERPRISES RESOURCES,AMZHS
BREOMOVENTURES RESOURCES,PQZCF
MIRARIVENTURES SYSTEMS,NPVDA
RIVOSAVENTURES INC,ZTZ
ZENIVICORE LIMITED,SOZUD
LUMARIINDUSTRIES INDUSTRIES,DZV
ZENIMOLABS VENTURES,JOAMD
HELIOCOENTERPRISES FINANCIAL,GSN
HELIOLACORE VENTURES,LPF
ASTRAMOENTERPRISES VENTURES,UGXO
ARGOLOSOFT PARTNERS,UXROW
CORATAENTERPRISES INTERNATIONAL,UAKE
SERATECH SYSTEMS,QNDU
QERANALABS HOLDINGS,MDA
NAVOVIWORKS INDUSTRIES,DLSRP
ASTRARITECH & CO,DGWTM
ASTRAVENTURES LIMITED,PQDLB
NAVOSASOLUTIONS RESOURCES,QAT
HELIOLOWORKS FINANCIAL,CFU
PENTASOLUTIONS & CO,WMJ
NAVOMOENTERPRISES LIMITED,WJFAE
CORALOSOLUTIONS PARTNERS,BBEUK
MIRALOLABS INTERNATIONAL,TAN
LUMACOCORE SYSTEMS,KLRDQ
VALENMOSOLUTIONS INTERNATIONAL,BNN
KORALOTECH LIMITED,YPMN
LUNOCOCORE INC,YQNX
MIRALOGIC LIMITED,OBX
SOLAVITECH HOLDINGS,XGMNM
ZYRARAPARTNERS INDUSTRIES,BWRFB
SOLAPARTNERS VENTURES,DZN
PRIMOLASOLUTIONS & CO,FBEG
ZYRASASYSTEMS CAPITAL,TXS
CORAPARTNERS SYSTEMS,TVE
SILOVIINDUSTRIES RESOURCES,WDYQJ
ZENILOLOGIC PARTNERS,JLEMC
BREOLASOLUTIONS FINANCIAL,CAK
LUNORASYSTEMS GLOBAL,VWTI
VONARIGLOBAL INDUSTRIES,AXYSB
ORIONSAINDUSTRIES PARTNERS,RDOYF
VORASAENTERPRISES VENTURES,WDXN
VELALAVENTURES CAPITAL,VWXLQ
ARGOSAENTERPRISES RESOURCES,WAMQK
ORIONCOSYSTEMS INTERNATIONAL,HKA
QERALOSOLUTIONS SYSTEMS,FHJO
CYRARIENTERPRISES INC,UUYGC
ALTOSASOFT LIMITED,BLBB
QERANASOLUTIONS INTERNATIONAL,HALGE
VELARIVENTURES LIMITED,YUT
SILORICORE PARTNERS,OWP
SILOLAGLOBAL VENTURES,GJOX
QERAMOLABS INC,TFHTV
SERALOENTERPRISES FINANCIAL,BWBZC
ORIONRASOLUTIONS RESOURCES,OTC
HELIONASYSTEMS PARTNERS,JGT
VELALOWORKS FINANCIAL,DYBQD
ARGOLABS RESOURCES,CYT
LUNOCORE SYSTEMS,CODN
SILORAGLOBAL INTERNATIONAL,JPG
VALENRALABS GLOBAL,ZHHB
ASTRARAVENTURES SYSTEMS,UBKB
CORARIENTERPRISES INTERNATIONAL,SMZR
NEXALOPARTNERS GROUP,HHNP
VALENENTERPRISES GLOBAL,JAEN
ZENISYSTEMS PARTNERS,QMPO
RIVORITECH CAPITAL,WXUR
SILOSOFT LIMITED,DQTLQ
SILORAGLOBAL VENTURES,VEG
KORAMOSOLUTIONS FINANCIAL,QDMLV
CORAMOVENTURES RESOURCES,IGDQR
NAVORIVENTURES HOLDINGS,MBEP
SERANACORE SYSTEMS,TKGKY
PENTANAENTERPRISES INC,JFA
MIRALABS GROUP,UMOJ
VORACOINDUSTRIES GROUP,JQO
RIVOLOVENTURES PARTNERS,PGIY
QERARASOFT VENTURES,IVGTE
ORIONENTERPRISES SYSTEMS,NQVAB
KORALASOLUTIONS CAPITAL,OXK
ORIONVIVENTURES RESOURCES,NEEHN
ZYRATAENTERPRISES PARTNERS,RFBRB
QERATALOGIC PARTNERS,CLS
SERARIVENTURES INDUSTRIES,JID
MIRASOFT INC,DNW
CORANAENTERPRISES VENTURES,MXL
TERALASOFT VENTURES,WKM
CORACOVENTURES PARTNERS,PLL
KORAGLOBAL INDUSTRIES,TFTE
ORIONNACORE SYSTEMS,MLIZ
ASTRAMOENTERPRISES GROUP,VPEWW
SOLAGLOBAL FINANCIAL,YUV
NOVAVIGLOBAL PARTNERS,GRY
NAVORISYSTEMS INTERNATIONAL,EQB
ASTRAVISOFT FINANCIAL,UNBAA
QERASALABS INC,UNQMQ
NAVORALABS INDUSTRIES,XSYS
RIVOSAGLOBAL GROUP,DDF
SILOCOSOFT SYSTEMS,AKWV
RIVOLOWORKS INC,UEQ
ZYRAVENTURES VENTURES,MHRWS
QERASATECH INTERNATIONAL,XOGD
VORACORE FINANCIAL,FIJD
ARGORISOLUTIONS PARTNERS,ZPV
VELARIENTERPRISES INDUSTRIES,QWNZ
ORIONWORKS VENTURES,HLHQ
VALENLAVENTURES & CO,DSW
LUNONASYSTEMS INDUSTRIES,QAJNS
RIVOSAGLOBAL FINANCIAL,TVOS
VONARAPARTNERS INDUSTRIES,LCDNJ
PENTATASOLUTIONS VENTURES,PEU
NAVOVENTURES & CO,BYRD
VONASYSTEMS & CO,TLL
CYRARISOFT SYSTEMS,NMNK
SILOTAINDUSTRIES INC,VMZX
PRIMOCORE & CO,YMUJC
RIVOVIGLOBAL RESOURCES,TYCC
NOVALOGIC & CO,BNSRI
NAVOMOWORKS SYSTEMS,CNQD
ZENITASOLUTIONS VENTURES,XQFXB
LUMARISOLUTIONS INC,QIKNI
VORATACORE CAPITAL,STA
ALTOMOENTERPRISES FINANCIAL,DDBW
ALTONAWORKS INC,DHUT
ASTRALOVENTURES CAPITAL,ENZLZ
SOLASYSTEMS INDUSTRIES,TYQ
KORARASOLUTIONS INTERNATIONAL,TOAFF
MIRARICORE FINANCIAL,BZUM
ZYRAMOWORKS VENTURES,IJE
NOVARAPARTNERS VENTURES,TYS
ZYRALASOFT RESOURCES,KGN
ZYRARIENTERPRISES RESOURCES,KVOCA
MIRASOLUTIONS INDUSTRIES,HJCE
NOVAVICORE GLOBAL,OFT
VELASASYSTEMS GLOBAL,FBERW
HELIOMOENTERPRISES FINANCIAL,BNJ
ALTOMOENTERPRISES GROUP,MGFT
LUMALOVENTURES LIMITED,RLDGE
NOVALABS CAPITAL,RCUAV
CORANASYSTEMS LIMITED,KCRDL
PRIMOVITECH CAPITAL,UHBZF
PRIMOMOSOFT GROUP,RUP
FINAWORKS GLOBAL,LMN
FINACOLABS SYSTEMS,BTH
NAVOINDUSTRIES PARTNERS,SWNKQ
CYRAVIVENTURES VENTURES,BOG
TERATECH INTERNATIONAL,ENYI
ORIONSAVENTURES INTERNATIONAL,RVM
ORIONTALOGIC CAPITAL,CFI
ALTOSASOLUTIONS INDUSTRIES,DGDX
SOLAENTERPRISES GLOBAL,RYR
VORARICORE SYSTEMS,MLA
ARGOLACORE INC,YEB
VONANASOFT & CO,WGAUM
LUMACOWORKS INDUSTRIES,JOO
LUMACOTECH GROUP,XOQEX
ORIONVIINDUSTRIES FINANCIAL,XYL
VALENCOSOFT VENTURES,RXG
VELALOVENTURES RESOURCES,IGGLE
VONACOTECH SYSTEMS,HLMV
PRIMOSASOLUTIONS SYSTEMS,WWLLI
ZENILAINDUSTRIES INDUSTRIES,BDTL
CORANAENTERPRISES INTERNATIONAL,BCV
KORALACORE INDUSTRIES,WIQ
NOVASASOLUTIONS CAPITAL,YNQO
ARGOVIENTERPRISES LIMITED,WRN
NEXARIENTERPRISES RESOURCES,GIK
PENTANASOFT SYSTEMS,WQO
SOLALOGIC INC,OPSYV
NEXANATECH VENTURES,OLXBT
SILOTAPARTNERS RESOURCES,XPUTV
VONALAVENTURES RESOURCES,ETU
ARGOSOLUTIONS HOLDINGS,NZFE
VELAENTERPRISES GLOBAL,QMFN
ARGOSOFT INC,ORUN
HELIOSALABS LIMITED,PRPEE
NAVONAGLOBAL HOLDINGS,ANEKY
CORANASOLUTIONS GLOBAL,JPWN
VALENRALOGIC LIMITED,OGY
ASTRALAVENTURES HOLDINGS,LDE
SILOSAINDUSTRIES INTERNATIONAL,OHHY
ORIONVITECH HOLDINGS,EADW
KORATASOFT RESOURCES,NPJCW
NEXALAGLOBAL SYSTEMS,IAARS
SILORISOFT FINANCIAL,VGSAC
ARGOTASOLUTIONS GLOBAL,VDD
ZYRAPARTNERS & CO,TQYOL
ZENIMOLABS INTERNATIONAL,WGJQ
TERARAPARTNERS INDUSTRIES,KZCYV
NEXATACORE SYSTEMS,XZCG
CORATECH CAPITAL,CQKI
VONARIPARTNERS RESOURCES,JFSAE
PRIMONALOGIC GLOBAL,EUO
CORALOGIC VENTURES,NTVC
BREORIGLOBAL & CO,OJB
MIRALAINDUSTRIES FINANCIAL,GZF
CORAENTERPRISES RESOURCES,TGF
ALTOSAGLOBAL CAPITAL,CDS
RIVOCOENTERPRISES CAPITAL,VKC
VELALASOLUTIONS RESOURCES,SIFXG
PENTARATECH INDUSTRIES,PPCSU
CYRAVICORE INDUSTRIES,EYR
TERAMOINDUSTRIES RESOURCES,TBH
NAVONALOGIC INTERNATIONAL,XCZGK
MIRAMOENTERPRISES HOLDINGS,TGNVC
NEXANALABS RESOURCES,EVYBY
MIRANACORE CAPITAL,ECBF
NAVONALABS SYSTEMS,FIFJ
FINAGLOBAL SYSTEMS,YEUM
VORACOSYSTEMS GROUP,GJTBS
MIRAVILABS & CO,LUJ
PRIMOSAVENTURES INC,WDWML
NOVARILABS FINANCIAL,KQY
TERAMOVENTURES INTERNATIONAL,VRTE
TERAMOCORE INTERNATIONAL,KZZO
QERASAENTERPRISES INTERNATIONAL,CCUY
KORACOLOGIC PARTNERS,MVVBJ
VONAWORKS SYSTEMS,FXDWO
FINACOVENTURES RESOURCES,VRMUS
NOVAMOLOGIC HOLDINGS,FOK
PRIMOVENTURES VENTURES,CBKF
SOLACOGLOBAL & CO,EOHW
RIVOTAWORKS LIMITED,MLB
ALTOVENTURES INDUSTRIES,FMXDT
CORACOLOGIC INC,ORR
VELARIENTERPRISES FINANCIAL,MJDJ
ZYRACOSOLUTIONS SYSTEMS,RVEQ
ZYRASATECH HOLDINGS,HAGSP
PRIMOTAVENTURES INTERNATIONAL,GQV
SILOSALOGIC VENTURES,VNFYJ
ZENIVIENTERPRISES INDUSTRIES,NRBG
SOLARILOGIC INDUSTRIES,FOC
CORACOSOLUTIONS VENTURES,TDBWI
HELIOVILOGIC HOLDINGS,YGG
ARGOCOSYSTEMS FINANCIAL,LIS
RIVORISYSTEMS VENTURES,ZUDKA
SILOMOENTERPRISES INC,WLGU
NEXALALABS FINANCIAL,PTSEO
NEXATATECH & CO,KBDN
ZYRASAVENTURES INDUSTRIES,ZVMNG
VORACOSOFT GROUP,UFV
RIVORILOGIC HOLDINGS,FIDT
ORIONTASYSTEMS LIMITED,GLZD
ZENIVICORE INTERNATIONAL,QMSJ
SOLATASOFT VENTURES,PSH
QERALASOLUTIONS VENTURES,XLZS
ZYRARIINDUSTRIES SYSTEMS,OFFIC
HELIORAENTERPRISES & CO,PJZ
VALENLALABS SYSTEMS,XDTZ
ORIONLAINDUSTRIES LIMITED,KVQA
NAVOTAWORKS HOLDINGS,DJDRI
PENTACOLABS GROUP,JHUD
ORIONMOSOLUTIONS GROUP,TIJ
ZYRATAGLOBAL VENTURES,SGHG
NEXAMOLOGIC INTERNATIONAL,BLAP
SOLALASOFT INDUSTRIES,WJUH
PENTAVIVENTURES FINANCIAL,BPE
RIVOTALOGIC LIMITED,LPPU
CORAVITECH INTERNATIONAL,VSO
LUMAMOWORKS INDUSTRIES,ODL
SOLARAWORKS VENTURES,BNG
TERALALOGIC SYSTEMS,SFOBW
VONAVILABS & CO,OPW
VELASALOGIC VENTURES,BLI
LUMACOCORE PARTNERS,INVXE
HELIORAVENTURES & CO,GDV
LUMALABS GROUP,AAM
CORASOLUTIONS LIMITED,UEDD
HELIOVILABS FINANCIAL,ZTLVL
KORAINDUSTRIES RESOURCES,XICG
SOLAWORKS INDUSTRIES,ESF
TERACOLABS GLOBAL,AYSN
PRIMOTAGLOBAL GROUP,HAQNL
NEXARILABS HOLDINGS,WTO
ZYRASYSTEMS FINANCIAL,XDT
BREOSASOLUTIONS VENTURES,UYIH
TERATAWORKS CAPITAL,YKZN
VALENLAINDUSTRIES VENTURES,ADJZ
ARGOSASYSTEMS GLOBAL,JHI
LUNOWORKS INDUSTRIES,JPHT
BREOLATECH HOLDINGS,OKXG
CORARIINDUSTRIES CAPITAL,UMUJ
TERALALOGIC PARTNERS,DCXV
ALTOMOSOFT VENTURES,IAHT
ALTOGLOBAL INDUSTRIES,VDNJJ
FINACOTECH FINANCIAL,AOVGP
KORANAVENTURES VENTURES,MNJP
SOLASOLUTIONS HOLDINGS,HHYR
VELACOLOGIC HOLDINGS,OETJF
SERAMOTECH GROUP,YKP
NOVANAGLOBAL LIMITED,WMC
SILOWORKS LIMITED,OPICL
RIVORASOFT INTERNATIONAL,ZYSU
VALENRICORE GLOBAL,JYDY
LUNOTAENTERPRISES LIMITED,XRWF
QERASAPARTNERS GROUP,SBUM
CORAMOTECH SYSTEMS,JWFN
ALTOCORE INC,QOP
RIVOSYSTEMS INTERNATIONAL,DIM
RIVOSAENTERPRISES FINANCIAL,GMLCF
VALENLOSYSTEMS SYSTEMS,QMYK
NEXAMOTECH INDUSTRIES,TMV
ZYRANACORE GROUP,ATS
SOLACOCORE INC,NMU
LUNORAPARTNERS PARTNERS,ERN
ORIONSYSTEMS RESOURCES,RTFYE
VALENLOWORKS HOLDINGS,VEH
CORANAVENTURES INTERNATIONAL,SUZZ
PENTACOVENTURES GROUP,UJAMI
ASTRASALABS PARTNERS,EJEZ
TERAENTERPRISES SYSTEMS,BCD
QERAMOSOLUTIONS & CO,EZHC
HELIORATECH INDUSTRIES,MAEFM
QERAVISYSTEMS INTERNATIONAL,XFLEF
BREOTASOLUTIONS INDUSTRIES,IQHNA
ALTORITECH GLOBAL,HIAYL
SOLARALOGIC INC,JKOQ
LUNONAGLOBAL INC,RREV
PRIMOCOSOFT LIMITED,ZCMD
RIVOSALABS SYSTEMS,XMQJC
TERALOLABS INDUSTRIES,EULVC
BREOLOLOGIC RESOURCES,MPUY
PRIMOWORKS CAPITAL,PRVO
ALTOTASYSTEMS SYSTEMS,YHJ
NEXASAVENTURES GLOBAL,IITD
HELIORAGLOBAL SYSTEMS,RQQI
VALENCOSOFT INDUSTRIES,ETJ
SERALOINDUSTRIES INDUSTRIES,OCP
CYRATAVENTURES RESOURCES,KLA
FINAVIPARTNERS GLOBAL,MWBZH
ORIONCOLABS INTERNATIONAL,BURGU
VORACOCORE HOLDINGS,BOCNJ
VORAMOVENTURES INDUSTRIES,GLCG
TERAENTERPRISES PARTNERS,BZHB
PRIMOCOSOLUTIONS FINANCIAL,XXTF
LUMASASYSTEMS RESOURCES,BZE
RIVOTECH LIMITED,HTR
NOVAMOPARTNERS INTERNATIONAL,ZWR
VALENSAWORKS GLOBAL,NUABA
CYRALOGLOBAL INC,TCCR
NEXARICORE CAPITAL,SFVJH
QERARISOFT INDUSTRIES,SUM
KORACORE FINANCIAL,TEOE
HELIOCOGLOBAL FINANCIAL,FMDB
TERALAGLOBAL SYSTEMS,KHUG
LUMALOTECH LIMITED,ZEHO
PENTASASOFT GROUP,PBF
ARGORICORE GROUP,KEW
BREOLASOLUTIONS CAPITAL,PIZRL
ASTRALAWORKS RESOURCES,KPOM
ALTONASOFT LIMITED,FSM
BREOLOSYSTEMS INDUSTRIES,PTZ
FINALOVENTURES RESOURCES,PRO
NOVAVENTURES INC,PUHAA
SILOSAWORKS GROUP,RYVQV
ZENILOSYSTEMS HOLDINGS,LSD
FINARIWORKS INTERNATIONAL,IQS
PRIMOVISYSTEMS GLOBAL,SQXX
MIRAVISOLUTIONS CAPITAL,WWA
KORARIVENTURES RESOURCES,YEJ
ORIONNAGLOBAL HOLDINGS,ZCRZI
SERAWORKS INC,RTM
NOVANAWORKS INC,WRZAJ
CYRARASYSTEMS PARTNERS,EVEJ
NAVOLOLOGIC VENTURES,XDOCZ
LUMATACORE FINANCIAL,FPLI
HELIOLOCORE RESOURCES,YTM
ORIONCOSOFT INDUSTRIES,HLFJD
PENTANAWORKS SYSTEMS,HKKZ
NOVATAINDUSTRIES HOLDINGS,WNAFZ
ZENINAENTERPRISES & CO,DRM
MIRALOSOLUTIONS PARTNERS,DVP
HELIOCOLABS FINANCIAL,AFHIF
VALENMOPARTNERS INTERNATIONAL,NKBOB
NEXAVENTURES INDUSTRIES,IMRXW
VORACOLOGIC INDUSTRIES,HYRU
NEXATASOLUTIONS PARTNERS,XBD
LUMATECH PARTNERS,BUG
ASTRATAINDUSTRIES LIMITED,EUW
ORIONVICORE & CO,SRWLS
SILOLOWORKS FINANCIAL,DNA
VORANAVENTURES INTERNATIONAL,XTO
ALTOLATECH PARTNERS,VNZ
NOVARITECH & CO,HDZPA
PENTAENTERPRISES GLOBAL,NNNAA
LUMARACORE GLOBAL,SXTI
ALTOCOSOFT FINANCIAL,UWBE
ALTOLOLOGIC HOLDINGS,HQEL
SERAMOGLOBAL SYSTEMS,WFIJF
FINAMOINDUSTRIES INTERNATIONAL,OMOP
ORIONVISOLUTIONS CAPITAL,SMNV
SERATAINDUSTRIES & CO,ZYOJ
SOLALALOGIC SYSTEMS,YSO
ARGOVIENTERPRISES VENTURES,UTZY
NEXALOCORE GROUP,HTXOE
VALENSACORE VENTURES,ORDE
RIVOLAPARTNERS SYSTEMS,ZLPQ
CORALALOGIC INDUSTRIES,CEEQT
ZENIGLOBAL LIMITED,ILMRW
FINARACORE GROUP,FERZ
CORALAVENTURES INC,XNRJG
VORANAVENTURES CAPITAL,HBFD
KORASASYSTEMS GLOBAL,UJGAY
FINASALABS PARTNERS,UJM
QERACOLOGIC FINANCIAL,RCEYP
QERASAGLOBAL INC,OFBV
SOLANASYSTEMS INC,VXJ
MIRAVENTURES INTERNATIONAL,ASWA
LUMAVILOGIC & CO,LNWJS
HELIOCOWORKS & CO,STF
ZENICOLOGIC CAPITAL,BHIXG
ORIONCOINDUSTRIES CAPITAL,KYSFD
ZENILOTECH INDUSTRIES,CKBXL
LUMAVIWORKS LIMITED,QYL
VELATASYSTEMS SYSTEMS,WTE
ARGOLOGLOBAL PARTNERS,KLRAI
KORACOENTERPRISES HOLDINGS,NPJ
RIVOMOTECH INTERNATIONAL,TBM
SILOVIINDUSTRIES LIMITED,CDTD
ZYRACOVENTURES SYSTEMS,HYFN
NEXAVILABS SYSTEMS,EYK
QERALAENTERPRISES VENTURES,DBOB
TERACORE CAPITAL,IPL
FINAMOVENTURES HOLDINGS,IJO
ARGOCORE GLOBAL,YBHBT
TERASOFT FINANCIAL,VZHWM
ORIONTATECH HOLDINGS,EQK
PRIMOCOENTERPRISES & CO,LHXMI
CYRALACORE GLOBAL,MANVB
SOLACOLABS & CO,OUGZD
NEXASOFT CAPITAL,MSF
ALTORIENTERPRISES & CO,ZCD
CYRARIENTERPRISES GROUP,EIMX
NAVOVISOFT LIMITED,TLDOV
SOLAVILABS PARTNERS,GQY
SOLAWORKS SYSTEMS,FWVW
MIRAMOTECH INC,JXCO
PENTAGLOBAL PARTNERS,YFHUT
ORIONLAENTERPRISES GLOBAL,FOB
ZYRALOTECH INC,MUNDI
SERAMOSOFT SYSTEMS,PDWM
SERAVENTURES VENTURES,ICDPJ
CYRARILABS INDUSTRIES,EEPWP
SERANALOGIC INC,OXIZB
QERASASYSTEMS PARTNERS,NJNCK
CYRACOWORKS & CO,AMROY
ALTOSASOLUTIONS PARTNERS,ITGCW
LUMATAGLOBAL INTERNATIONAL,ILN
ORIONSAGLOBAL HOLDINGS,DTG
CYRACOSYSTEMS INC,FMSVA
NOVAGLOBAL INTERNATIONAL,YTKL
VALENLAENTERPRISES GLOBAL,SOHGI
FINARISYSTEMS INDUSTRIES,JTWUL
LUNOVICORE FINANCIAL,NZC
PENTAWORKS RESOURCES,RXXRR
NOVASOFT INC,QWP
VALENNASOLUTIONS VENTURES,BKKJD
VORAINDUSTRIES INC,CXKMR
PENTAMOTECH SYSTEMS,XAAQ
LUMARILABS INC,WOEC
TERASAWORKS SYSTEMS,QGD
CORACOSYSTEMS GLOBAL,VAOTN
ZENIMOENTERPRISES PARTNERS,XYD
CYRAVILABS HOLDINGS,USVXR
RIVOENTERPRISES FINANCIAL,BVXJ
MIRARIWORKS RESOURCES,WJNG
HELIORASOLUTIONS RESOURCES,TUO
NOVANASOLUTIONS LIMITED,LDLGP
HELIOLOTECH SYSTEMS,HJXX
VORAPARTNERS SYSTEMS,KYYQ
PRIMONAINDUSTRIES PARTNERS,NKD
ZYRASATECH & CO,PNMO
SILOLOSOLUTIONS RESOURCES,ESQ
ZYRASASOFT SYSTEMS,IYEJ
VONAMOWORKS RESOURCES,EQN
ZYRATAWORKS PARTNERS,VYP
VELAMOSOFT VENTURES,RMA
LUMALOPARTNERS HOLDINGS,BNPB
PRIMOWORKS INC,JCPX
BREOVIVENTURES VENTURES,EUS
ORIONTAVENTURES INTERNATIONAL,AOY
NEXARIWORKS LIMITED,CYQZQ
NAVOLOGLOBAL LIMITED,LUYQ
ARGOLALOGIC INTERNATIONAL,LFOQI
RIVOVISOLUTIONS & CO,OCZOU
TERATASYSTEMS VENTURES,TCSJB
ZYRARAINDUSTRIES & CO,SUHG
ASTRASASOLUTIONS VENTURES,NSZ
KORACOWORKS FINANCIAL,FTSP
BREORAWORKS & CO,MPZ
BREOLOTECH GROUP,QDOVF
HELIOLOSOLUTIONS GLOBAL,AYEKP
VELARASOFT INDUSTRIES,MQUEM
LUNOLOINDUSTRIES GLOBAL,WWKE
PRIMOVIGLOBAL LIMITED,BBWI
PRIMOVILOGIC FINANCIAL,IZBQG
CORAMOCORE VENTURES,TJLVZ
ALTONAPARTNERS CAPITAL,DVBQ
NEXARASYSTEMS INDUSTRIES,JUOXS
SOLASAPARTNERS CAPITAL,CYE
ALTOCOCORE PARTNERS,PSYFL
CYRACOINDUSTRIES INTERNATIONAL,TPCGZ
ZYRARISYSTEMS SYSTEMS,IUM
VALENSAINDUSTRIES SYSTEMS,EGX
ARGOENTERPRISES VENTURES,XGV
NOVATACORE HOLDINGS,KIW
VALENRASOFT PARTNERS,SQXDY
VORALAGLOBAL FINANCIAL,ACK
TERANAGLOBAL INC,VKF
NOVACOGLOBAL INC,PUGEO
NEXAMOENTERPRISES RESOURCES,JCU
NEXARAPARTNERS FINANCIAL,VJEP
VONARALOGIC RESOURCES,LUDDJ
KORAINDUSTRIES & CO,YSH
CYRASOLUTIONS INC,XVFO
PENTARIPARTNERS FINANCIAL,UCPSX
QERAVIPARTNERS VENTURES,QTYN
LUNORAGLOBAL PARTNERS,TWQM
PENTARAGLOBAL FINANCIAL,WPEIO
FINALOGIC VENTURES,SQE
CORATAGLOBAL HOLDINGS,XZM
ARGOCOINDUSTRIES RESOURCES,WIEEX
ZYRANASOFT INTERNATIONAL,CFLGC
VELANAPARTNERS INTERNATIONAL,GLUUO
NEXARACORE SYSTEMS,VFF
NAVOSALABS LIMITED,GTM
ARGOLOGIC INDUSTRIES,XTJUA
ALTOLASOLUTIONS SYSTEMS,PNHA
VELARACORE HOLDINGS,WRQ
MIRACORE INDUSTRIES,YKBML
LUMANACORE FINANCIAL,LFEF
ORIONLOSOLUTIONS INC,DKGX
HELIOLOLOGIC HOLDINGS,TQU
VORAVIWORKS HOLDINGS,JJXTO
NAVORACORE PARTNERS,OXZI
ZYRANAINDUSTRIES HOLDINGS,QOLBY
BREORAENTERPRISES PARTNERS,LRQDG
QERATAGLOBAL PARTNERS,WDE
SOLAVENTURES HOLDINGS,LNN
NEXACOVENTURES PARTNERS,AAZRX
FINASALABS HOLDINGS,IVT
PENTAVIINDUSTRIES VENTURES,XKL
ZYRAMOVENTURES FINANCIAL,CPTSK
HELIOLOLABS VENTURES,SAU
FINARICORE INC,DLEF
SERANASYSTEMS RESOURCES,KLOO
ASTRACOGLOBAL INC,IBRNY
CYRAMOENTERPRISES INDUSTRIES,ZKUJ
LUMAMOTECH & CO,JAQQK
QERASAENTERPRISES GLOBAL,PRQK
RIVOLALABS CAPITAL,WMF
HELIORILABS INTERNATIONAL,TMUV
VALENLAGLOBAL INTERNATIONAL,BRDH
NEXATAENTERPRISES FINANCIAL,SOI
BREOTASYSTEMS INTERNATIONAL,ZQYB
FINASATECH VENTURES,OYH
HELIOLOWORKS GLOBAL,VGJ
QERARALOGIC FINANCIAL,KQNX
SILOCOSOFT HOLDINGS,SNEIM
SERACOCORE LIMITED,USCVX
NEXARIWORKS CAPITAL,ZZG
ASTRAMOGLOBAL SYSTEMS,RSYPG
VALENRIENTERPRISES VENTURES,ABVRK
LUNOVIPARTNERS INDUSTRIES,YNIL
CYRANALABS INTERNATIONAL,MRN
PENTALALOGIC PARTNERS,YIDE
VONACOSYSTEMS HOLDINGS,JNY
ALTOTASOFT PARTNERS,KIOY
PENTASAWORKS GLOBAL,HAMPM
PRIMOTACORE SYSTEMS,RUX
ALTOTASYSTEMS INDUSTRIES,AQT
SILOLAPARTNERS INTERNATIONAL,IPXA
VORASACORE INC,PEJTA
BREOMOSOFT HOLDINGS,SZSO
CORATASOLUTIONS LIMITED,UVDCO
KORATAENTERPRISES HOLDINGS,TKCYH
ZYRALOSOLUTIONS CAPITAL,IGDYA
VORARAWORKS LIMITED,RNG
LUNORILOGIC VENTURES,ELK
ASTRANASOFT PARTNERS,TDLD
NOVASAINDUSTRIES INC,TKFQU
ASTRARIGLOBAL INDUSTRIES,GKA
VONARISOLUTIONS HOLDINGS,GWTDD
ORIONRATECH GLOBAL,YDYFF
FINANALABS FINANCIAL,XNLBH
PRIMORIWORKS PARTNERS,BIXHF
HELIOVISYSTEMS SYSTEMS,LME
VALENMOENTERPRISES CAPITAL,ANOC
SILOMOSOLUTIONS HOLDINGS,UBDTZ
TERATATECH FINANCIAL,VVDYR
ALTOLASOFT LIMITED,XBLH
RIVOLAINDUSTRIES FINANCIAL,RZVVO
ARGOLAWORKS & CO,IYO
TERAVIPARTNERS INTERNATIONAL,HBRPO
SILOLALABS VENTURES,SPQK
ARGONALABS & CO,QLYL
SILOMOSYSTEMS SYSTEMS,JOOMA
SERARAVENTURES LIMITED,XNKGH
VONASAGLOBAL RESOURCES,EFHE
CYRALAWORKS INDUSTRIES,EDSJ
PRIMOSYSTEMS FINANCIAL,JAYYC
ALTOGLOBAL GROUP,SGQ
KORARASYSTEMS GLOBAL,QPAP
VALENRIENTERPRISES INTERNATIONAL,EPYVB
CORAVICORE FINANCIAL,BWJ
NAVOTASYSTEMS INTERNATIONAL,RRX
MIRALOLABS RESOURCES,ALQIJ
KORAMOSOFT GROUP,TEVXT
HELIOMOENTERPRISES INTERNATIONAL,DCTCO
ZYRANAENTERPRISES VENTURES,DMUT
BREOSACORE INDUSTRIES,MJBSH
VALENLOLOGIC SYSTEMS,IZKWH
VONARAGLOBAL HOLDINGS,IEDG
CORANAENTERPRISES INDUSTRIES,HELV
PENTARITECH RESOURCES,RCGNE
SOLATATECH RESOURCES,POLP
SOLAVISOFT LIMITED,CXI
VONARISYSTEMS GLOBAL,JTV
ARGOLOLABS INC,KKEZZ
VALENSYSTEMS HOLDINGS,ITBTL
CYRACOTECH INC,XEYRW
VONATAENTERPRISES INTERNATIONAL,CUW
SILOTAGLOBAL VENTURES,LGQNQ
ZYRAMOVENTURES CAPITAL,SHYX
BREOTECH CAPITAL,JADB
PRIMOLAENTERPRISES INC,XZYHK
LUNOENTERPRISES INDUSTRIES,FCL
PRIMOLAINDUSTRIES FINANCIAL,HMLE
VONAMOENTERPRISES GLOBAL,RSRB
BREOLAWORKS GLOBAL,TJNO
FINACOSYSTEMS FINANCIAL,MCTQ
VORATASOLUTIONS INTERNATIONAL,EBVOZ
BREORASOFT CAPITAL,FNFL
CYRASOFT HOLDINGS,SVEW
LUMAENTERPRISES SYSTEMS,EKMGN
VONALOGLOBAL INC,GAEAN
RIVOCOVENTURES HOLDINGS,DHAH
SOLATAINDUSTRIES HOLDINGS,MOISQ
MIRARASOLUTIONS LIMITED,JEVWY
KORARAGLOBAL VENTURES,AGKWB
CYRAMOPARTNERS INTERNATIONAL,LJX
VORARAENTERPRISES FINANCIAL,PQLDE
CYRANASOFT CAPITAL,NVDMS
ZYRALOGIC & CO,KBS
RIVORATECH GROUP,NVRWN
ARGOGLOBAL VENTURES,QKPO
NEXALAINDUSTRIES CAPITAL,PLF
ZYRALAWORKS LIMITED,HCQGQ
HELIOLOSYSTEMS RESOURCES,MOG
CYRALAENTERPRISES & CO,LTIP
RIVOLOINDUSTRIES HOLDINGS,VUQ
PENTALOVENTURES RESOURCES,GNGGO
FINASAPARTNERS VENTURES,VPT
HELIOLOSOFT GLOBAL,WGW
ALTORIVENTURES RESOURCES,RGKUB
VELACOVENTURES INDUSTRIES,QILUY
ASTRACOLOGIC VENTURES,CGEE
BREOLOVENTURES LIMITED,NPII
RIVOSOFT PARTNERS,HSI
RIVOTALABS RESOURCES,EJQ
PRIMOLALOGIC FINANCIAL,ZNO
NAVOVIGLOBAL INC,ZZRZI
PENTASAENTERPRISES GLOBAL,GJMGM
MIRARISOFT GLOBAL,LYMIR
SERACOPARTNERS INDUSTRIES,GUU
ORIONCOLOGIC HOLDINGS,DMLQ
VORASOLUTIONS SYSTEMS,GBMLY
VALENLATECH INDUSTRIES,ZEIF
QERAMOSOLUTIONS INTERNATIONAL,VHVS
NOVASAVENTURES INC,BCIZ
BREORITECH HOLDINGS,CKH
NOVAPARTNERS CAPITAL,EGNPH
BREORIPARTNERS GLOBAL,ZRLRI
BREONASOLUTIONS LIMITED,ZIPNT
ZYRASALOGIC CAPITAL,FOXTT
NEXALOINDUSTRIES INC,JEL
ARGOLALOGIC GROUP,NNJ
SERAMOGLOBAL LIMITED,YZVJA
HELIORACORE GLOBAL,KBB
RIVOCORE GLOBAL,ATODF
ALTOSATECH FINANCIAL,AVPX
CYRALAINDUSTRIES GLOBAL,QMVHB
ZYRALOTECH GROUP,HEXMF
MIRALOCORE INTERNATIONAL,BXG
VALENTASOFT & CO,ZEFRY
VALENLALOGIC INTERNATIONAL,AMD
ZENIRAPARTNERS GLOBAL,YAIZ
PENTASOFT RESOURCES,RDR
ASTRALOGLOBAL FINANCIAL,NYSWG
LUNONASOLUTIONS INDUSTRIES,YGGN
ORIONNALOGIC GLOBAL,GZWJ
LUNOTAINDUSTRIES PARTNERS,PGRR
ASTRARIWORKS GLOBAL,YWS
LUNOPARTNERS INTERNATIONAL,KOSY
VALENSASYSTEMS INTERNATIONAL,XYQBZ
LUNOLAENTERPRISES & CO,FYPN
LUMATAPARTNERS VENTURES,DCDM
ZYRACORE & CO,IKQRT
VALENVISYSTEMS GLOBAL,FRA
HELIOLAINDUSTRIES VENTURES,YZME
VELASASOFT GLOBAL,TOE
ZENICOLOGIC LIMITED,OJW
ZYRALAVENTURES INTERNATIONAL,UECX
QERARISOLUTIONS INTERNATIONAL,FZTN
SERACOLABS SYSTEMS,JSQ
VELARIWORKS GROUP,CGMGQ
PENTAMOLABS HOLDINGS,JQBJ
VELAVENTURES GLOBAL,ERM
VONASASOLUTIONS GLOBAL,FYLX
SILOSASOLUTIONS SYSTEMS,IEQ
LUMATECH INTERNATIONAL,SMG
TERALOLOGIC GLOBAL,EGPEC
SOLALOWORKS INC,SNC
ALTOCOINDUSTRIES INC,QJYC
VALENCOENTERPRISES SYSTEMS,WPKK
RIVOCORE RESOURCES,IPXQZ
ASTRARIWORKS CAPITAL,GOF
TERARASOLUTIONS FINANCIAL,PAG
NAVOLASYSTEMS PARTNERS,BEVCY
CYRASOLUTIONS HOLDINGS,VQGCR
QERANAGLOBAL INC,ESKCB
SOLARASOFT HOLDINGS,ZHXD
VORACOENTERPRISES FINANCIAL,DLEOT
PRIMOSAINDUSTRIES FINANCIAL,IKEZ
NAVORATECH & CO,RCL
NOVALOENTERPRISES RESOURCES,UHBD
SILOTALOGIC GLOBAL,NCYX
VELARALOGIC INC,RHQFM
ZENIVIGLOBAL GLOBAL,JZKN
ALTOLOPARTNERS & CO,VLEO
VONARISOLUTIONS GLOBAL,MMAKE
MIRAWORKS RESOURCES,YGM
FINARAVENTURES CAPITAL,FQCA
SOLALAGLOBAL & CO,MACAW
PRIMOCORE HOLDINGS,BKR
PENTACOSYSTEMS SYSTEMS,RTHM
VORALAGLOBAL INC,IKZ
KORALAVENTURES INTERNATIONAL,RMPCJ
NOVANAPARTNERS HOLDINGS,JIEWC
RIVOLOPARTNERS GROUP,YGYE
LUNORIVENTURES INC,DTHQ
QERALATECH GLOBAL,VSLYA
ZENICORE HOLDINGS,QTF
RIVOCORE INTERNATIONAL,LQZ
VALENLOCORE PARTNERS,VFI
MIRAWORKS FINANCIAL,IPQK
ZYRAVILOGIC INTERNATIONAL,NPCL
SOLALOSOLUTIONS INDUSTRIES,MIN
RIVOMOVENTURES GLOBAL,EGMO
SERALAINDUSTRIES CAPITAL,FUJ
TERANALOGIC INTERNATIONAL,ASMD
TERANATECH FINANCIAL,LLB
NOVARISYSTEMS GLOBAL,JSPB
BREOCOPARTNERS GLOBAL,QSIWJ
ASTRANAVENTURES INC,FCBXJ
ORIONSASOLUTIONS INDUSTRIES,FTSYP
ARGOMOPARTNERS INDUSTRIES,KNOR
PRIMOCOPARTNERS LIMITED,NJVSK
ZYRAVIGLOBAL GROUP,YWYGU
CYRALOVENTURES HOLDINGS,TEAUR
SERATAINDUSTRIES FINANCIAL,CVCKN
SERAGLOBAL VENTURES,IMQ
PENTATAGLOBAL GROUP,VYI
SOLARASOLUTIONS VENTURES,WPTC
ASTRAVISOLUTIONS & CO,MQF
NEXAMOWORKS GROUP,ZVU
LUMALOTECH GROUP,VRV
ALTOLOWORKS VENTURES,IDV
FINASASOFT SYSTEMS,SJULF
HELIOCOSYSTEMS GROUP,HDKGH
PENTANATECH CAPITAL,IGGGA
LUNONASYSTEMS PARTNERS,HAQR
ARGOGLOBAL FINANCIAL,YMMYJ
ZYRARIPARTNERS GROUP,FNAO
NEXARALOGIC INTERNATIONAL,DUHLA
PENTARASOLUTIONS INTERNATIONAL,MGMWX
NAVOSASYSTEMS RESOURCES,FSYU
ZENIMOSOLUTIONS INDUSTRIES,YWV
KORATAVENTURES INDUSTRIES,WVFC
FINASAGLOBAL LIMITED,WOZ
RIVOTECH RESOURCES,BPN
ZYRATAVENTURES INTERNATIONAL,TCHC
LUNOGLOBAL & CO,FFVC
ARGOSOFT GROUP,ORAG
RIVOLAINDUSTRIES HOLDINGS,HIPH
ZENIINDUSTRIES INTERNATIONAL,QKJG
ORIONRISOLUTIONS RESOURCES,GCTYX
VORARIGLOBAL FINANCIAL,THZPC
VORASAENTERPRISES INTERNATIONAL,YEKF
NEXATAGLOBAL & CO,QWM
VORALOSYSTEMS VENTURES,WRU
NOVANATECH HOLDINGS,PNIJ
LUMANAENTERPRISES FINANCIAL,VYX
NOVATAPARTNERS CAPITAL,NVGSP
RIVOENTERPRISES PARTNERS,DNR
ORIONCOLOGIC INTERNATIONAL,DHE
NEXAVIGLOBAL & CO,REFIP
VONACOGLOBAL GROUP,DZDQ
SERARACORE INC,ZEQ
HELIOTAINDUSTRIES VENTURES,CYYU
FINARISOFT GLOBAL,LWI
VONARASOFT INDUSTRIES,RNCI
CORASAVENTURES RESOURCES,DPD
ZYRALOVENTURES GROUP,DUL
VALENRAPARTNERS GLOBAL,XDBN
LUNORIINDUSTRIES FINANCIAL,JAMWE
ASTRAWORKS GLOBAL,ZECX
LUMASAGLOBAL CAPITAL,QDZNI
ARGORAINDUSTRIES PARTNERS,BZIS
KORATAWORKS SYSTEMS,GNW
VORATALOGIC SYSTEMS,BYNEP
BREOSOLUTIONS PARTNERS,OLQBZ
VONARAWORKS HOLDINGS,QYG
FINATA TECH RESOURCES,WIMQ
VORALA TECH RESOURCES,TKK
ALTOLOWORKS SYSTEMS,EPSF
CYRA ENTERPRISES SYSTEMS,QYKV
PENTALA CORE HOLDINGS,WUG
ALTONA GLOBAL VENTURES,OZNX
ZENI WORKS GLOBAL,EMNLJ
KORA GLOBAL PARTNERS,GHR
QERALO LOGIC VENTURES,RGFCN
PENTAMO LOGIC INDUSTRIES,MSTGV
SILOVI PARTNERS GROUP,GYX
SERANA TECH CAPITAL,VAPD
SOLALA TECH CAPITAL,FEI
VORA SOLUTIONS VENTURES,FACE
CYRAVI VENTURES LIMITED,NRCFZ
LUNOMOSYSTEMS PARTNERS,WTEFI
RIVOTAENTERPRISES & CO,XHDEW
SILONAENTERPRISES GLOBAL,ABNJQ
HELIOSASOLUTIONS INDUSTRIES,FFT
CORAMOINDUSTRIES GLOBAL,FED
SERANAENTERPRISES HOLDINGS,MSO
KORATATECH GLOBAL,UKC
VALENMOLOGIC INDUSTRIES,GVMXA
HELIOSASOLUTIONS RESOURCES,DHKY
FINANASOLUTIONS GROUP,DYL
VALENMOSOFT LIMITED,BNTOZ
KORATASOLUTIONS LIMITED,XDOT
NOVARIWORKS PARTNERS,NLL
KORAVITECH INC,KSHNV
VELARAGLOBAL SYSTEMS,JGGZ
ZYRAINDUSTRIES INC,GNRKC
NOVASYSTEMS PARTNERS,CQOZ
FINARISOFT INC,LPFQ
SERANAVENTURES PARTNERS,VWND
ASTRASOLUTIONS INTERNATIONAL,FIOD
VORANALABS INTERNATIONAL,IIDV
CORARAENTERPRISES GLOBAL,RGV
SILORAENTERPRISES INTERNATIONAL,UNVPI
RIVOINDUSTRIES INTERNATIONAL,PXSZ
SILOTALABS PARTNERS,FPTVL
NOVARACORE GLOBAL,HUMT
NOVAMOENTERPRISES CAPITAL,TZRSV
HELIOCOLABS RESOURCES,RAUB
ARGOMOSOLUTIONS RESOURCES,DFTN
ALTONATECH SYSTEMS,CRWZZ
NEXASALOGIC FINANCIAL,BAXYT
SERATASYSTEMS INC,YLHR
CYRACOVENTURES SYSTEMS,KOC
LUNOMOSOFT INTERNATIONAL,KLDG
BREOINDUSTRIES GLOBAL,CVSOP
SERACOLABS INDUSTRIES,LFN
TERACOLABS GROUP,LFW
LUNOPARTNERS RESOURCES,IVAR
ZYRACOVENTURES RESOURCES,DJF
RIVORALABS GROUP,DXJCQ
ZENICORE INDUSTRIES,TZYIW
VELATAINDUSTRIES & CO,WAYT
ASTRANACORE RESOURCES,HKTOK
ZENINALOGIC LIMITED,LPWND
TERALABS HOLDINGS,MZEJ
NAVOVISOLUTIONS VENTURES,FPKV
VALENMOTECH VENTURES,QHJIW
ZENILOTECH CAPITAL,HEJ
VORARATECH FINANCIAL,DCML
BREOLALOGIC PARTNERS,WLT
VELANASOFT PARTNERS,KRYX
LUNOTAENTERPRISES INDUSTRIES,IMNSF
CORATAPARTNERS CAPITAL,JSU
BREORATECH INC,MXHW
CYRACOGLOBAL HOLDINGS,FBON
PENTACOSOFT CAPITAL,MNZ
ALTORISOLUTIONS INTERNATIONAL,VAA
ARGOLACORE INDUSTRIES,BIH
PRIMOSAINDUSTRIES SYSTEMS,KUTMO
VALENNASYSTEMS GLOBAL,PBGU
SERAVIPARTNERS INTERNATIONAL,BMR
KORAWORKS VENTURES,BEFD
VONATAWORKS GROUP,LAAA
CYRANAVENTURES & CO,FIN
CYRAVISOFT CAPITAL,KMCG
ARGORISOLUTIONS INDUSTRIES,ZCC
NOVARIPARTNERS & CO,HWJJ
HELIOVENTURES & CO,LOSMF
NOVATASOLUTIONS PARTNERS,GWTR
ARGOMOLOGIC HOLDINGS,OOMG
CYRATECH GLOBAL,BXVE
ARGOGLOBAL LIMITED,MMYIJ
HELIOTALOGIC VENTURES,XGK
CORACOPARTNERS VENTURES,CNTG
NEXAMOGLOBAL GLOBAL,SPF
HELIONALABS HOLDINGS,ZKWKG
SILOTECH FINANCIAL,NRF
ZENISAVENTURES INDUSTRIES,KHLO
CORACOTECH GROUP,AIMPB
VORASAGLOBAL HOLDINGS,KLAX
LUNOLOENTERPRISES INDUSTRIES,WZGH
VELALOPARTNERS RESOURCES,VXH
RIZHAO TRANS DEV GRP,RZTDGC
INVESTMENT AB LATOUR,LATOAS
TOYOTA CREDIT CANADA INC,TOYOTA
SHENGZHOU COMM INV DEV,SZTFDV
AYDEM YENILENEBILIR ENERJI AS,AYDEMT