ISSUER_NAME,ISSUER_TICKER,ISSUER_CIK,ORIGINATOR,ORIGINATOR_TICKER,ORIGINATOR_CIK,SPONSOR_NAME,SPONSOR_TICKER,SPONSOR_CIK,DEPOSITOR,SERVICER,ASSET_FAMILY
Oakhurst Auto Receivables Trust,OART,1701472,Oakhurst Auto Finance LLC,OAKAF,1701455,Oakhurst Capital Markets LLC,OAKCM,1701460,Oakhurst Auto Receivables Depositor LLC,Oakhurst Auto Finance LLC,auto
Oakhurst Credit Card Master Trust,OCCM,1701496,Oakhurst Card Services LLC,OAKCS,1701479,Oakhurst Payments Holdings LLC,OAKPH,1701484,Oakhurst Card Funding LLC,Oakhurst Card Services LLC,card
Oakhurst Consumer Loan Trust,OCLT,1701520,Oakhurst Consumer Finance LLC,OAKCF,1701503,Oakhurst Consumer Capital LLC,OAKCC,1701508,Oakhurst Consumer Receivables Depositor LLC,Oakhurst Consumer Finance LLC,consumer
Oakhurst Student Loan Trust,OSLT,1701544,Oakhurst Student Lending LLC,OAKSL,1701527,Oakhurst Education Capital LLC,OAKEC,1701532,Oakhurst Student Funding LLC,Oakhurst Student Lending LLC,student
Oakhurst Equipment Lease Trust,OELT,1701568,Oakhurst Equipment Finance LLC,OAKEF,1701551,Oakhurst Leasing Holdings LLC,OAKLH,1701556,Oakhurst Equipment Receivables Depositor LLC,Oakhurst Equipment Finance LLC,equipment
Oakhurst Mortgage Trust,OMT,1701592,Oakhurst Mortgage Company LLC,OAKMC,1701575,Oakhurst Residential Capital LLC,OAKRC,1701580,Oakhurst Mortgage Depositor LLC,Oakhurst Mortgage Company LLC,mortgage
Oakhurst Commercial Mortgage Trust,OCMT,1701616,Oakhurst Commercial Realty Capital LLC,OAKRE,1701599,Oakhurst Commercial Capital LLC,OAKKC,1701604,Oakhurst Commercial Mortgage Depositor LLC,Oakhurst Commercial Realty Capital LLC,commercial
Oakhurst Corporate Credit Trust,OCCT,1701640,Oakhurst Asset Management LLC,OAKAM,1701623,Oakhurst Credit Partners LLC,OAKCP,1701628,Oakhurst Credit Funding LLC,Oakhurst Asset Management LLC,corporate_credit
Oakhurst Specialty Asset Trust,OSAT,1701664,Oakhurst Specialty Finance LLC,OAKSF,1701647,Oakhurst Structured Capital LLC,OAKSC,1701652,Oakhurst Specialty Funding LLC,Oakhurst Specialty Finance LLC,esoteric
Brightline Auto Receivables Trust,BART,1701688,Brightline Auto Finance LLC,BRIAF,1701671,Brightline Capital Markets LLC,BRICM,1701676,Brightline Auto Receivables Depositor LLC,Nationstar Mortgage LLC,auto
Brightline Credit Card Master Trust,BCCM,1701712,Brightline Card Services LLC,BRICS,1701695,Brightline Payments Holdings LLC,BRIPH,1701700,Brightline Card Funding LLC,Brightline Card Services LLC,card
Brightline Consumer Loan Trust,BCLT,1701736,Brightline Consumer Finance LLC,BRICF,1701719,Brightline Consumer Capital LLC,BRICC,1701724,Brightline Consumer Receivables Depositor LLC,Brightline Consumer Finance LLC,consumer
Brightline Student Loan Trust,BSLT,1701760,Brightline Student Lending LLC,BRISL,1701743,Brightline Education Capital LLC,BRIEC,1701748,Brightline Student Funding LLC,Brightline Student Lending LLC,student
Brightline Equipment Lease Trust,BELT,1701784,Brightline Equipment Finance LLC,BRIEF,1701767,Brightline Leasing Holdings LLC,BRILH,1701772,Brightline Equipment Receivables Depositor LLC,Brightline Equipment Finance LLC,equipment
Brightline Mortgage Trust,BMT,1701808,Brightline Mortgage Company LLC,BRIMC,1701791,Brightline Residential Capital LLC,BRIRC,1701796,Brightline Mortgage Depositor LLC,Brightline Mortgage Company LLC,mortgage
Brightline Commercial Mortgage Trust,BCMT,1701832,Brightline Commercial Realty Capital LLC,BRIRE,1701815,Brightline Commercial Capital LLC,BRIKC,1701820,Brightline Commercial Mortgage Depositor LLC,Brightline Commercial Realty Capital LLC,commercial
Brightline Corporate Credit Trust,BCCT,1701856,Brightline Asset Management LLC,BRIAM,1701839,Brightline Credit Partners LLC,BRICP,1701844,Brightline Credit Funding LLC,Brightline Asset Management LLC,corporate_credit
Brightline Specialty Asset Trust,BSAT,1701880,Brightline Specialty Finance LLC,BRISF,1701863,Brightline Structured Capital LLC,BRISC,1701868,Brightline Specialty Funding LLC,Brightline Specialty Finance LLC,esoteric
Cascadia Auto Receivables Trust,CART,1701904,Cascadia Auto Finance LLC,CASAF,1701887,Cascadia Capital Markets LLC,CASCM,1701892,Cascadia Auto Receivables Depositor LLC,Cascadia Auto Finance LLC,auto
Cascadia Credit Card Master Trust,CCCM,1701928,Cascadia Card Services LLC,CASCS,1701911,Cascadia Payments Holdings LLC,CASPH,1701916,Cascadia Card Funding LLC,Shellpoint Mortgage Servicing,card
Cascadia Consumer Loan Trust,CCLT,1701952,Cascadia Consumer Finance LLC,CASCF,1701935,Cascadia Consumer Capital LLC,CASCC,1701940,Cascadia Consumer Receivables Depositor LLC,Cascadia Consumer Finance LLC,consumer
Cascadia Student Loan Trust,CSLT,1701976,Cascadia Student Lending LLC,CASSL,1701959,Cascadia Education Capital LLC,CASEC,1701964,Cascadia Student Funding LLC,Cascadia Student Lending LLC,student
Cascadia Equipment Lease Trust,CELT,1702000,Cascadia Equipment Finance LLC,CASEF,1701983,Cascadia Leasing Holdings LLC,CASLH,1701988,Cascadia Equipment Receivables Depositor LLC,Cascadia Equipment Finance LLC,equipment
Cascadia Mortgage Trust,CMT,1702024,Cascadia Mortgage Company LLC,CASMC,1702007,Cascadia Residential Capital LLC,CASRC,1702012,Cascadia Mortgage Depositor LLC,Cascadia Mortgage Company LLC,mortgage
Cascadia Commercial Mortgage Trust,CCMT,1702048,Cascadia Commercial Realty Capital LLC,CASRE,1702031,Cascadia Commercial Capital LLC,CASKC,1702036,Cascadia Commercial Mortgage Depositor LLC,Cascadia Commercial Realty Capital LLC,commercial
Cascadia Corporate Credit Trust,CCCT,1702072,Cascadia Asset Management LLC,CASAM,1702055,Cascadia Credit Partners LLC,CASCP,1702060,Cascadia Credit Funding LLC,Cascadia Asset Management LLC,corporate_credit
Cascadia Specialty Asset Trust,CSAT,1702096,Cascadia Specialty Finance LLC,CASSF,1702079,Cascadia Structured Capital LLC,CASSC,1702084,Cascadia Specialty Funding LLC,Cascadia Specialty Finance LLC,esoteric
Ironwood Auto Receivables Trust,IART,1702120,Ironwood Auto Finance LLC,IROAF,1702103,Ironwood Capital Markets LLC,IROCM,1702108,Ironwood Auto Receivables Depositor LLC,Ironwood Auto Finance LLC,auto
Ironwood Credit Card Master Trust,ICCM,1702144,Ironwood Card Services LLC,IROCS,1702127,Ironwood Payments Holdings LLC,IROPH,1702132,Ironwood Card Funding LLC,Ironwood Card Services LLC,card
Ironwood Consumer Loan Trust,ICLT,1702168,Ironwood Consumer Finance LLC,IROCF,1702151,Ironwood Consumer Capital LLC,IROCC,1702156,Ironwood Consumer Receivables Depositor LLC,Situs Asset Management LLC,consumer
Ironwood Student Loan Trust,ISLT,1702192,Ironwood Student Lending LLC,IROSL,1702175,Ironwood Education Capital LLC,IROEC,1702180,Ironwood Student Funding LLC,Ironwood Student Lending LLC,student
Ironwood Equipment Lease Trust,IELT,1702216,Ironwood Equipment Finance LLC,IROEF,1702199,Ironwood Leasing Holdings LLC,IROLH,1702204,Ironwood Equipment Receivables Depositor LLC,Ironwood Equipment Finance LLC,equipment
Ironwood Mortgage Trust,IMT,1702240,Ironwood Mortgage Company LLC,IROMC,1702223,Ironwood Residential Capital LLC,IRORC,1702228,Ironwood Mortgage Depositor LLC,Ironwood Mortgage Company LLC,mortgage
Ironwood Commercial Mortgage Trust,ICMT,1702264,Ironwood Commercial Realty Capital LLC,IRORE,1702247,Ironwood Commercial Capital LLC,IROKC,1702252,Ironwood Commercial Mortgage Depositor LLC,Ironwood Commercial Realty Capital LLC,commercial
Ironwood Corporate Credit Trust,ICCT,1702288,Ironwood Asset Management LLC,IROAM,1702271,Ironwood Credit Partners LLC,IROCP,1702276,Ironwood Credit Funding LLC,Ironwood Asset Management LLC,corporate_credit
Ironwood Specialty Asset Trust,ISAT,1702312,Ironwood Specialty Finance LLC,IROSF,1702295,Ironwood Structured Capital LLC,IROSC,1702300,Ironwood Specialty Funding LLC,Ironwood Specialty Finance LLC,esoteric
Silverpeak Auto Receivables Trust,SART,1702336,Silverpeak Auto Finance LLC,SILAF,1702319,Silverpeak Capital Markets LLC,SILCM,1702324,Silverpeak Auto Receivables Depositor LLC,Silverpeak Auto Finance LLC,auto
Silverpeak Credit Card Master Trust,SCCM,1702360,Silverpeak Card Services LLC,SILCS,1702343,Silverpeak Payments Holdings LLC,SILPH,1702348,Silverpeak Card Funding LLC,Silverpeak Card Services LLC,card
Silverpeak Consumer Loan Trust,SCLT,1702384,Silverpeak Consumer Finance LLC,SILCF,1702367,Silverpeak Consumer Capital LLC,SILCC,1702372,Silverpeak Consumer Receivables Depositor LLC,Silverpeak Consumer Finance LLC,consumer
Silverpeak Student Loan Trust,SSLT,1702408,Silverpeak Student Lending LLC,SILSL,1702391,Silverpeak Education Capital LLC,SILEC,1702396,Silverpeak Student Funding LLC,Cenlar FSB,student
Silverpeak Equipment Lease Trust,SELT,1702432,Silverpeak Equipment Finance LLC,SILEF,1702415,Silverpeak Leasing Holdings LLC,SILLH,1702420,Silverpeak Equipment Receivables Depositor LLC,Silverpeak Equipment Finance LLC,equipment
Silverpeak Mortgage Trust,SMT,1702456,Silverpeak Mortgage Company LLC,SILMC,1702439,Silverpeak Residential Capital LLC,SILRC,1702444,Silverpeak Mortgage Depositor LLC,Silverpeak Mortgage Company LLC,mortgage
Silverpeak Commercial Mortgage Trust,SCMT,1702480,Silverpeak Commercial Realty Capital LLC,SILRE,1702463,Silverpeak Commercial Capital LLC,SILKC,1702468,Silverpeak Commercial Mortgage Depositor LLC,Silverpeak Commercial Realty Capital LLC,commercial
Silverpeak Corporate Credit Trust,SCCT,1702504,Silverpeak Asset Management LLC,SILAM,1702487,Silverpeak Credit Partners LLC,SILCP,1702492,Silverpeak Credit Funding LLC,Silverpeak Asset Management LLC,corporate_credit
Silverpeak Specialty Asset Trust,SSAT,1702528,Silverpeak Specialty Finance LLC,SILSF,1702511,Silverpeak Structured Capital LLC,SILSC,1702516,Silverpeak Specialty Funding LLC,Silverpeak Specialty Finance LLC,esoteric
Northvale Auto Receivables Trust,NART,1702552,Northvale Auto Finance LLC,NORAF,1702535,Northvale Capital Markets LLC,NORCM,1702540,Northvale Auto Receivables Depositor LLC,Northvale Auto Finance LLC,auto
Northvale Credit Card Master Trust,NCCM,1702576,Northvale Card Services LLC,NORCS,1702559,Northvale Payments Holdings LLC,NORPH,1702564,Northvale Card Funding LLC,Northvale Card Services LLC,card
Northvale Consumer Loan Trust,NCLT,1702600,Northvale Consumer Finance LLC,NORCF,1702583,Northvale Consumer Capital LLC,NORCC,1702588,Northvale Consumer Receivables Depositor LLC,Northvale Consumer Finance LLC,consumer
Northvale Student Loan Trust,NSLT,1702624,Northvale Student Lending LLC,NORSL,1702607,Northvale Education Capital LLC,NOREC,1702612,Northvale Student Funding LLC,Northvale Student Lending LLC,student
Northvale Equipment Lease Trust,NELT,1702648,Northvale Equipment Finance LLC,NOREF,1702631,Northvale Leasing Holdings LLC,NORLH,1702636,Northvale Equipment Receivables Depositor LLC,Wells Fargo Commercial Mortgage Servicing,equipment
Northvale Mortgage Trust,NMT,1702672,Northvale Mortgage Company LLC,NORMC,1702655,Northvale Residential Capital LLC,NORRC,1702660,Northvale Mortgage Depositor LLC,Northvale Mortgage Company LLC,mortgage
Northvale Commercial Mortgage Trust,NCMT,1702696,Northvale Commercial Realty Capital LLC,NORRE,1702679,Northvale Commercial Capital LLC,NORKC,1702684,Northvale Commercial Mortgage Depositor LLC,Northvale Commercial Realty Capital LLC,commercial
Northvale Corporate Credit Trust,NCCT,1702720,Northvale Asset Management LLC,NORAM,1702703,Northvale Credit Partners LLC,NORCP,1702708,Northvale Credit Funding LLC,Northvale Asset Management LLC,corporate_credit
Northvale Specialty Asset Trust,NSAT,1702744,Northvale Specialty Finance LLC,NORSF,1702727,Northvale Structured Capital LLC,NORSC,1702732,Northvale Specialty Funding LLC,Northvale Specialty Finance LLC,esoteric
Redstone Auto Receivables Trust,RART,1702768,Redstone Auto Finance LLC,REDAF,1702751,Redstone Capital Markets LLC,REDCM,1702756,Redstone Auto Receivables Depositor LLC,Redstone Auto Finance LLC,auto
Redstone Credit Card Master Trust,RCCM,1702792,Redstone Card Services LLC,REDCS,1702775,Redstone Payments Holdings LLC,REDPH,1702780,Redstone Card Funding LLC,Redstone Card Services LLC,card
Redstone Consumer Loan Trust,RCLT,1702816,Redstone Consumer Finance LLC,REDCF,1702799,Redstone Consumer Capital LLC,REDCC,1702804,Redstone Consumer Receivables Depositor LLC,Redstone Consumer Finance LLC,consumer
Redstone Student Loan Trust,RSLT,1702840,Redstone Student Lending LLC,REDSL,1702823,Redstone Education Capital LLC,REDEC,1702828,Redstone Student Funding LLC,Redstone Student Lending LLC,student
Redstone Equipment Lease Trust,RELT,1702864,Redstone Equipment Finance LLC,REDEF,1702847,Redstone Leasing Holdings LLC,REDLH,1702852,Redstone Equipment Receivables Depositor LLC,Redstone Equipment Finance LLC,equipment
Redstone Mortgage Trust,RMT,1702888,Redstone Mortgage Company LLC,REDMC,1702871,Redstone Residential Capital LLC,REDRC,1702876,Redstone Mortgage Depositor LLC,Computershare Loan Services,mortgage
Redstone Commercial Mortgage Trust,RCMT,1702912,Redstone Commercial Realty Capital LLC,REDRE,1702895,Redstone Commercial Capital LLC,REDKC,1702900,Redstone Commercial Mortgage Depositor LLC,Redstone Commercial Realty Capital LLC,commercial
Redstone Corporate Credit Trust,RCCT,1702936,Redstone Asset Management LLC,REDAM,1702919,Redstone Credit Partners LLC,REDCP,1702924,Redstone Credit Funding LLC,Redstone Asset Management LLC,corporate_credit
Redstone Specialty Asset Trust,RSAT,1702960,Redstone Specialty Finance LLC,REDSF,1702943,Redstone Structured Capital LLC,REDSC,1702948,Redstone Specialty Funding LLC,Redstone Specialty Finance LLC,esoteric
Bluecrest Auto Receivables Trust,BLUA,1702984,Bluecrest Auto Finance LLC,BLUAF,1702967,Bluecrest Capital Markets LLC,BLUCM,1702972,Bluecrest Auto Receivables Depositor LLC,Bluecrest Auto Finance LLC,auto
Bluecrest Credit Card Master Trust,BLUC,1703008,Bluecrest Card Services LLC,BLUCS,1702991,Bluecrest Payments Holdings LLC,BLUPH,1702996,Bluecrest Card Funding LLC,Bluecrest Card Services LLC,card
Bluecrest Consumer Loan Trust,BLUU,1703032,Bluecrest Consumer Finance LLC,BLUCF,1703015,Bluecrest Consumer Capital LLC,BLUCC,1703020,Bluecrest Consumer Receivables Depositor LLC,Bluecrest Consumer Finance LLC,consumer
Bluecrest Student Loan Trust,BLUS,1703056,Bluecrest Student Lending LLC,BLUSL,1703039,Bluecrest Education Capital LLC,BLUEC,1703044,Bluecrest Student Funding LLC,Bluecrest Student Lending LLC,student
Bluecrest Equipment Lease Trust,BLUE,1703080,Bluecrest Equipment Finance LLC,BLUEF,1703063,Bluecrest Leasing Holdings LLC,BLULH,1703068,Bluecrest Equipment Receivables Depositor LLC,Bluecrest Equipment Finance LLC,equipment
Bluecrest Mortgage Trust,BLUM,1703104,Bluecrest Mortgage Company LLC,BLUMC,1703087,Bluecrest Residential Capital LLC,BLURC,1703092,Bluecrest Mortgage Depositor LLC,Bluecrest Mortgage Company LLC,mortgage
Bluecrest Commercial Mortgage Trust,BLUK,1703128,Bluecrest Commercial Realty Capital LLC,BLURE,1703111,Bluecrest Commercial Capital LLC,BLUKC,1703116,Bluecrest Commercial Mortgage Depositor LLC,Vervent Inc.,commercial
Bluecrest Corporate Credit Trust,BLUP,1703152,Bluecrest Asset Management LLC,BLUAM,1703135,Bluecrest Credit Partners LLC,BLUCP,1703140,Bluecrest Credit Funding LLC,Bluecrest Asset Management LLC,corporate_credit
Bluecrest Specialty Asset Trust,BLUR,1703176,Bluecrest Specialty Finance LLC,BLUSF,1703159,Bluecrest Structured Capital LLC,BLUSC,1703164,Bluecrest Specialty Funding LLC,Bluecrest Specialty Finance LLC,esoteric
Harborview Auto Receivables Trust,HART,1703200,Harborview Auto Finance LLC,HARAF,1703183,Harborview Capital Markets LLC,HARCM,1703188,Harborview Auto Receivables Depositor LLC,Harborview Auto Finance LLC,auto
Harborview Credit Card Master Trust,HCCM,1703224,Harborview Card Services LLC,HARCS,1703207,Harborview Payments Holdings LLC,HARPH,1703212,Harborview Card Funding LLC,Harborview Card Services LLC,card
Harborview Consumer Loan Trust,HCLT,1703248,Harborview Consumer Finance LLC,HARCF,1703231,Harborview Consumer Capital LLC,HARCC,1703236,Harborview Consumer Receivables Depositor LLC,Harborview Consumer Finance LLC,consumer
Harborview Student Loan Trust,HSLT,1703272,Harborview Student Lending LLC,HARSL,1703255,Harborview Education Capital LLC,HAREC,1703260,Harborview Student Funding LLC,Harborview Student Lending LLC,student
Harborview Equipment Lease Trust,HELT,1703296,Harborview Equipment Finance LLC,HAREF,1703279,Harborview Leasing Holdings LLC,HARLH,1703284,Harborview Equipment Receivables Depositor LLC,Harborview Equipment Finance LLC,equipment
Harborview Mortgage Trust,HMT,1703320,Harborview Mortgage Company LLC,HARMC,1703303,Harborview Residential Capital LLC,HARRC,1703308,Harborview Mortgage Depositor LLC,Harborview Mortgage Company LLC,mortgage
Harborview Commercial Mortgage Trust,HCMT,1703344,Harborview Commercial Realty Capital LLC,HARRE,1703327,Harborview Commercial Capital LLC,HARKC,1703332,Harborview Commercial Mortgage Depositor LLC,Harborview Commercial Realty Capital LLC,commercial
Harborview Corporate Credit Trust,HCCT,1703368,Harborview Asset Management LLC,HARAM,1703351,Harborview Credit Partners LLC,HARCP,1703356,Harborview Credit Funding LLC,Nationstar Mortgage LLC,corporate_credit
Harborview Specialty Asset Trust,HSAT,1703392,Harborview Specialty Finance LLC,HARSF,1703375,Harborview Structured Capital LLC,HARSC,1703380,Harborview Specialty Funding LLC,Harborview Specialty Finance LLC,esoteric
Stonebridge Auto Receivables Trust,STOA,1703416,Stonebridge Auto Finance LLC,STOAF,1703399,Stonebridge Capital Markets LLC,STOCM,1703404,Stonebridge Auto Receivables Depositor LLC,Stonebridge Auto Finance LLC,auto
Stonebridge Credit Card Master Trust,STOC,1703440,Stonebridge Card Services LLC,STOCS,1703423,Stonebridge Payments Holdings LLC,STOPH,1703428,Stonebridge Card Funding LLC,Stonebridge Card Services LLC,card
Stonebridge Consumer Loan Trust,STOU,1703464,Stonebridge Consumer Finance LLC,STOCF,1703447,Stonebridge Consumer Capital LLC,STOCC,1703452,Stonebridge Consumer Receivables Depositor LLC,Stonebridge Consumer Finance LLC,consumer
Stonebridge Student Loan Trust,STOS,1703488,Stonebridge Student Lending LLC,STOSL,1703471,Stonebridge Education Capital LLC,STOEC,1703476,Stonebridge Student Funding LLC,Stonebridge Student Lending LLC,student
Stonebridge Equipment Lease Trust,STOE,1703512,Stonebridge Equipment Finance LLC,STOEF,1703495,Stonebridge Leasing Holdings LLC,STOLH,1703500,Stonebridge Equipment Receivables Depositor LLC,Stonebridge Equipment Finance LLC,equipment
Stonebridge Mortgage Trust,STOM,1703536,Stonebridge Mortgage Company LLC,STOMC,1703519,Stonebridge Residential Capital LLC,STORC,1703524,Stonebridge Mortgage Depositor LLC,Stonebridge Mortgage Company LLC,mortgage
Stonebridge Commercial Mortgage Trust,STOK,1703560,Stonebridge Commercial Realty Capital LLC,STORE,1703543,Stonebridge Commercial Capital LLC,STOKC,1703548,Stonebridge Commercial Mortgage Depositor LLC,Stonebridge Commercial Realty Capital LLC,commercial
Stonebridge Corporate Credit Trust,STOP,1703584,Stonebridge Asset Management LLC,STOAM,1703567,Stonebridge Credit Partners LLC,STOCP,1703572,Stonebridge Credit Funding LLC,Stonebridge Asset Management LLC,corporate_credit
Stonebridge Specialty Asset Trust,STOR,1703608,Stonebridge Specialty Finance LLC,STOSF,1703591,Stonebridge Structured Capital LLC,STOSC,1703596,Stonebridge Specialty Funding LLC,"Select Portfolio Servicing, Inc.",esoteric
Fairmount Auto Receivables Trust,FART,1703632,Fairmount Auto Finance LLC,FAIAF,1703615,Fairmount Capital Markets LLC,FAICM,1703620,Fairmount Auto Receivables Depositor LLC,Fairmount Auto Finance LLC,auto
Fairmount Credit Card Master Trust,FCCM,1703656,Fairmount Card Services LLC,FAICS,1703639,Fairmount Payments Holdings LLC,FAIPH,1703644,Fairmount Card Funding LLC,Fairmount Card Services LLC,card
Fairmount Consumer Loan Trust,FCLT,1703680,Fairmount Consumer Finance LLC,FAICF,1703663,Fairmount Consumer Capital LLC,FAICC,1703668,Fairmount Consumer Receivables Depositor LLC,Fairmount Consumer Finance LLC,consumer
Fairmount Student Loan Trust,FSLT,1703704,Fairmount Student Lending LLC,FAISL,1703687,Fairmount Education Capital LLC,FAIEC,1703692,Fairmount Student Funding LLC,Fairmount Student Lending LLC,student
Fairmount Equipment Lease Trust,FELT,1703728,Fairmount Equipment Finance LLC,FAIEF,1703711,Fairmount Leasing Holdings LLC,FAILH,1703716,Fairmount Equipment Receivables Depositor LLC,Fairmount Equipment Finance LLC,equipment
Fairmount Mortgage Trust,FMT,1703752,Fairmount Mortgage Company LLC,FAIMC,1703735,Fairmount Residential Capital LLC,FAIRC,1703740,Fairmount Mortgage Depositor LLC,Fairmount Mortgage Company LLC,mortgage
Fairmount Commercial Mortgage Trust,FCMT,1703776,Fairmount Commercial Realty Capital LLC,FAIRE,1703759,Fairmount Commercial Capital LLC,FAIKC,1703764,Fairmount Commercial Mortgage Depositor LLC,Fairmount Commercial Realty Capital LLC,commercial
Fairmount Corporate Credit Trust,FCCT,1703800,Fairmount Asset Management LLC,FAIAM,1703783,Fairmount Credit Partners LLC,FAICP,1703788,Fairmount Credit Funding LLC,Fairmount Asset Management LLC,corporate_credit
Fairmount Specialty Asset Trust,FSAT,1703824,Fairmount Specialty Finance LLC,FAISF,1703807,Fairmount Structured Capital LLC,FAISC,1703812,Fairmount Specialty Funding LLC,Fairmount Specialty Finance LLC,esoteric
Larkspur Auto Receivables Trust,LART,1703848,Larkspur Auto Finance LLC,LARAF,1703831,Larkspur Capital Markets LLC,LARCM,1703836,Larkspur Auto Receivables Depositor LLC,"Systems & Services Technologies, Inc.",auto
Larkspur Credit Card Master Trust,LCCM,1703872,Larkspur Card Services LLC,LARCS,1703855,Larkspur Payments Holdings LLC,LARPH,1703860,Larkspur Card Funding LLC,Larkspur Card Services LLC,card
Larkspur Consumer Loan Trust,LCLT,1703896,Larkspur Consumer Finance LLC,LARCF,1703879,Larkspur Consumer Capital LLC,LARCC,1703884,Larkspur Consumer Receivables Depositor LLC,Larkspur Consumer Finance LLC,consumer
Larkspur Student Loan Trust,LSLT,1703920,Larkspur Student Lending LLC,LARSL,1703903,Larkspur Education Capital LLC,LAREC,1703908,Larkspur Student Funding LLC,Larkspur Student Lending LLC,student
Larkspur Equipment Lease Trust,LELT,1703944,Larkspur Equipment Finance LLC,LAREF,1703927,Larkspur Leasing Holdings LLC,LARLH,1703932,Larkspur Equipment Receivables Depositor LLC,Larkspur Equipment Finance LLC,equipment
Larkspur Mortgage Trust,LMT,1703968,Larkspur Mortgage Company LLC,LARMC,1703951,Larkspur Residential Capital LLC,LARRC,1703956,Larkspur Mortgage Depositor LLC,Larkspur Mortgage Company LLC,mortgage
Larkspur Commercial Mortgage Trust,LCMT,1703992,Larkspur Commercial Realty Capital LLC,LARRE,1703975,Larkspur Commercial Capital LLC,LARKC,1703980,Larkspur Commercial Mortgage Depositor LLC,Larkspur Commercial Realty Capital LLC,commercial
Larkspur Corporate Credit Trust,LCCT,1704016,Larkspur Asset Management LLC,LARAM,1703999,Larkspur Credit Partners LLC,LARCP,1704004,Larkspur Credit Funding LLC,Larkspur Asset Management LLC,corporate_credit
Larkspur Specialty Asset Trust,LSAT,1704040,Larkspur Specialty Finance LLC,LARSF,1704023,Larkspur Structured Capital LLC,LARSC,1704028,Larkspur Specialty Funding LLC,Larkspur Specialty Finance LLC,esoteric
Windermere Auto Receivables Trust,WART,1704064,Windermere Auto Finance LLC,WINAF,1704047,Windermere Capital Markets LLC,WINCM,1704052,Windermere Auto Receivables Depositor LLC,Windermere Auto Finance LLC,auto
Windermere Credit Card Master Trust,WCCM,1704088,Windermere Card Services LLC,WINCS,1704071,Windermere Payments Holdings LLC,WINPH,1704076,Windermere Card Funding LLC,KeyBank Real Estate Capital,card
Windermere Consumer Loan Trust,WCLT,1704112,Windermere Consumer Finance LLC,WINCF,1704095,Windermere Consumer Capital LLC,WINCC,1704100,Windermere Consumer Receivables Depositor LLC,Windermere Consumer Finance LLC,consumer
Windermere Student Loan Trust,WSLT,1704136,Windermere Student Lending LLC,WINSL,1704119,Windermere Education Capital LLC,WINEC,1704124,Windermere Student Funding LLC,Windermere Student Lending LLC,student
Windermere Equipment Lease Trust,WELT,1704160,Windermere Equipment Finance LLC,WINEF,1704143,Windermere Leasing Holdings LLC,WINLH,1704148,Windermere Equipment Receivables Depositor LLC,Windermere Equipment Finance LLC,equipment
Windermere Mortgage Trust,WMT,1704184,Windermere Mortgage Company LLC,WINMC,1704167,Windermere Residential Capital LLC,WINRC,1704172,Windermere Mortgage Depositor LLC,Windermere Mortgage Company LLC,mortgage
Windermere Commercial Mortgage Trust,WCMT,1704208,Windermere Commercial Realty Capital LLC,WINRE,1704191,Windermere Commercial Capital LLC,WINKC,1704196,Windermere Commercial Mortgage Depositor LLC,Windermere Commercial Realty Capital LLC,commercial
Windermere Corporate Credit Trust,WCCT,1704232,Windermere Asset Management LLC,WINAM,1704215,Windermere Credit Partners LLC,WINCP,1704220,Windermere Credit Funding LLC,Windermere Asset Management LLC,corporate_credit
Windermere Specialty Asset Trust,WSAT,1704256,Windermere Specialty Finance LLC,WINSF,1704239,Windermere Structured Capital LLC,WINSC,1704244,Windermere Specialty Funding LLC,Windermere Specialty Finance LLC,esoteric
Ashgrove Auto Receivables Trust,AART,1704280,Ashgrove Auto Finance LLC,ASHAF,1704263,Ashgrove Capital Markets LLC,ASHCM,1704268,Ashgrove Auto Receivables Depositor LLC,Ashgrove Auto Finance LLC,auto
Ashgrove Credit Card Master Trust,ACCM,1704304,Ashgrove Card Services LLC,ASHCS,1704287,Ashgrove Payments Holdings LLC,ASHPH,1704292,Ashgrove Card Funding LLC,Ashgrove Card Services LLC,card
Ashgrove Consumer Loan Trust,ACLT,1704328,Ashgrove Consumer Finance LLC,ASHCF,1704311,Ashgrove Consumer Capital LLC,ASHCC,1704316,Ashgrove Consumer Receivables Depositor LLC,Statebridge Company LLC,consumer
Ashgrove Student Loan Trust,ASLT,1704352,Ashgrove Student Lending LLC,ASHSL,1704335,Ashgrove Education Capital LLC,ASHEC,1704340,Ashgrove Student Funding LLC,Ashgrove Student Lending LLC,student
Ashgrove Equipment Lease Trust,AELT,1704376,Ashgrove Equipment Finance LLC,ASHEF,1704359,Ashgrove Leasing Holdings LLC,ASHLH,1704364,Ashgrove Equipment Receivables Depositor LLC,Ashgrove Equipment Finance LLC,equipment
Ashgrove Mortgage Trust,AMT,1704400,Ashgrove Mortgage Company LLC,ASHMC,1704383,Ashgrove Residential Capital LLC,ASHRC,1704388,Ashgrove Mortgage Depositor LLC,Ashgrove Mortgage Company LLC,mortgage
Ashgrove Commercial Mortgage Trust,ACMT,1704424,Ashgrove Commercial Realty Capital LLC,ASHRE,1704407,Ashgrove Commercial Capital LLC,ASHKC,1704412,Ashgrove Commercial Mortgage Depositor LLC,Ashgrove Commercial Realty Capital LLC,commercial
Ashgrove Corporate Credit Trust,ACCT,1704448,Ashgrove Asset Management LLC,ASHAM,1704431,Ashgrove Credit Partners LLC,ASHCP,1704436,Ashgrove Credit Funding LLC,Ashgrove Asset Management LLC,corporate_credit
Ashgrove Specialty Asset Trust,ASAT,1704472,Ashgrove Specialty Finance LLC,ASHSF,1704455,Ashgrove Structured Capital LLC,ASHSC,1704460,Ashgrove Specialty Funding LLC,Ashgrove Specialty Finance LLC,esoteric
Cedarpoint Auto Receivables Trust,CEDA,1704496,Cedarpoint Auto Finance LLC,CEDAF,1704479,Cedarpoint Capital Markets LLC,CEDCM,1704484,Cedarpoint Auto Receivables Depositor LLC,Cedarpoint Auto Finance LLC,auto
Cedarpoint Credit Card Master Trust,CEDC,1704520,Cedarpoint Card Services LLC,CEDCS,1704503,Cedarpoint Payments Holdings LLC,CEDPH,1704508,Cedarpoint Card Funding LLC,Cedarpoint Card Services LLC,card
Cedarpoint Consumer Loan Trust,CEDU,1704544,Cedarpoint Consumer Finance LLC,CEDCF,1704527,Cedarpoint Consumer Capital LLC,CEDCC,1704532,Cedarpoint Consumer Receivables Depositor LLC,Cedarpoint Consumer Finance LLC,consumer
Cedarpoint Student Loan Trust,CEDS,1704568,Cedarpoint Student Lending LLC,CEDSL,1704551,Cedarpoint Education Capital LLC,CEDEC,1704556,Cedarpoint Student Funding LLC,Midland Loan Services,student
Cedarpoint Equipment Lease Trust,CEDE,1704592,Cedarpoint Equipment Finance LLC,CEDEF,1704575,Cedarpoint Leasing Holdings LLC,CEDLH,1704580,Cedarpoint Equipment Receivables Depositor LLC,Cedarpoint Equipment Finance LLC,equipment
Cedarpoint Mortgage Trust,CEDM,1704616,Cedarpoint Mortgage Company LLC,CEDMC,1704599,Cedarpoint Residential Capital LLC,CEDRC,1704604,Cedarpoint Mortgage Depositor LLC,Cedarpoint Mortgage Company LLC,mortgage
Cedarpoint Commercial Mortgage Trust,CEDK,1704640,Cedarpoint Commercial Realty Capital LLC,CEDRE,1704623,Cedarpoint Commercial Capital LLC,CEDKC,1704628,Cedarpoint Commercial Mortgage Depositor LLC,Cedarpoint Commercial Realty Capital LLC,commercial
Cedarpoint Corporate Credit Trust,CEDP,1704664,Cedarpoint Asset Management LLC,CEDAM,1704647,Cedarpoint Credit Partners LLC,CEDCP,1704652,Cedarpoint Credit Funding LLC,Cedarpoint Asset Management LLC,corporate_credit
Cedarpoint Specialty Asset Trust,CEDR,1704688,Cedarpoint Specialty Finance LLC,CEDSF,1704671,Cedarpoint Structured Capital LLC,CEDSC,1704676,Cedarpoint Specialty Funding LLC,Cedarpoint Specialty Finance LLC,esoteric
Kestrel Auto Receivables Trust,KART,1704712,Kestrel Auto Finance LLC,KESAF,1704695,Kestrel Capital Markets LLC,KESCM,1704700,Kestrel Auto Receivables Depositor LLC,Kestrel Auto Finance LLC,auto
Kestrel Credit Card Master Trust,KCCM,1704736,Kestrel Card Services LLC,KESCS,1704719,Kestrel Payments Holdings LLC,KESPH,1704724,Kestrel Card Funding LLC,Kestrel Card Services LLC,card
Kestrel Consumer Loan Trust,KCLT,1704760,Kestrel Consumer Finance LLC,KESCF,1704743,Kestrel Consumer Capital LLC,KESCC,1704748,Kestrel Consumer Receivables Depositor LLC,Kestrel Consumer Finance LLC,consumer
Kestrel Student Loan Trust,KSLT,1704784,Kestrel Student Lending LLC,KESSL,1704767,Kestrel Education Capital LLC,KESEC,1704772,Kestrel Student Funding LLC,Kestrel Student Lending LLC,student
Kestrel Equipment Lease Trust,KELT,1704808,Kestrel Equipment Finance LLC,KESEF,1704791,Kestrel Leasing Holdings LLC,KESLH,1704796,Kestrel Equipment Receivables Depositor LLC,Mr. Cooper Group Inc.,equipment
Kestrel Mortgage Trust,KMT,1704832,Kestrel Mortgage Company LLC,KESMC,1704815,Kestrel Residential Capital LLC,KESRC,1704820,Kestrel Mortgage Depositor LLC,Kestrel Mortgage Company LLC,mortgage
Kestrel Commercial Mortgage Trust,KCMT,1704856,Kestrel Commercial Realty Capital LLC,KESRE,1704839,Kestrel Commercial Capital LLC,KESKC,1704844,Kestrel Commercial Mortgage Depositor LLC,Kestrel Commercial Realty Capital LLC,commercial
Kestrel Corporate Credit Trust,KCCT,1704880,Kestrel Asset Management LLC,KESAM,1704863,Kestrel Credit Partners LLC,KESCP,1704868,Kestrel Credit Funding LLC,Kestrel Asset Management LLC,corporate_credit
Kestrel Specialty Asset Trust,KSAT,1704904,Kestrel Specialty Finance LLC,KESSF,1704887,Kestrel Structured Capital LLC,KESSC,1704892,Kestrel Specialty Funding LLC,Kestrel Specialty Finance LLC,esoteric
Meridian Auto Receivables Trust,MART,1704928,Meridian Auto Finance LLC,MERAF,1704911,Meridian Capital Markets LLC,MERCM,1704916,Meridian Auto Receivables Depositor LLC,Meridian Auto Finance LLC,auto
Meridian Credit Card Master Trust,MCCM,1704952,Meridian Card Services LLC,MERCS,1704935,Meridian Payments Holdings LLC,MERPH,1704940,Meridian Card Funding LLC,Meridian Card Services LLC,card
Meridian Consumer Loan Trust,MCLT,1704976,Meridian Consumer Finance LLC,MERCF,1704959,Meridian Consumer Capital LLC,MERCC,1704964,Meridian Consumer Receivables Depositor LLC,Meridian Consumer Finance LLC,consumer
Meridian Student Loan Trust,MSLT,1705000,Meridian Student Lending LLC,MERSL,1704983,Meridian Education Capital LLC,MEREC,1704988,Meridian Student Funding LLC,Meridian Student Lending LLC,student
Meridian Equipment Lease Trust,MELT,1705024,Meridian Equipment Finance LLC,MEREF,1705007,Meridian Leasing Holdings LLC,MERLH,1705012,Meridian Equipment Receivables Depositor LLC,Meridian Equipment Finance LLC,equipment
Meridian Mortgage Trust,MMT,1705048,Meridian Mortgage Company LLC,MERMC,1705031,Meridian Residential Capital LLC,MERRC,1705036,Meridian Mortgage Depositor LLC,Situs Asset Management LLC,mortgage
Meridian Commercial Mortgage Trust,MCMT,1705072,Meridian Commercial Realty Capital LLC,MERRE,1705055,Meridian Commercial Capital LLC,MERKC,1705060,Meridian Commercial Mortgage Depositor LLC,Meridian Commercial Realty Capital LLC,commercial
Meridian Corporate Credit Trust,MCCT,1705096,Meridian Asset Management LLC,MERAM,1705079,Meridian Credit Partners LLC,MERCP,1705084,Meridian Credit Funding LLC,Meridian Asset Management LLC,corporate_credit
Meridian Specialty Asset Trust,MSAT,1705120,Meridian Specialty Finance LLC,MERSF,1705103,Meridian Structured Capital LLC,MERSC,1705108,Meridian Specialty Funding LLC,Meridian Specialty Finance LLC,esoteric
Alderwood Auto Receivables Trust,ALDA,1705144,Alderwood Auto Finance LLC,ALDAF,1705127,Alderwood Capital Markets LLC,ALDCM,1705132,Alderwood Auto Receivables Depositor LLC,Alderwood Auto Finance LLC,auto
Alderwood Credit Card Master Trust,ALDC,1705168,Alderwood Card Services LLC,ALDCS,1705151,Alderwood Payments Holdings LLC,ALDPH,1705156,Alderwood Card Funding LLC,Alderwood Card Services LLC,card
Alderwood Consumer Loan Trust,ALDU,1705192,Alderwood Consumer Finance LLC,ALDCF,1705175,Alderwood Consumer Capital LLC,ALDCC,1705180,Alderwood Consumer Receivables Depositor LLC,Alderwood Consumer Finance LLC,consumer
Alderwood Student Loan Trust,ALDS,1705216,Alderwood Student Lending LLC,ALDSL,1705199,Alderwood Education Capital LLC,ALDEC,1705204,Alderwood Student Funding LLC,Alderwood Student Lending LLC,student
Alderwood Equipment Lease Trust,ALDE,1705240,Alderwood Equipment Finance LLC,ALDEF,1705223,Alderwood Leasing Holdings LLC,ALDLH,1705228,Alderwood Equipment Receivables Depositor LLC,Alderwood Equipment Finance LLC,equipment
Alderwood Mortgage Trust,ALDM,1705264,Alderwood Mortgage Company LLC,ALDMC,1705247,Alderwood Residential Capital LLC,ALDRC,1705252,Alderwood Mortgage Depositor LLC,Alderwood Mortgage Company LLC,mortgage
Alderwood Commercial Mortgage Trust,ALDK,1705288,Alderwood Commercial Realty Capital LLC,ALDRE,1705271,Alderwood Commercial Capital LLC,ALDKC,1705276,Alderwood Commercial Mortgage Depositor LLC,Nationstar Mortgage LLC,commercial
Alderwood Corporate Credit Trust,ALDP,1705312,Alderwood Asset Management LLC,ALDAM,1705295,Alderwood Credit Partners LLC,ALDCP,1705300,Alderwood Credit Funding LLC,Alderwood Asset Management LLC,corporate_credit
Alderwood Specialty Asset Trust,ALDR,1705336,Alderwood Specialty Finance LLC,ALDSF,1705319,Alderwood Structured Capital LLC,ALDSC,1705324,Alderwood Specialty Funding LLC,Alderwood Specialty Finance LLC,esoteric
Blackford Auto Receivables Trust,BLAA,1705360,Blackford Auto Finance LLC,BLAAF,1705343,Blackford Capital Markets LLC,BLACM,1705348,Blackford Auto Receivables Depositor LLC,Blackford Auto Finance LLC,auto
Blackford Credit Card Master Trust,BLAC,1705384,Blackford Card Services LLC,BLACS,1705367,Blackford Payments Holdings LLC,BLAPH,1705372,Blackford Card Funding LLC,Blackford Card Services LLC,card
Blackford Consumer Loan Trust,BLAU,1705408,Blackford Consumer Finance LLC,BLACF,1705391,Blackford Consumer Capital LLC,BLACC,1705396,Blackford Consumer Receivables Depositor LLC,Blackford Consumer Finance LLC,consumer
Blackford Student Loan Trust,BLAS,1705432,Blackford Student Lending LLC,BLASL,1705415,Blackford Education Capital LLC,BLAEC,1705420,Blackford Student Funding LLC,Blackford Student Lending LLC,student
Blackford Equipment Lease Trust,BLAE,1705456,Blackford Equipment Finance LLC,BLAEF,1705439,Blackford Leasing Holdings LLC,BLALH,1705444,Blackford Equipment Receivables Depositor LLC,Blackford Equipment Finance LLC,equipment
Blackford Mortgage Trust,BLAM,1705480,Blackford Mortgage Company LLC,BLAMC,1705463,Blackford Residential Capital LLC,BLARC,1705468,Blackford Mortgage Depositor LLC,Blackford Mortgage Company LLC,mortgage
Blackford Commercial Mortgage Trust,BLAK,1705504,Blackford Commercial Realty Capital LLC,BLARE,1705487,Blackford Commercial Capital LLC,BLAKC,1705492,Blackford Commercial Mortgage Depositor LLC,Blackford Commercial Realty Capital LLC,commercial
Blackford Corporate Credit Trust,BLAP,1705528,Blackford Asset Management LLC,BLAAM,1705511,Blackford Credit Partners LLC,BLACP,1705516,Blackford Credit Funding LLC,KeyBank Real Estate Capital,corporate_credit
Blackford Specialty Asset Trust,BLAR,1705552,Blackford Specialty Finance LLC,BLASF,1705535,Blackford Structured Capital LLC,BLASC,1705540,Blackford Specialty Funding LLC,Blackford Specialty Finance LLC,esoteric
Clearwater Auto Receivables Trust,CLEA,1705576,Clearwater Auto Finance LLC,CLEAF,1705559,Clearwater Capital Markets LLC,CLECM,1705564,Clearwater Auto Receivables Depositor LLC,Clearwater Auto Finance LLC,auto
Clearwater Credit Card Master Trust,CLEC,1705600,Clearwater Card Services LLC,CLECS,1705583,Clearwater Payments Holdings LLC,CLEPH,1705588,Clearwater Card Funding LLC,Clearwater Card Services LLC,card
Clearwater Consumer Loan Trust,CLEU,1705624,Clearwater Consumer Finance LLC,CLECF,1705607,Clearwater Consumer Capital LLC,CLECC,1705612,Clearwater Consumer Receivables Depositor LLC,Clearwater Consumer Finance LLC,consumer
Clearwater Student Loan Trust,CLES,1705648,Clearwater Student Lending LLC,CLESL,1705631,Clearwater Education Capital LLC,CLEEC,1705636,Clearwater Student Funding LLC,Clearwater Student Lending LLC,student
Clearwater Equipment Lease Trust,CLEE,1705672,Clearwater Equipment Finance LLC,CLEEF,1705655,Clearwater Leasing Holdings LLC,CLELH,1705660,Clearwater Equipment Receivables Depositor LLC,Clearwater Equipment Finance LLC,equipment
Clearwater Mortgage Trust,CLEM,1705696,Clearwater Mortgage Company LLC,CLEMC,1705679,Clearwater Residential Capital LLC,CLERC,1705684,Clearwater Mortgage Depositor LLC,Clearwater Mortgage Company LLC,mortgage
Clearwater Commercial Mortgage Trust,CLEK,1705720,Clearwater Commercial Realty Capital LLC,CLERE,1705703,Clearwater Commercial Capital LLC,CLEKC,1705708,Clearwater Commercial Mortgage Depositor LLC,Clearwater Commercial Realty Capital LLC,commercial
Clearwater Corporate Credit Trust,CLEP,1705744,Clearwater Asset Management LLC,CLEAM,1705727,Clearwater Credit Partners LLC,CLECP,1705732,Clearwater Credit Funding LLC,Clearwater Asset Management LLC,corporate_credit
Clearwater Specialty Asset Trust,CLER,1705768,Clearwater Specialty Finance LLC,CLESF,1705751,Clearwater Structured Capital LLC,CLESC,1705756,Clearwater Specialty Funding LLC,KeyBank Real Estate Capital,esoteric
Dunmore Auto Receivables Trust,DART,1705792,Dunmore Auto Finance LLC,DUNAF,1705775,Dunmore Capital Markets LLC,DUNCM,1705780,Dunmore Auto Receivables Depositor LLC,Dunmore Auto Finance LLC,auto
Dunmore Credit Card Master Trust,DCCM,1705816,Dunmore Card Services LLC,DUNCS,1705799,Dunmore Payments Holdings LLC,DUNPH,1705804,Dunmore Card Funding LLC,Dunmore Card Services LLC,card
Dunmore Consumer Loan Trust,DCLT,1705840,Dunmore Consumer Finance LLC,DUNCF,1705823,Dunmore Consumer Capital LLC,DUNCC,1705828,Dunmore Consumer Receivables Depositor LLC,Dunmore Consumer Finance LLC,consumer
Dunmore Student Loan Trust,DSLT,1705864,Dunmore Student Lending LLC,DUNSL,1705847,Dunmore Education Capital LLC,DUNEC,1705852,Dunmore Student Funding LLC,Dunmore Student Lending LLC,student
Dunmore Equipment Lease Trust,DELT,1705888,Dunmore Equipment Finance LLC,DUNEF,1705871,Dunmore Leasing Holdings LLC,DUNLH,1705876,Dunmore Equipment Receivables Depositor LLC,Dunmore Equipment Finance LLC,equipment
Dunmore Mortgage Trust,DMT,1705912,Dunmore Mortgage Company LLC,DUNMC,1705895,Dunmore Residential Capital LLC,DUNRC,1705900,Dunmore Mortgage Depositor LLC,Dunmore Mortgage Company LLC,mortgage
Dunmore Commercial Mortgage Trust,DCMT,1705936,Dunmore Commercial Realty Capital LLC,DUNRE,1705919,Dunmore Commercial Capital LLC,DUNKC,1705924,Dunmore Commercial Mortgage Depositor LLC,Dunmore Commercial Realty Capital LLC,commercial
Dunmore Corporate Credit Trust,DCCT,1705960,Dunmore Asset Management LLC,DUNAM,1705943,Dunmore Credit Partners LLC,DUNCP,1705948,Dunmore Credit Funding LLC,Dunmore Asset Management LLC,corporate_credit
Dunmore Specialty Asset Trust,DSAT,1705984,Dunmore Specialty Finance LLC,DUNSF,1705967,Dunmore Structured Capital LLC,DUNSC,1705972,Dunmore Specialty Funding LLC,Dunmore Specialty Finance LLC,esoteric
Eastgate Auto Receivables Trust,EART,1706008,Eastgate Auto Finance LLC,EASAF,1705991,Eastgate Capital Markets LLC,EASCM,1705996,Eastgate Auto Receivables Depositor LLC,Shellpoint Mortgage Servicing,auto
Eastgate Credit Card Master Trust,ECCM,1706032,Eastgate Card Services LLC,EASCS,1706015,Eastgate Payments Holdings LLC,EASPH,1706020,Eastgate Card Funding LLC,Eastgate Card Services LLC,card
Eastgate Consumer Loan Trust,ECLT,1706056,Eastgate Consumer Finance LLC,EASCF,1706039,Eastgate Consumer Capital LLC,EASCC,1706044,Eastgate Consumer Receivables Depositor LLC,Eastgate Consumer Finance LLC,consumer
Eastgate Student Loan Trust,ESLT,1706080,Eastgate Student Lending LLC,EASSL,1706063,Eastgate Education Capital LLC,EASEC,1706068,Eastgate Student Funding LLC,Eastgate Student Lending LLC,student
Eastgate Equipment Lease Trust,EELT,1706104,Eastgate Equipment Finance LLC,EASEF,1706087,Eastgate Leasing Holdings LLC,EASLH,1706092,Eastgate Equipment Receivables Depositor LLC,Eastgate Equipment Finance LLC,equipment
Eastgate Mortgage Trust,EMT,1706128,Eastgate Mortgage Company LLC,EASMC,1706111,Eastgate Residential Capital LLC,EASRC,1706116,Eastgate Mortgage Depositor LLC,Eastgate Mortgage Company LLC,mortgage
Eastgate Commercial Mortgage Trust,ECMT,1706152,Eastgate Commercial Realty Capital LLC,EASRE,1706135,Eastgate Commercial Capital LLC,EASKC,1706140,Eastgate Commercial Mortgage Depositor LLC,Eastgate Commercial Realty Capital LLC,commercial
Eastgate Corporate Credit Trust,ECCT,1706176,Eastgate Asset Management LLC,EASAM,1706159,Eastgate Credit Partners LLC,EASCP,1706164,Eastgate Credit Funding LLC,Eastgate Asset Management LLC,corporate_credit
Eastgate Specialty Asset Trust,ESAT,1706200,Eastgate Specialty Finance LLC,EASSF,1706183,Eastgate Structured Capital LLC,EASSC,1706188,Eastgate Specialty Funding LLC,Eastgate Specialty Finance LLC,esoteric
Fallbrook Auto Receivables Trust,FALA,1706224,Fallbrook Auto Finance LLC,FALAF,1706207,Fallbrook Capital Markets LLC,FALCM,1706212,Fallbrook Auto Receivables Depositor LLC,Fallbrook Auto Finance LLC,auto
Fallbrook Credit Card Master Trust,FALC,1706248,Fallbrook Card Services LLC,FALCS,1706231,Fallbrook Payments Holdings LLC,FALPH,1706236,Fallbrook Card Funding LLC,"Systems & Services Technologies, Inc.",card
Fallbrook Consumer Loan Trust,FALU,1706272,Fallbrook Consumer Finance LLC,FALCF,1706255,Fallbrook Consumer Capital LLC,FALCC,1706260,Fallbrook Consumer Receivables Depositor LLC,Fallbrook Consumer Finance LLC,consumer
Fallbrook Student Loan Trust,FALS,1706296,Fallbrook Student Lending LLC,FALSL,1706279,Fallbrook Education Capital LLC,FALEC,1706284,Fallbrook Student Funding LLC,Fallbrook Student Lending LLC,student
Fallbrook Equipment Lease Trust,FALE,1706320,Fallbrook Equipment Finance LLC,FALEF,1706303,Fallbrook Leasing Holdings LLC,FALLH,1706308,Fallbrook Equipment Receivables Depositor LLC,Fallbrook Equipment Finance LLC,equipment
Fallbrook Mortgage Trust,FALM,1706344,Fallbrook Mortgage Company LLC,FALMC,1706327,Fallbrook Residential Capital LLC,FALRC,1706332,Fallbrook Mortgage Depositor LLC,Fallbrook Mortgage Company LLC,mortgage
Fallbrook Commercial Mortgage Trust,FALK,1706368,Fallbrook Commercial Realty Capital LLC,FALRE,1706351,Fallbrook Commercial Capital LLC,FALKC,1706356,Fallbrook Commercial Mortgage Depositor LLC,Fallbrook Commercial Realty Capital LLC,commercial
Fallbrook Corporate Credit Trust,FALP,1706392,Fallbrook Asset Management LLC,FALAM,1706375,Fallbrook Credit Partners LLC,FALCP,1706380,Fallbrook Credit Funding LLC,Fallbrook Asset Management LLC,corporate_credit
Fallbrook Specialty Asset Trust,FALR,1706416,Fallbrook Specialty Finance LLC,FALSF,1706399,Fallbrook Structured Capital LLC,FALSC,1706404,Fallbrook Specialty Funding LLC,Fallbrook Specialty Finance LLC,esoteric
Glenmoor Auto Receivables Trust,GART,1706440,Glenmoor Auto Finance LLC,GLEAF,1706423,Glenmoor Capital Markets LLC,GLECM,1706428,Glenmoor Auto Receivables Depositor LLC,Glenmoor Auto Finance LLC,auto
Glenmoor Credit Card Master Trust,GCCM,1706464,Glenmoor Card Services LLC,GLECS,1706447,Glenmoor Payments Holdings LLC,GLEPH,1706452,Glenmoor Card Funding LLC,Glenmoor Card Services LLC,card
Glenmoor Consumer Loan Trust,GCLT,1706488,Glenmoor Consumer Finance LLC,GLECF,1706471,Glenmoor Consumer Capital LLC,GLECC,1706476,Glenmoor Consumer Receivables Depositor LLC,Situs Asset Management LLC,consumer
Glenmoor Student Loan Trust,GSLT,1706512,Glenmoor Student Lending LLC,GLESL,1706495,Glenmoor Education Capital LLC,GLEEC,1706500,Glenmoor Student Funding LLC,Glenmoor Student Lending LLC,student
Glenmoor Equipment Lease Trust,GELT,1706536,Glenmoor Equipment Finance LLC,GLEEF,1706519,Glenmoor Leasing Holdings LLC,GLELH,1706524,Glenmoor Equipment Receivables Depositor LLC,Glenmoor Equipment Finance LLC,equipment
Glenmoor Mortgage Trust,GMT,1706560,Glenmoor Mortgage Company LLC,GLEMC,1706543,Glenmoor Residential Capital LLC,GLERC,1706548,Glenmoor Mortgage Depositor LLC,Glenmoor Mortgage Company LLC,mortgage
Glenmoor Commercial Mortgage Trust,GCMT,1706584,Glenmoor Commercial Realty Capital LLC,GLERE,1706567,Glenmoor Commercial Capital LLC,GLEKC,1706572,Glenmoor Commercial Mortgage Depositor LLC,Glenmoor Commercial Realty Capital LLC,commercial
Glenmoor Corporate Credit Trust,GCCT,1706608,Glenmoor Asset Management LLC,GLEAM,1706591,Glenmoor Credit Partners LLC,GLECP,1706596,Glenmoor Credit Funding LLC,Glenmoor Asset Management LLC,corporate_credit
Glenmoor Specialty Asset Trust,GSAT,1706632,Glenmoor Specialty Finance LLC,GLESF,1706615,Glenmoor Structured Capital LLC,GLESC,1706620,Glenmoor Specialty Funding LLC,Glenmoor Specialty Finance LLC,esoteric
Havenbrook Auto Receivables Trust,HAVA,1706656,Havenbrook Auto Finance LLC,HAVAF,1706639,Havenbrook Capital Markets LLC,HAVCM,1706644,Havenbrook Auto Receivables Depositor LLC,Havenbrook Auto Finance LLC,auto
Havenbrook Credit Card Master Trust,HAVC,1706680,Havenbrook Card Services LLC,HAVCS,1706663,Havenbrook Payments Holdings LLC,HAVPH,1706668,Havenbrook Card Funding LLC,Havenbrook Card Services LLC,card
Havenbrook Consumer Loan Trust,HAVU,1706704,Havenbrook Consumer Finance LLC,HAVCF,1706687,Havenbrook Consumer Capital LLC,HAVCC,1706692,Havenbrook Consumer Receivables Depositor LLC,Havenbrook Consumer Finance LLC,consumer
Havenbrook Student Loan Trust,HAVS,1706728,Havenbrook Student Lending LLC,HAVSL,1706711,Havenbrook Education Capital LLC,HAVEC,1706716,Havenbrook Student Funding LLC,"Select Portfolio Servicing, Inc.",student
Havenbrook Equipment Lease Trust,HAVE,1706752,Havenbrook Equipment Finance LLC,HAVEF,1706735,Havenbrook Leasing Holdings LLC,HAVLH,1706740,Havenbrook Equipment Receivables Depositor LLC,Havenbrook Equipment Finance LLC,equipment
Havenbrook Mortgage Trust,HAVM,1706776,Havenbrook Mortgage Company LLC,HAVMC,1706759,Havenbrook Residential Capital LLC,HAVRC,1706764,Havenbrook Mortgage Depositor LLC,Havenbrook Mortgage Company LLC,mortgage
Havenbrook Commercial Mortgage Trust,HAVK,1706800,Havenbrook Commercial Realty Capital LLC,HAVRE,1706783,Havenbrook Commercial Capital LLC,HAVKC,1706788,Havenbrook Commercial Mortgage Depositor LLC,Havenbrook Commercial Realty Capital LLC,commercial
Havenbrook Corporate Credit Trust,HAVP,1706824,Havenbrook Asset Management LLC,HAVAM,1706807,Havenbrook Credit Partners LLC,HAVCP,1706812,Havenbrook Credit Funding LLC,Havenbrook Asset Management LLC,corporate_credit
Havenbrook Specialty Asset Trust,HAVR,1706848,Havenbrook Specialty Finance LLC,HAVSF,1706831,Havenbrook Structured Capital LLC,HAVSC,1706836,Havenbrook Specialty Funding LLC,Havenbrook Specialty Finance LLC,esoteric
Inglewood Auto Receivables Trust,INGA,1706872,Inglewood Auto Finance LLC,INGAF,1706855,Inglewood Capital Markets LLC,INGCM,1706860,Inglewood Auto Receivables Depositor LLC,Inglewood Auto Finance LLC,auto
Inglewood Credit Card Master Trust,INGC,1706896,Inglewood Card Services LLC,INGCS,1706879,Inglewood Payments Holdings LLC,INGPH,1706884,Inglewood Card Funding LLC,Inglewood Card Services LLC,card
Inglewood Consumer Loan Trust,INGU,1706920,Inglewood Consumer Finance LLC,INGCF,1706903,Inglewood Consumer Capital LLC,INGCC,1706908,Inglewood Consumer Receivables Depositor LLC,Inglewood Consumer Finance LLC,consumer
Inglewood Student Loan Trust,INGS,1706944,Inglewood Student Lending LLC,INGSL,1706927,Inglewood Education Capital LLC,INGEC,1706932,Inglewood Student Funding LLC,Inglewood Student Lending LLC,student
Inglewood Equipment Lease Trust,INGE,1706968,Inglewood Equipment Finance LLC,INGEF,1706951,Inglewood Leasing Holdings LLC,INGLH,1706956,Inglewood Equipment Receivables Depositor LLC,PHH Mortgage Corporation,equipment
Inglewood Mortgage Trust,INGM,1706992,Inglewood Mortgage Company LLC,INGMC,1706975,Inglewood Residential Capital LLC,INGRC,1706980,Inglewood Mortgage Depositor LLC,Inglewood Mortgage Company LLC,mortgage
Inglewood Commercial Mortgage Trust,INGK,1707016,Inglewood Commercial Realty Capital LLC,INGRE,1706999,Inglewood Commercial Capital LLC,INGKC,1707004,Inglewood Commercial Mortgage Depositor LLC,Inglewood Commercial Realty Capital LLC,commercial
Inglewood Corporate Credit Trust,INGP,1707040,Inglewood Asset Management LLC,INGAM,1707023,Inglewood Credit Partners LLC,INGCP,1707028,Inglewood Credit Funding LLC,Inglewood Asset Management LLC,corporate_credit
Inglewood Specialty Asset Trust,INGR,1707064,Inglewood Specialty Finance LLC,INGSF,1707047,Inglewood Structured Capital LLC,INGSC,1707052,Inglewood Specialty Funding LLC,Inglewood Specialty Finance LLC,esoteric
Juniper Auto Receivables Trust,JART,1707088,Juniper Auto Finance LLC,JUNAF,1707071,Juniper Capital Markets LLC,JUNCM,1707076,Juniper Auto Receivables Depositor LLC,Juniper Auto Finance LLC,auto
Juniper Credit Card Master Trust,JCCM,1707112,Juniper Card Services LLC,JUNCS,1707095,Juniper Payments Holdings LLC,JUNPH,1707100,Juniper Card Funding LLC,Juniper Card Services LLC,card
Juniper Consumer Loan Trust,JCLT,1707136,Juniper Consumer Finance LLC,JUNCF,1707119,Juniper Consumer Capital LLC,JUNCC,1707124,Juniper Consumer Receivables Depositor LLC,Juniper Consumer Finance LLC,consumer
Juniper Student Loan Trust,JSLT,1707160,Juniper Student Lending LLC,JUNSL,1707143,Juniper Education Capital LLC,JUNEC,1707148,Juniper Student Funding LLC,Juniper Student Lending LLC,student
Juniper Equipment Lease Trust,JELT,1707184,Juniper Equipment Finance LLC,JUNEF,1707167,Juniper Leasing Holdings LLC,JUNLH,1707172,Juniper Equipment Receivables Depositor LLC,Juniper Equipment Finance LLC,equipment
Juniper Mortgage Trust,JMT,1707208,Juniper Mortgage Company LLC,JUNMC,1707191,Juniper Residential Capital LLC,JUNRC,1707196,Juniper Mortgage Depositor LLC,"Systems & Services Technologies, Inc.",mortgage
Juniper Commercial Mortgage Trust,JCMT,1707232,Juniper Commercial Realty Capital LLC,JUNRE,1707215,Juniper Commercial Capital LLC,JUNKC,1707220,Juniper Commercial Mortgage Depositor LLC,Juniper Commercial Realty Capital LLC,commercial
Juniper Corporate Credit Trust,JCCT,1707256,Juniper Asset Management LLC,JUNAM,1707239,Juniper Credit Partners LLC,JUNCP,1707244,Juniper Credit Funding LLC,Juniper Asset Management LLC,corporate_credit
Juniper Specialty Asset Trust,JSAT,1707280,Juniper Specialty Finance LLC,JUNSF,1707263,Juniper Structured Capital LLC,JUNSC,1707268,Juniper Specialty Funding LLC,Juniper Specialty Finance LLC,esoteric
Kirkland Auto Receivables Trust,KIRA,1707304,Kirkland Auto Finance LLC,KIRAF,1707287,Kirkland Capital Markets LLC,KIRCM,1707292,Kirkland Auto Receivables Depositor LLC,Kirkland Auto Finance LLC,auto
Kirkland Credit Card Master Trust,KIRC,1707328,Kirkland Card Services LLC,KIRCS,1707311,Kirkland Payments Holdings LLC,KIRPH,1707316,Kirkland Card Funding LLC,Kirkland Card Services LLC,card
Kirkland Consumer Loan Trust,KIRU,1707352,Kirkland Consumer Finance LLC,KIRCF,1707335,Kirkland Consumer Capital LLC,KIRCC,1707340,Kirkland Consumer Receivables Depositor LLC,Kirkland Consumer Finance LLC,consumer
Kirkland Student Loan Trust,KIRS,1707376,Kirkland Student Lending LLC,KIRSL,1707359,Kirkland Education Capital LLC,KIREC,1707364,Kirkland Student Funding LLC,Kirkland Student Lending LLC,student
Kirkland Equipment Lease Trust,KIRE,1707400,Kirkland Equipment Finance LLC,KIREF,1707383,Kirkland Leasing Holdings LLC,KIRLH,1707388,Kirkland Equipment Receivables Depositor LLC,Kirkland Equipment Finance LLC,equipment
Kirkland Mortgage Trust,KIRM,1707424,Kirkland Mortgage Company LLC,KIRMC,1707407,Kirkland Residential Capital LLC,KIRRC,1707412,Kirkland Mortgage Depositor LLC,Kirkland Mortgage Company LLC,mortgage
Kirkland Commercial Mortgage Trust,KIRK,1707448,Kirkland Commercial Realty Capital LLC,KIRRE,1707431,Kirkland Commercial Capital LLC,KIRKC,1707436,Kirkland Commercial Mortgage Depositor LLC,Rushmore Loan Management Services LLC,commercial
Kirkland Corporate Credit Trust,KIRP,1707472,Kirkland Asset Management LLC,KIRAM,1707455,Kirkland Credit Partners LLC,KIRCP,1707460,Kirkland Credit Funding LLC,Kirkland Asset Management LLC,corporate_credit
Kirkland Specialty Asset Trust,KIRR,1707496,Kirkland Specialty Finance LLC,KIRSF,1707479,Kirkland Structured Capital LLC,KIRSC,1707484,Kirkland Specialty Funding LLC,Kirkland Specialty Finance LLC,esoteric
Lakeshore Auto Receivables Trust,LAKA,1707520,Lakeshore Auto Finance LLC,LAKAF,1707503,Lakeshore Capital Markets LLC,LAKCM,1707508,Lakeshore Auto Receivables Depositor LLC,Lakeshore Auto Finance LLC,auto
Lakeshore Credit Card Master Trust,LAKC,1707544,Lakeshore Card Services LLC,LAKCS,1707527,Lakeshore Payments Holdings LLC,LAKPH,1707532,Lakeshore Card Funding LLC,Lakeshore Card Services LLC,card
Lakeshore Consumer Loan Trust,LAKU,1707568,Lakeshore Consumer Finance LLC,LAKCF,1707551,Lakeshore Consumer Capital LLC,LAKCC,1707556,Lakeshore Consumer Receivables Depositor LLC,Lakeshore Consumer Finance LLC,consumer
Lakeshore Student Loan Trust,LAKS,1707592,Lakeshore Student Lending LLC,LAKSL,1707575,Lakeshore Education Capital LLC,LAKEC,1707580,Lakeshore Student Funding LLC,Lakeshore Student Lending LLC,student
Lakeshore Equipment Lease Trust,LAKE,1707616,Lakeshore Equipment Finance LLC,LAKEF,1707599,Lakeshore Leasing Holdings LLC,LAKLH,1707604,Lakeshore Equipment Receivables Depositor LLC,Lakeshore Equipment Finance LLC,equipment
Lakeshore Mortgage Trust,LAKM,1707640,Lakeshore Mortgage Company LLC,LAKMC,1707623,Lakeshore Residential Capital LLC,LAKRC,1707628,Lakeshore Mortgage Depositor LLC,Lakeshore Mortgage Company LLC,mortgage
Lakeshore Commercial Mortgage Trust,LAKK,1707664,Lakeshore Commercial Realty Capital LLC,LAKRE,1707647,Lakeshore Commercial Capital LLC,LAKKC,1707652,Lakeshore Commercial Mortgage Depositor LLC,Lakeshore Commercial Realty Capital LLC,commercial
Lakeshore Corporate Credit Trust,LAKP,1707688,Lakeshore Asset Management LLC,LAKAM,1707671,Lakeshore Credit Partners LLC,LAKCP,1707676,Lakeshore Credit Funding LLC,Statebridge Company LLC,corporate_credit
Lakeshore Specialty Asset Trust,LAKR,1707712,Lakeshore Specialty Finance LLC,LAKSF,1707695,Lakeshore Structured Capital LLC,LAKSC,1707700,Lakeshore Specialty Funding LLC,Lakeshore Specialty Finance LLC,esoteric
Marbury Auto Receivables Trust,MARA,1707736,Marbury Auto Finance LLC,MARAF,1707719,Marbury Capital Markets LLC,MARCM,1707724,Marbury Auto Receivables Depositor LLC,Marbury Auto Finance LLC,auto
Marbury Credit Card Master Trust,MARC,1707760,Marbury Card Services LLC,MARCS,1707743,Marbury Payments Holdings LLC,MARPH,1707748,Marbury Card Funding LLC,Marbury Card Services LLC,card
Marbury Consumer Loan Trust,MARU,1707784,Marbury Consumer Finance LLC,MARCF,1707767,Marbury Consumer Capital LLC,MARCC,1707772,Marbury Consumer Receivables Depositor LLC,Marbury Consumer Finance LLC,consumer
Marbury Student Loan Trust,MARS,1707808,Marbury Student Lending LLC,MARSL,1707791,Marbury Education Capital LLC,MAREC,1707796,Marbury Student Funding LLC,Marbury Student Lending LLC,student
Marbury Equipment Lease Trust,MARE,1707832,Marbury Equipment Finance LLC,MAREF,1707815,Marbury Leasing Holdings LLC,MARLH,1707820,Marbury Equipment Receivables Depositor LLC,Marbury Equipment Finance LLC,equipment
Marbury Mortgage Trust,MARM,1707856,Marbury Mortgage Company LLC,MARMC,1707839,Marbury Residential Capital LLC,MARRC,1707844,Marbury Mortgage Depositor LLC,Marbury Mortgage Company LLC,mortgage
Marbury Commercial Mortgage Trust,MARK,1707880,Marbury Commercial Realty Capital LLC,MARRE,1707863,Marbury Commercial Capital LLC,MARKC,1707868,Marbury Commercial Mortgage Depositor LLC,Marbury Commercial Realty Capital LLC,commercial
Marbury Corporate Credit Trust,MARP,1707904,Marbury Asset Management LLC,MARAM,1707887,Marbury Credit Partners LLC,MARCP,1707892,Marbury Credit Funding LLC,Marbury Asset Management LLC,corporate_credit
Marbury Specialty Asset Trust,MARR,1707928,Marbury Specialty Finance LLC,MARSF,1707911,Marbury Structured Capital LLC,MARSC,1707916,Marbury Specialty Funding LLC,Wells Fargo Commercial Mortgage Servicing,esoteric
Newbridge Auto Receivables Trust,NEWA,1707952,Newbridge Auto Finance LLC,NEWAF,1707935,Newbridge Capital Markets LLC,NEWCM,1707940,Newbridge Auto Receivables Depositor LLC,Newbridge Auto Finance LLC,auto
Newbridge Credit Card Master Trust,NEWC,1707976,Newbridge Card Services LLC,NEWCS,1707959,Newbridge Payments Holdings LLC,NEWPH,1707964,Newbridge Card Funding LLC,Newbridge Card Services LLC,card
Newbridge Consumer Loan Trust,NEWU,1708000,Newbridge Consumer Finance LLC,NEWCF,1707983,Newbridge Consumer Capital LLC,NEWCC,1707988,Newbridge Consumer Receivables Depositor LLC,Newbridge Consumer Finance LLC,consumer
Newbridge Student Loan Trust,NEWS,1708024,Newbridge Student Lending LLC,NEWSL,1708007,Newbridge Education Capital LLC,NEWEC,1708012,Newbridge Student Funding LLC,Newbridge Student Lending LLC,student
Newbridge Equipment Lease Trust,NEWE,1708048,Newbridge Equipment Finance LLC,NEWEF,1708031,Newbridge Leasing Holdings LLC,NEWLH,1708036,Newbridge Equipment Receivables Depositor LLC,Newbridge Equipment Finance LLC,equipment
Newbridge Mortgage Trust,NEWM,1708072,Newbridge Mortgage Company LLC,NEWMC,1708055,Newbridge Residential Capital LLC,NEWRC,1708060,Newbridge Mortgage Depositor LLC,Newbridge Mortgage Company LLC,mortgage
Newbridge Commercial Mortgage Trust,NEWK,1708096,Newbridge Commercial Realty Capital LLC,NEWRE,1708079,Newbridge Commercial Capital LLC,NEWKC,1708084,Newbridge Commercial Mortgage Depositor LLC,Newbridge Commercial Realty Capital LLC,commercial
Newbridge Corporate Credit Trust,NEWP,1708120,Newbridge Asset Management LLC,NEWAM,1708103,Newbridge Credit Partners LLC,NEWCP,1708108,Newbridge Credit Funding LLC,Newbridge Asset Management LLC,corporate_credit
Newbridge Specialty Asset Trust,NEWR,1708144,Newbridge Specialty Finance LLC,NEWSF,1708127,Newbridge Structured Capital LLC,NEWSC,1708132,Newbridge Specialty Funding LLC,Newbridge Specialty Finance LLC,esoteric
Orchardton Auto Receivables Trust,ORCA,1708168,Orchardton Auto Finance LLC,ORCAF,1708151,Orchardton Capital Markets LLC,ORCCM,1708156,Orchardton Auto Receivables Depositor LLC,Mr. Cooper Group Inc.,auto
Orchardton Credit Card Master Trust,ORCC,1708192,Orchardton Card Services LLC,ORCCS,1708175,Orchardton Payments Holdings LLC,ORCPH,1708180,Orchardton Card Funding LLC,Orchardton Card Services LLC,card
Orchardton Consumer Loan Trust,ORCU,1708216,Orchardton Consumer Finance LLC,ORCCF,1708199,Orchardton Consumer Capital LLC,ORCCC,1708204,Orchardton Consumer Receivables Depositor LLC,Orchardton Consumer Finance LLC,consumer
Orchardton Student Loan Trust,ORCS,1708240,Orchardton Student Lending LLC,ORCSL,1708223,Orchardton Education Capital LLC,ORCEC,1708228,Orchardton Student Funding LLC,Orchardton Student Lending LLC,student
Orchardton Equipment Lease Trust,ORCE,1708264,Orchardton Equipment Finance LLC,ORCEF,1708247,Orchardton Leasing Holdings LLC,ORCLH,1708252,Orchardton Equipment Receivables Depositor LLC,Orchardton Equipment Finance LLC,equipment
Orchardton Mortgage Trust,ORCM,1708288,Orchardton Mortgage Company LLC,ORCMC,1708271,Orchardton Residential Capital LLC,ORCRC,1708276,Orchardton Mortgage Depositor LLC,Orchardton Mortgage Company LLC,mortgage
Orchardton Commercial Mortgage Trust,ORCK,1708312,Orchardton Commercial Realty Capital LLC,ORCRE,1708295,Orchardton Commercial Capital LLC,ORCKC,1708300,Orchardton Commercial Mortgage Depositor LLC,Orchardton Commercial Realty Capital LLC,commercial
Orchardton Corporate Credit Trust,ORCP,1708336,Orchardton Asset Management LLC,ORCAM,1708319,Orchardton Credit Partners LLC,ORCCP,1708324,Orchardton Credit Funding LLC,Orchardton Asset Management LLC,corporate_credit
Orchardton Specialty Asset Trust,ORCR,1708360,Orchardton Specialty Finance LLC,ORCSF,1708343,Orchardton Structured Capital LLC,ORCSC,1708348,Orchardton Specialty Funding LLC,Orchardton Specialty Finance LLC,esoteric
Pinehurst Auto Receivables Trust,PART,1708384,Pinehurst Auto Finance LLC,PINAF,1708367,Pinehurst Capital Markets LLC,PINCM,1708372,Pinehurst Auto Receivables Depositor LLC,Pinehurst Auto Finance LLC,auto
Pinehurst Credit Card Master Trust,PCCM,1708408,Pinehurst Card Services LLC,PINCS,1708391,Pinehurst Payments Holdings LLC,PINPH,1708396,Pinehurst Card Funding LLC,"Select Portfolio Servicing, Inc.",card
Pinehurst Consumer Loan Trust,PCLT,1708432,Pinehurst Consumer Finance LLC,PINCF,1708415,Pinehurst Consumer Capital LLC,PINCC,1708420,Pinehurst Consumer Receivables Depositor LLC,Pinehurst Consumer Finance LLC,consumer
Pinehurst Student Loan Trust,PSLT,1708456,Pinehurst Student Lending LLC,PINSL,1708439,Pinehurst Education Capital LLC,PINEC,1708444,Pinehurst Student Funding LLC,Pinehurst Student Lending LLC,student
Pinehurst Equipment Lease Trust,PELT,1708480,Pinehurst Equipment Finance LLC,PINEF,1708463,Pinehurst Leasing Holdings LLC,PINLH,1708468,Pinehurst Equipment Receivables Depositor LLC,Pinehurst Equipment Finance LLC,equipment
Pinehurst Mortgage Trust,PMT,1708504,Pinehurst Mortgage Company LLC,PINMC,1708487,Pinehurst Residential Capital LLC,PINRC,1708492,Pinehurst Mortgage Depositor LLC,Pinehurst Mortgage Company LLC,mortgage
Pinehurst Commercial Mortgage Trust,PCMT,1708528,Pinehurst Commercial Realty Capital LLC,PINRE,1708511,Pinehurst Commercial Capital LLC,PINKC,1708516,Pinehurst Commercial Mortgage Depositor LLC,Pinehurst Commercial Realty Capital LLC,commercial
Pinehurst Corporate Credit Trust,PCCT,1708552,Pinehurst Asset Management LLC,PINAM,1708535,Pinehurst Credit Partners LLC,PINCP,1708540,Pinehurst Credit Funding LLC,Pinehurst Asset Management LLC,corporate_credit
Pinehurst Specialty Asset Trust,PSAT,1708576,Pinehurst Specialty Finance LLC,PINSF,1708559,Pinehurst Structured Capital LLC,PINSC,1708564,Pinehurst Specialty Funding LLC,Pinehurst Specialty Finance LLC,esoteric
Quarrymill Auto Receivables Trust,QART,1708600,Quarrymill Auto Finance LLC,QUAAF,1708583,Quarrymill Capital Markets LLC,QUACM,1708588,Quarrymill Auto Receivables Depositor LLC,Quarrymill Auto Finance LLC,auto
Quarrymill Credit Card Master Trust,QCCM,1708624,Quarrymill Card Services LLC,QUACS,1708607,Quarrymill Payments Holdings LLC,QUAPH,1708612,Quarrymill Card Funding LLC,Quarrymill Card Services LLC,card
Quarrymill Consumer Loan Trust,QCLT,1708648,Quarrymill Consumer Finance LLC,QUACF,1708631,Quarrymill Consumer Capital LLC,QUACC,1708636,Quarrymill Consumer Receivables Depositor LLC,Vervent Inc.,consumer
Quarrymill Student Loan Trust,QSLT,1708672,Quarrymill Student Lending LLC,QUASL,1708655,Quarrymill Education Capital LLC,QUAEC,1708660,Quarrymill Student Funding LLC,Quarrymill Student Lending LLC,student
Quarrymill Equipment Lease Trust,QELT,1708696,Quarrymill Equipment Finance LLC,QUAEF,1708679,Quarrymill Leasing Holdings LLC,QUALH,1708684,Quarrymill Equipment Receivables Depositor LLC,Quarrymill Equipment Finance LLC,equipment
Quarrymill Mortgage Trust,QMT,1708720,Quarrymill Mortgage Company LLC,QUAMC,1708703,Quarrymill Residential Capital LLC,QUARC,1708708,Quarrymill Mortgage Depositor LLC,Quarrymill Mortgage Company LLC,mortgage
Quarrymill Commercial Mortgage Trust,QCMT,1708744,Quarrymill Commercial Realty Capital LLC,QUARE,1708727,Quarrymill Commercial Capital LLC,QUAKC,1708732,Quarrymill Commercial Mortgage Depositor LLC,Quarrymill Commercial Realty Capital LLC,commercial
Quarrymill Corporate Credit Trust,QCCT,1708768,Quarrymill Asset Management LLC,QUAAM,1708751,Quarrymill Credit Partners LLC,QUACP,1708756,Quarrymill Credit Funding LLC,Quarrymill Asset Management LLC,corporate_credit
Quarrymill Specialty Asset Trust,QSAT,1708792,Quarrymill Specialty Finance LLC,QUASF,1708775,Quarrymill Structured Capital LLC,QUASC,1708780,Quarrymill Specialty Funding LLC,Quarrymill Specialty Finance LLC,esoteric
Rosemont Auto Receivables Trust,ROSA,1708816,Rosemont Auto Finance LLC,ROSAF,1708799,Rosemont Capital Markets LLC,ROSCM,1708804,Rosemont Auto Receivables Depositor LLC,Rosemont Auto Finance LLC,auto
Rosemont Credit Card Master Trust,ROSC,1708840,Rosemont Card Services LLC,ROSCS,1708823,Rosemont Payments Holdings LLC,ROSPH,1708828,Rosemont Card Funding LLC,Rosemont Card Services LLC,card
Rosemont Consumer Loan Trust,ROSU,1708864,Rosemont Consumer Finance LLC,ROSCF,1708847,Rosemont Consumer Capital LLC,ROSCC,1708852,Rosemont Consumer Receivables Depositor LLC,Rosemont Consumer Finance LLC,consumer
Rosemont Student Loan Trust,ROSS,1708888,Rosemont Student Lending LLC,ROSSL,1708871,Rosemont Education Capital LLC,ROSEC,1708876,Rosemont Student Funding LLC,Cenlar FSB,student
Rosemont Equipment Lease Trust,ROSE,1708912,Rosemont Equipment Finance LLC,ROSEF,1708895,Rosemont Leasing Holdings LLC,ROSLH,1708900,Rosemont Equipment Receivables Depositor LLC,Rosemont Equipment Finance LLC,equipment
Rosemont Mortgage Trust,ROSM,1708936,Rosemont Mortgage Company LLC,ROSMC,1708919,Rosemont Residential Capital LLC,ROSRC,1708924,Rosemont Mortgage Depositor LLC,Rosemont Mortgage Company LLC,mortgage
Rosemont Commercial Mortgage Trust,ROSK,1708960,Rosemont Commercial Realty Capital LLC,ROSRE,1708943,Rosemont Commercial Capital LLC,ROSKC,1708948,Rosemont Commercial Mortgage Depositor LLC,Rosemont Commercial Realty Capital LLC,commercial
Rosemont Corporate Credit Trust,ROSP,1708984,Rosemont Asset Management LLC,ROSAM,1708967,Rosemont Credit Partners LLC,ROSCP,1708972,Rosemont Credit Funding LLC,Rosemont Asset Management LLC,corporate_credit
Rosemont Specialty Asset Trust,ROSR,1709008,Rosemont Specialty Finance LLC,ROSSF,1708991,Rosemont Structured Capital LLC,ROSSC,1708996,Rosemont Specialty Funding LLC,Rosemont Specialty Finance LLC,esoteric
Summit Auto Receivables Trust,SUMA,1709032,Summit Auto Finance LLC,SUMAF,1709015,Summit Capital Markets LLC,SUMCM,1709020,Summit Auto Receivables Depositor LLC,Summit Auto Finance LLC,auto
Summit Credit Card Master Trust,SUMC,1709056,Summit Card Services LLC,SUMCS,1709039,Summit Payments Holdings LLC,SUMPH,1709044,Summit Card Funding LLC,Summit Card Services LLC,card
Summit Consumer Loan Trust,SUMU,1709080,Summit Consumer Finance LLC,SUMCF,1709063,Summit Consumer Capital LLC,SUMCC,1709068,Summit Consumer Receivables Depositor LLC,Summit Consumer Finance LLC,consumer
Summit Student Loan Trust,SUMS,1709104,Summit Student Lending LLC,SUMSL,1709087,Summit Education Capital LLC,SUMEC,1709092,Summit Student Funding LLC,Summit Student Lending LLC,student
Summit Equipment Lease Trust,SUME,1709128,Summit Equipment Finance LLC,SUMEF,1709111,Summit Leasing Holdings LLC,SUMLH,1709116,Summit Equipment Receivables Depositor LLC,Vervent Inc.,equipment
Summit Mortgage Trust,SUMM,1709152,Summit Mortgage Company LLC,SUMMC,1709135,Summit Residential Capital LLC,SUMRC,1709140,Summit Mortgage Depositor LLC,Summit Mortgage Company LLC,mortgage
Summit Commercial Mortgage Trust,SUMK,1709176,Summit Commercial Realty Capital LLC,SUMRE,1709159,Summit Commercial Capital LLC,SUMKC,1709164,Summit Commercial Mortgage Depositor LLC,Summit Commercial Realty Capital LLC,commercial
Summit Corporate Credit Trust,SUMP,1709200,Summit Asset Management LLC,SUMAM,1709183,Summit Credit Partners LLC,SUMCP,1709188,Summit Credit Funding LLC,Summit Asset Management LLC,corporate_credit
Summit Specialty Asset Trust,SUMR,1709224,Summit Specialty Finance LLC,SUMSF,1709207,Summit Structured Capital LLC,SUMSC,1709212,Summit Specialty Funding LLC,Summit Specialty Finance LLC,esoteric
Thornbury Auto Receivables Trust,TART,1709248,Thornbury Auto Finance LLC,THOAF,1709231,Thornbury Capital Markets LLC,THOCM,1709236,Thornbury Auto Receivables Depositor LLC,Thornbury Auto Finance LLC,auto
Thornbury Credit Card Master Trust,TCCM,1709272,Thornbury Card Services LLC,THOCS,1709255,Thornbury Payments Holdings LLC,THOPH,1709260,Thornbury Card Funding LLC,Thornbury Card Services LLC,card
Thornbury Consumer Loan Trust,TCLT,1709296,Thornbury Consumer Finance LLC,THOCF,1709279,Thornbury Consumer Capital LLC,THOCC,1709284,Thornbury Consumer Receivables Depositor LLC,Thornbury Consumer Finance LLC,consumer
Thornbury Student Loan Trust,TSLT,1709320,Thornbury Student Lending LLC,THOSL,1709303,Thornbury Education Capital LLC,THOEC,1709308,Thornbury Student Funding LLC,Thornbury Student Lending LLC,student
Thornbury Equipment Lease Trust,TELT,1709344,Thornbury Equipment Finance LLC,THOEF,1709327,Thornbury Leasing Holdings LLC,THOLH,1709332,Thornbury Equipment Receivables Depositor LLC,Thornbury Equipment Finance LLC,equipment
Thornbury Mortgage Trust,TMT,1709368,Thornbury Mortgage Company LLC,THOMC,1709351,Thornbury Residential Capital LLC,THORC,1709356,Thornbury Mortgage Depositor LLC,Shellpoint Mortgage Servicing,mortgage
Thornbury Commercial Mortgage Trust,TCMT,1709392,Thornbury Commercial Realty Capital LLC,THORE,1709375,Thornbury Commercial Capital LLC,THOKC,1709380,Thornbury Commercial Mortgage Depositor LLC,Thornbury Commercial Realty Capital LLC,commercial
Thornbury Corporate Credit Trust,TCCT,1709416,Thornbury Asset Management LLC,THOAM,1709399,Thornbury Credit Partners LLC,THOCP,1709404,Thornbury Credit Funding LLC,Thornbury Asset Management LLC,corporate_credit
Thornbury Specialty Asset Trust,TSAT,1709440,Thornbury Specialty Finance LLC,THOSF,1709423,Thornbury Structured Capital LLC,THOSC,1709428,Thornbury Specialty Funding LLC,Thornbury Specialty Finance LLC,esoteric
Underhill Auto Receivables Trust,UART,1709464,Underhill Auto Finance LLC,UNDAF,1709447,Underhill Capital Markets LLC,UNDCM,1709452,Underhill Auto Receivables Depositor LLC,Underhill Auto Finance LLC,auto
Underhill Credit Card Master Trust,UCCM,1709488,Underhill Card Services LLC,UNDCS,1709471,Underhill Payments Holdings LLC,UNDPH,1709476,Underhill Card Funding LLC,Underhill Card Services LLC,card
Underhill Consumer Loan Trust,UCLT,1709512,Underhill Consumer Finance LLC,UNDCF,1709495,Underhill Consumer Capital LLC,UNDCC,1709500,Underhill Consumer Receivables Depositor LLC,Underhill Consumer Finance LLC,consumer
Underhill Student Loan Trust,USLT,1709536,Underhill Student Lending LLC,UNDSL,1709519,Underhill Education Capital LLC,UNDEC,1709524,Underhill Student Funding LLC,Underhill Student Lending LLC,student
Underhill Equipment Lease Trust,UELT,1709560,Underhill Equipment Finance LLC,UNDEF,1709543,Underhill Leasing Holdings LLC,UNDLH,1709548,Underhill Equipment Receivables Depositor LLC,Underhill Equipment Finance LLC,equipment
Underhill Mortgage Trust,UMT,1709584,Underhill Mortgage Company LLC,UNDMC,1709567,Underhill Residential Capital LLC,UNDRC,1709572,Underhill Mortgage Depositor LLC,Underhill Mortgage Company LLC,mortgage
Underhill Commercial Mortgage Trust,UCMT,1709608,Underhill Commercial Realty Capital LLC,UNDRE,1709591,Underhill Commercial Capital LLC,UNDKC,1709596,Underhill Commercial Mortgage Depositor LLC,Cenlar FSB,commercial
Underhill Corporate Credit Trust,UCCT,1709632,Underhill Asset Management LLC,UNDAM,1709615,Underhill Credit Partners LLC,UNDCP,1709620,Underhill Credit Funding LLC,Underhill Asset Management LLC,corporate_credit
Underhill Specialty Asset Trust,USAT,1709656,Underhill Specialty Finance LLC,UNDSF,1709639,Underhill Structured Capital LLC,UNDSC,1709644,Underhill Specialty Funding LLC,Underhill Specialty Finance LLC,esoteric
Valemont Auto Receivables Trust,VART,1709680,Valemont Auto Finance LLC,VALAF,1709663,Valemont Capital Markets LLC,VALCM,1709668,Valemont Auto Receivables Depositor LLC,Valemont Auto Finance LLC,auto
Valemont Credit Card Master Trust,VCCM,1709704,Valemont Card Services LLC,VALCS,1709687,Valemont Payments Holdings LLC,VALPH,1709692,Valemont Card Funding LLC,Valemont Card Services LLC,card
Valemont Consumer Loan Trust,VCLT,1709728,Valemont Consumer Finance LLC,VALCF,1709711,Valemont Consumer Capital LLC,VALCC,1709716,Valemont Consumer Receivables Depositor LLC,Valemont Consumer Finance LLC,consumer
Valemont Student Loan Trust,VSLT,1709752,Valemont Student Lending LLC,VALSL,1709735,Valemont Education Capital LLC,VALEC,1709740,Valemont Student Funding LLC,Valemont Student Lending LLC,student
Valemont Equipment Lease Trust,VELT,1709776,Valemont Equipment Finance LLC,VALEF,1709759,Valemont Leasing Holdings LLC,VALLH,1709764,Valemont Equipment Receivables Depositor LLC,Valemont Equipment Finance LLC,equipment
Valemont Mortgage Trust,VMT,1709800,Valemont Mortgage Company LLC,VALMC,1709783,Valemont Residential Capital LLC,VALRC,1709788,Valemont Mortgage Depositor LLC,Valemont Mortgage Company LLC,mortgage
Valemont Commercial Mortgage Trust,VCMT,1709824,Valemont Commercial Realty Capital LLC,VALRE,1709807,Valemont Commercial Capital LLC,VALKC,1709812,Valemont Commercial Mortgage Depositor LLC,Valemont Commercial Realty Capital LLC,commercial
Valemont Corporate Credit Trust,VCCT,1709848,Valemont Asset Management LLC,VALAM,1709831,Valemont Credit Partners LLC,VALCP,1709836,Valemont Credit Funding LLC,"Select Portfolio Servicing, Inc.",corporate_credit
Valemont Specialty Asset Trust,VSAT,1709872,Valemont Specialty Finance LLC,VALSF,1709855,Valemont Structured Capital LLC,VALSC,1709860,Valemont Specialty Funding LLC,Valemont Specialty Finance LLC,esoteric
Westmark Auto Receivables Trust,WESA,1709896,Westmark Auto Finance LLC,WESAF,1709879,Westmark Capital Markets LLC,WESCM,1709884,Westmark Auto Receivables Depositor LLC,Westmark Auto Finance LLC,auto
Westmark Credit Card Master Trust,WESC,1709920,Westmark Card Services LLC,WESCS,1709903,Westmark Payments Holdings LLC,WESPH,1709908,Westmark Card Funding LLC,Westmark Card Services LLC,card
Westmark Consumer Loan Trust,WESU,1709944,Westmark Consumer Finance LLC,WESCF,1709927,Westmark Consumer Capital LLC,WESCC,1709932,Westmark Consumer Receivables Depositor LLC,Westmark Consumer Finance LLC,consumer
Westmark Student Loan Trust,WESS,1709968,Westmark Student Lending LLC,WESSL,1709951,Westmark Education Capital LLC,WESEC,1709956,Westmark Student Funding LLC,Westmark Student Lending LLC,student
Westmark Equipment Lease Trust,WESE,1709992,Westmark Equipment Finance LLC,WESEF,1709975,Westmark Leasing Holdings LLC,WESLH,1709980,Westmark Equipment Receivables Depositor LLC,Westmark Equipment Finance LLC,equipment
Westmark Mortgage Trust,WESM,1710016,Westmark Mortgage Company LLC,WESMC,1709999,Westmark Residential Capital LLC,WESRC,1710004,Westmark Mortgage Depositor LLC,Westmark Mortgage Company LLC,mortgage
Westmark Commercial Mortgage Trust,WESK,1710040,Westmark Commercial Realty Capital LLC,WESRE,1710023,Westmark Commercial Capital LLC,WESKC,1710028,Westmark Commercial Mortgage Depositor LLC,Westmark Commercial Realty Capital LLC,commercial
Westmark Corporate Credit Trust,WESP,1710064,Westmark Asset Management LLC,WESAM,1710047,Westmark Credit Partners LLC,WESCP,1710052,Westmark Credit Funding LLC,Westmark Asset Management LLC,corporate_credit
Westmark Specialty Asset Trust,WESR,1710088,Westmark Specialty Finance LLC,WESSF,1710071,Westmark Structured Capital LLC,WESSC,1710076,Westmark Specialty Funding LLC,KeyBank Real Estate Capital,esoteric
Yellowstone Auto Receivables Trust,YART,1710112,Yellowstone Auto Finance LLC,YELAF,1710095,Yellowstone Capital Markets LLC,YELCM,1710100,Yellowstone Auto Receivables Depositor LLC,Yellowstone Auto Finance LLC,auto
Yellowstone Credit Card Master Trust,YCCM,1710136,Yellowstone Card Services LLC,YELCS,1710119,Yellowstone Payments Holdings LLC,YELPH,1710124,Yellowstone Card Funding LLC,Yellowstone Card Services LLC,card
Yellowstone Consumer Loan Trust,YCLT,1710160,Yellowstone Consumer Finance LLC,YELCF,1710143,Yellowstone Consumer Capital LLC,YELCC,1710148,Yellowstone Consumer Receivables Depositor LLC,Yellowstone Consumer Finance LLC,consumer
Yellowstone Student Loan Trust,YSLT,1710184,Yellowstone Student Lending LLC,YELSL,1710167,Yellowstone Education Capital LLC,YELEC,1710172,Yellowstone Student Funding LLC,Yellowstone Student Lending LLC,student
Yellowstone Equipment Lease Trust,YELT,1710208,Yellowstone Equipment Finance LLC,YELEF,1710191,Yellowstone Leasing Holdings LLC,YELLH,1710196,Yellowstone Equipment Receivables Depositor LLC,Yellowstone Equipment Finance LLC,equipment
Yellowstone Mortgage Trust,YMT,1710232,Yellowstone Mortgage Company LLC,YELMC,1710215,Yellowstone Residential Capital LLC,YELRC,1710220,Yellowstone Mortgage Depositor LLC,Yellowstone Mortgage Company LLC,mortgage
Yellowstone Commercial Mortgage Trust,YCMT,1710256,Yellowstone Commercial Realty Capital LLC,YELRE,1710239,Yellowstone Commercial Capital LLC,YELKC,1710244,Yellowstone Commercial Mortgage Depositor LLC,Yellowstone Commercial Realty Capital LLC,commercial
Yellowstone Corporate Credit Trust,YCCT,1710280,Yellowstone Asset Management LLC,YELAM,1710263,Yellowstone Credit Partners LLC,YELCP,1710268,Yellowstone Credit Funding LLC,Yellowstone Asset Management LLC,corporate_credit
Yellowstone Specialty Asset Trust,YSAT,1710304,Yellowstone Specialty Finance LLC,YELSF,1710287,Yellowstone Structured Capital LLC,YELSC,1710292,Yellowstone Specialty Funding LLC,Yellowstone Specialty Finance LLC,esoteric
Zephyr Auto Receivables Trust,ZART,1710328,Zephyr Auto Finance LLC,ZEPAF,1710311,Zephyr Capital Markets LLC,ZEPCM,1710316,Zephyr Auto Receivables Depositor LLC,Computershare Loan Services,auto
Zephyr Credit Card Master Trust,ZCCM,1710352,Zephyr Card Services LLC,ZEPCS,1710335,Zephyr Payments Holdings LLC,ZEPPH,1710340,Zephyr Card Funding LLC,Zephyr Card Services LLC,card
Zephyr Consumer Loan Trust,ZCLT,1710376,Zephyr Consumer Finance LLC,ZEPCF,1710359,Zephyr Consumer Capital LLC,ZEPCC,1710364,Zephyr Consumer Receivables Depositor LLC,Zephyr Consumer Finance LLC,consumer
Zephyr Student Loan Trust,ZSLT,1710400,Zephyr Student Lending LLC,ZEPSL,1710383,Zephyr Education Capital LLC,ZEPEC,1710388,Zephyr Student Funding LLC,Zephyr Student Lending LLC,student
Zephyr Equipment Lease Trust,ZELT,1710424,Zephyr Equipment Finance LLC,ZEPEF,1710407,Zephyr Leasing Holdings LLC,ZEPLH,1710412,Zephyr Equipment Receivables Depositor LLC,Zephyr Equipment Finance LLC,equipment
Zephyr Mortgage Trust,ZMT,1710448,Zephyr Mortgage Company LLC,ZEPMC,1710431,Zephyr Residential Capital LLC,ZEPRC,1710436,Zephyr Mortgage Depositor LLC,Zephyr Mortgage Company LLC,mortgage
Zephyr Commercial Mortgage Trust,ZCMT,1710472,Zephyr Commercial Realty Capital LLC,ZEPRE,1710455,Zephyr Commercial Capital LLC,ZEPKC,1710460,Zephyr Commercial Mortgage Depositor LLC,Zephyr Commercial Realty Capital LLC,commercial
Zephyr Corporate Credit Trust,ZCCT,1710496,Zephyr Asset Management LLC,ZEPAM,1710479,Zephyr Credit Partners LLC,ZEPCP,1710484,Zephyr Credit Funding LLC,Zephyr Asset Management LLC,corporate_credit
Zephyr Specialty Asset Trust,ZSAT,1710520,Zephyr Specialty Finance LLC,ZEPSF,1710503,Zephyr Structured Capital LLC,ZEPSC,1710508,Zephyr Specialty Funding LLC,Zephyr Specialty Finance LLC,esoteric
Amberfield Auto Receivables Trust,AMBA,1710544,Amberfield Auto Finance LLC,AMBAF,1710527,Amberfield Capital Markets LLC,AMBCM,1710532,Amberfield Auto Receivables Depositor LLC,Amberfield Auto Finance LLC,auto
Amberfield Credit Card Master Trust,AMBC,1710568,Amberfield Card Services LLC,AMBCS,1710551,Amberfield Payments Holdings LLC,AMBPH,1710556,Amberfield Card Funding LLC,Nationstar Mortgage LLC,card
Amberfield Consumer Loan Trust,AMBU,1710592,Amberfield Consumer Finance LLC,AMBCF,1710575,Amberfield Consumer Capital LLC,AMBCC,1710580,Amberfield Consumer Receivables Depositor LLC,Amberfield Consumer Finance LLC,consumer
Amberfield Student Loan Trust,AMBS,1710616,Amberfield Student Lending LLC,AMBSL,1710599,Amberfield Education Capital LLC,AMBEC,1710604,Amberfield Student Funding LLC,Amberfield Student Lending LLC,student
Amberfield Equipment Lease Trust,AMBE,1710640,Amberfield Equipment Finance LLC,AMBEF,1710623,Amberfield Leasing Holdings LLC,AMBLH,1710628,Amberfield Equipment Receivables Depositor LLC,Amberfield Equipment Finance LLC,equipment
Amberfield Mortgage Trust,AMBM,1710664,Amberfield Mortgage Company LLC,AMBMC,1710647,Amberfield Residential Capital LLC,AMBRC,1710652,Amberfield Mortgage Depositor LLC,Amberfield Mortgage Company LLC,mortgage
Amberfield Commercial Mortgage Trust,AMBK,1710688,Amberfield Commercial Realty Capital LLC,AMBRE,1710671,Amberfield Commercial Capital LLC,AMBKC,1710676,Amberfield Commercial Mortgage Depositor LLC,Amberfield Commercial Realty Capital LLC,commercial
Amberfield Corporate Credit Trust,AMBP,1710712,Amberfield Asset Management LLC,AMBAM,1710695,Amberfield Credit Partners LLC,AMBCP,1710700,Amberfield Credit Funding LLC,Amberfield Asset Management LLC,corporate_credit
Amberfield Specialty Asset Trust,AMBR,1710736,Amberfield Specialty Finance LLC,AMBSF,1710719,Amberfield Structured Capital LLC,AMBSC,1710724,Amberfield Specialty Funding LLC,Amberfield Specialty Finance LLC,esoteric
Bayridge Auto Receivables Trust,BAYA,1710760,Bayridge Auto Finance LLC,BAYAF,1710743,Bayridge Capital Markets LLC,BAYCM,1710748,Bayridge Auto Receivables Depositor LLC,Bayridge Auto Finance LLC,auto
Bayridge Credit Card Master Trust,BAYC,1710784,Bayridge Card Services LLC,BAYCS,1710767,Bayridge Payments Holdings LLC,BAYPH,1710772,Bayridge Card Funding LLC,Bayridge Card Services LLC,card
Bayridge Consumer Loan Trust,BAYU,1710808,Bayridge Consumer Finance LLC,BAYCF,1710791,Bayridge Consumer Capital LLC,BAYCC,1710796,Bayridge Consumer Receivables Depositor LLC,Wells Fargo Commercial Mortgage Servicing,consumer
Bayridge Student Loan Trust,BAYS,1710832,Bayridge Student Lending LLC,BAYSL,1710815,Bayridge Education Capital LLC,BAYEC,1710820,Bayridge Student Funding LLC,Bayridge Student Lending LLC,student
Bayridge Equipment Lease Trust,BAYE,1710856,Bayridge Equipment Finance LLC,BAYEF,1710839,Bayridge Leasing Holdings LLC,BAYLH,1710844,Bayridge Equipment Receivables Depositor LLC,Bayridge Equipment Finance LLC,equipment
Bayridge Mortgage Trust,BAYM,1710880,Bayridge Mortgage Company LLC,BAYMC,1710863,Bayridge Residential Capital LLC,BAYRC,1710868,Bayridge Mortgage Depositor LLC,Bayridge Mortgage Company LLC,mortgage
Bayridge Commercial Mortgage Trust,BAYK,1710904,Bayridge Commercial Realty Capital LLC,BAYRE,1710887,Bayridge Commercial Capital LLC,BAYKC,1710892,Bayridge Commercial Mortgage Depositor LLC,Bayridge Commercial Realty Capital LLC,commercial
Bayridge Corporate Credit Trust,BAYP,1710928,Bayridge Asset Management LLC,BAYAM,1710911,Bayridge Credit Partners LLC,BAYCP,1710916,Bayridge Credit Funding LLC,Bayridge Asset Management LLC,corporate_credit
Bayridge Specialty Asset Trust,BAYR,1710952,Bayridge Specialty Finance LLC,BAYSF,1710935,Bayridge Structured Capital LLC,BAYSC,1710940,Bayridge Specialty Funding LLC,Bayridge Specialty Finance LLC,esoteric
Coppervale Auto Receivables Trust,COPA,1710976,Coppervale Auto Finance LLC,COPAF,1710959,Coppervale Capital Markets LLC,COPCM,1710964,Coppervale Auto Receivables Depositor LLC,Coppervale Auto Finance LLC,auto
Coppervale Credit Card Master Trust,COPC,1711000,Coppervale Card Services LLC,COPCS,1710983,Coppervale Payments Holdings LLC,COPPH,1710988,Coppervale Card Funding LLC,Coppervale Card Services LLC,card
Coppervale Consumer Loan Trust,COPU,1711024,Coppervale Consumer Finance LLC,COPCF,1711007,Coppervale Consumer Capital LLC,COPCC,1711012,Coppervale Consumer Receivables Depositor LLC,Coppervale Consumer Finance LLC,consumer
Coppervale Student Loan Trust,COPS,1711048,Coppervale Student Lending LLC,COPSL,1711031,Coppervale Education Capital LLC,COPEC,1711036,Coppervale Student Funding LLC,Mr. Cooper Group Inc.,student
Coppervale Equipment Lease Trust,COPE,1711072,Coppervale Equipment Finance LLC,COPEF,1711055,Coppervale Leasing Holdings LLC,COPLH,1711060,Coppervale Equipment Receivables Depositor LLC,Coppervale Equipment Finance LLC,equipment
Coppervale Mortgage Trust,COPM,1711096,Coppervale Mortgage Company LLC,COPMC,1711079,Coppervale Residential Capital LLC,COPRC,1711084,Coppervale Mortgage Depositor LLC,Coppervale Mortgage Company LLC,mortgage
Coppervale Commercial Mortgage Trust,COPK,1711120,Coppervale Commercial Realty Capital LLC,COPRE,1711103,Coppervale Commercial Capital LLC,COPKC,1711108,Coppervale Commercial Mortgage Depositor LLC,Coppervale Commercial Realty Capital LLC,commercial
Coppervale Corporate Credit Trust,COPP,1711144,Coppervale Asset Management LLC,COPAM,1711127,Coppervale Credit Partners LLC,COPCP,1711132,Coppervale Credit Funding LLC,Coppervale Asset Management LLC,corporate_credit
Coppervale Specialty Asset Trust,COPR,1711168,Coppervale Specialty Finance LLC,COPSF,1711151,Coppervale Structured Capital LLC,COPSC,1711156,Coppervale Specialty Funding LLC,Coppervale Specialty Finance LLC,esoteric
Deerfield Auto Receivables Trust,DEEA,1711192,Deerfield Auto Finance LLC,DEEAF,1711175,Deerfield Capital Markets LLC,DEECM,1711180,Deerfield Auto Receivables Depositor LLC,Deerfield Auto Finance LLC,auto
Deerfield Credit Card Master Trust,DEEC,1711216,Deerfield Card Services LLC,DEECS,1711199,Deerfield Payments Holdings LLC,DEEPH,1711204,Deerfield Card Funding LLC,Deerfield Card Services LLC,card
Deerfield Consumer Loan Trust,DEEU,1711240,Deerfield Consumer Finance LLC,DEECF,1711223,Deerfield Consumer Capital LLC,DEECC,1711228,Deerfield Consumer Receivables Depositor LLC,Deerfield Consumer Finance LLC,consumer
Deerfield Student Loan Trust,DEES,1711264,Deerfield Student Lending LLC,DEESL,1711247,Deerfield Education Capital LLC,DEEEC,1711252,Deerfield Student Funding LLC,Deerfield Student Lending LLC,student
Deerfield Equipment Lease Trust,DEEE,1711288,Deerfield Equipment Finance LLC,DEEEF,1711271,Deerfield Leasing Holdings LLC,DEELH,1711276,Deerfield Equipment Receivables Depositor LLC,Shellpoint Mortgage Servicing,equipment
Deerfield Mortgage Trust,DEEM,1711312,Deerfield Mortgage Company LLC,DEEMC,1711295,Deerfield Residential Capital LLC,DEERC,1711300,Deerfield Mortgage Depositor LLC,Deerfield Mortgage Company LLC,mortgage
Deerfield Commercial Mortgage Trust,DEEK,1711336,Deerfield Commercial Realty Capital LLC,DEERE,1711319,Deerfield Commercial Capital LLC,DEEKC,1711324,Deerfield Commercial Mortgage Depositor LLC,Deerfield Commercial Realty Capital LLC,commercial
Deerfield Corporate Credit Trust,DEEP,1711360,Deerfield Asset Management LLC,DEEAM,1711343,Deerfield Credit Partners LLC,DEECP,1711348,Deerfield Credit Funding LLC,Deerfield Asset Management LLC,corporate_credit
Deerfield Specialty Asset Trust,DEER,1711384,Deerfield Specialty Finance LLC,DEESF,1711367,Deerfield Structured Capital LLC,DEESC,1711372,Deerfield Specialty Funding LLC,Deerfield Specialty Finance LLC,esoteric
Elmwood Auto Receivables Trust,ELMA,1711408,Elmwood Auto Finance LLC,ELMAF,1711391,Elmwood Capital Markets LLC,ELMCM,1711396,Elmwood Auto Receivables Depositor LLC,Elmwood Auto Finance LLC,auto
Elmwood Credit Card Master Trust,ELMC,1711432,Elmwood Card Services LLC,ELMCS,1711415,Elmwood Payments Holdings LLC,ELMPH,1711420,Elmwood Card Funding LLC,Elmwood Card Services LLC,card
Elmwood Consumer Loan Trust,ELMU,1711456,Elmwood Consumer Finance LLC,ELMCF,1711439,Elmwood Consumer Capital LLC,ELMCC,1711444,Elmwood Consumer Receivables Depositor LLC,Elmwood Consumer Finance LLC,consumer
Elmwood Student Loan Trust,ELMS,1711480,Elmwood Student Lending LLC,ELMSL,1711463,Elmwood Education Capital LLC,ELMEC,1711468,Elmwood Student Funding LLC,Elmwood Student Lending LLC,student
Elmwood Equipment Lease Trust,ELME,1711504,Elmwood Equipment Finance LLC,ELMEF,1711487,Elmwood Leasing Holdings LLC,ELMLH,1711492,Elmwood Equipment Receivables Depositor LLC,Elmwood Equipment Finance LLC,equipment
Elmwood Mortgage Trust,ELMM,1711528,Elmwood Mortgage Company LLC,ELMMC,1711511,Elmwood Residential Capital LLC,ELMRC,1711516,Elmwood Mortgage Depositor LLC,Computershare Loan Services,mortgage
Elmwood Commercial Mortgage Trust,ELMK,1711552,Elmwood Commercial Realty Capital LLC,ELMRE,1711535,Elmwood Commercial Capital LLC,ELMKC,1711540,Elmwood Commercial Mortgage Depositor LLC,Elmwood Commercial Realty Capital LLC,commercial
Elmwood Corporate Credit Trust,ELMP,1711576,Elmwood Asset Management LLC,ELMAM,1711559,Elmwood Credit Partners LLC,ELMCP,1711564,Elmwood Credit Funding LLC,Elmwood Asset Management LLC,corporate_credit
Elmwood Specialty Asset Trust,ELMR,1711600,Elmwood Specialty Finance LLC,ELMSF,1711583,Elmwood Structured Capital LLC,ELMSC,1711588,Elmwood Specialty Funding LLC,Elmwood Specialty Finance LLC,esoteric
Foxglove Auto Receivables Trust,FOXA,1711624,Foxglove Auto Finance LLC,FOXAF,1711607,Foxglove Capital Markets LLC,FOXCM,1711612,Foxglove Auto Receivables Depositor LLC,Foxglove Auto Finance LLC,auto
Foxglove Credit Card Master Trust,FOXC,1711648,Foxglove Card Services LLC,FOXCS,1711631,Foxglove Payments Holdings LLC,FOXPH,1711636,Foxglove Card Funding LLC,Foxglove Card Services LLC,card
Foxglove Consumer Loan Trust,FOXU,1711672,Foxglove Consumer Finance LLC,FOXCF,1711655,Foxglove Consumer Capital LLC,FOXCC,1711660,Foxglove Consumer Receivables Depositor LLC,Foxglove Consumer Finance LLC,consumer
Foxglove Student Loan Trust,FOXS,1711696,Foxglove Student Lending LLC,FOXSL,1711679,Foxglove Education Capital LLC,FOXEC,1711684,Foxglove Student Funding LLC,Foxglove Student Lending LLC,student
Foxglove Equipment Lease Trust,FOXE,1711720,Foxglove Equipment Finance LLC,FOXEF,1711703,Foxglove Leasing Holdings LLC,FOXLH,1711708,Foxglove Equipment Receivables Depositor LLC,Foxglove Equipment Finance LLC,equipment
Foxglove Mortgage Trust,FOXM,1711744,Foxglove Mortgage Company LLC,FOXMC,1711727,Foxglove Residential Capital LLC,FOXRC,1711732,Foxglove Mortgage Depositor LLC,Foxglove Mortgage Company LLC,mortgage
Foxglove Commercial Mortgage Trust,FOXK,1711768,Foxglove Commercial Realty Capital LLC,FOXRE,1711751,Foxglove Commercial Capital LLC,FOXKC,1711756,Foxglove Commercial Mortgage Depositor LLC,Rushmore Loan Management Services LLC,commercial
Foxglove Corporate Credit Trust,FOXP,1711792,Foxglove Asset Management LLC,FOXAM,1711775,Foxglove Credit Partners LLC,FOXCP,1711780,Foxglove Credit Funding LLC,Foxglove Asset Management LLC,corporate_credit
Foxglove Specialty Asset Trust,FOXR,1711816,Foxglove Specialty Finance LLC,FOXSF,1711799,Foxglove Structured Capital LLC,FOXSC,1711804,Foxglove Specialty Funding LLC,Foxglove Specialty Finance LLC,esoteric
Granitepoint Auto Receivables Trust,GRAA,1711840,Granitepoint Auto Finance LLC,GRAAF,1711823,Granitepoint Capital Markets LLC,GRACM,1711828,Granitepoint Auto Receivables Depositor LLC,Granitepoint Auto Finance LLC,auto
Granitepoint Credit Card Master Trust,GRAC,1711864,Granitepoint Card Services LLC,GRACS,1711847,Granitepoint Payments Holdings LLC,GRAPH,1711852,Granitepoint Card Funding LLC,Granitepoint Card Services LLC,card
Granitepoint Consumer Loan Trust,GRAU,1711888,Granitepoint Consumer Finance LLC,GRACF,1711871,Granitepoint Consumer Capital LLC,GRACC,1711876,Granitepoint Consumer Receivables Depositor LLC,Granitepoint Consumer Finance LLC,consumer
Granitepoint Student Loan Trust,GRAS,1711912,Granitepoint Student Lending LLC,GRASL,1711895,Granitepoint Education Capital LLC,GRAEC,1711900,Granitepoint Student Funding LLC,Granitepoint Student Lending LLC,student
Granitepoint Equipment Lease Trust,GRAE,1711936,Granitepoint Equipment Finance LLC,GRAEF,1711919,Granitepoint Leasing Holdings LLC,GRALH,1711924,Granitepoint Equipment Receivables Depositor LLC,Granitepoint Equipment Finance LLC,equipment
Granitepoint Mortgage Trust,GRAM,1711960,Granitepoint Mortgage Company LLC,GRAMC,1711943,Granitepoint Residential Capital LLC,GRARC,1711948,Granitepoint Mortgage Depositor LLC,Granitepoint Mortgage Company LLC,mortgage
Granitepoint Commercial Mortgage Trust,GRAK,1711984,Granitepoint Commercial Realty Capital LLC,GRARE,1711967,Granitepoint Commercial Capital LLC,GRAKC,1711972,Granitepoint Commercial Mortgage Depositor LLC,Granitepoint Commercial Realty Capital LLC,commercial
Granitepoint Corporate Credit Trust,GRAP,1712008,Granitepoint Asset Management LLC,GRAAM,1711991,Granitepoint Credit Partners LLC,GRACP,1711996,Granitepoint Credit Funding LLC,Cenlar FSB,corporate_credit
Granitepoint Specialty Asset Trust,GRAR,1712032,Granitepoint Specialty Finance LLC,GRASF,1712015,Granitepoint Structured Capital LLC,GRASC,1712020,Granitepoint Specialty Funding LLC,Granitepoint Specialty Finance LLC,esoteric
Hillcrest Auto Receivables Trust,HILA,1712056,Hillcrest Auto Finance LLC,HILAF,1712039,Hillcrest Capital Markets LLC,HILCM,1712044,Hillcrest Auto Receivables Depositor LLC,Hillcrest Auto Finance LLC,auto
Hillcrest Credit Card Master Trust,HILC,1712080,Hillcrest Card Services LLC,HILCS,1712063,Hillcrest Payments Holdings LLC,HILPH,1712068,Hillcrest Card Funding LLC,Hillcrest Card Services LLC,card
Hillcrest Consumer Loan Trust,HILU,1712104,Hillcrest Consumer Finance LLC,HILCF,1712087,Hillcrest Consumer Capital LLC,HILCC,1712092,Hillcrest Consumer Receivables Depositor LLC,Hillcrest Consumer Finance LLC,consumer
Hillcrest Student Loan Trust,HILS,1712128,Hillcrest Student Lending LLC,HILSL,1712111,Hillcrest Education Capital LLC,HILEC,1712116,Hillcrest Student Funding LLC,Hillcrest Student Lending LLC,student
Hillcrest Equipment Lease Trust,HILE,1712152,Hillcrest Equipment Finance LLC,HILEF,1712135,Hillcrest Leasing Holdings LLC,HILLH,1712140,Hillcrest Equipment Receivables Depositor LLC,Hillcrest Equipment Finance LLC,equipment
Hillcrest Mortgage Trust,HILM,1712176,Hillcrest Mortgage Company LLC,HILMC,1712159,Hillcrest Residential Capital LLC,HILRC,1712164,Hillcrest Mortgage Depositor LLC,Hillcrest Mortgage Company LLC,mortgage
Hillcrest Commercial Mortgage Trust,HILK,1712200,Hillcrest Commercial Realty Capital LLC,HILRE,1712183,Hillcrest Commercial Capital LLC,HILKC,1712188,Hillcrest Commercial Mortgage Depositor LLC,Hillcrest Commercial Realty Capital LLC,commercial
Hillcrest Corporate Credit Trust,HILP,1712224,Hillcrest Asset Management LLC,HILAM,1712207,Hillcrest Credit Partners LLC,HILCP,1712212,Hillcrest Credit Funding LLC,Hillcrest Asset Management LLC,corporate_credit
Hillcrest Specialty Asset Trust,HILR,1712248,Hillcrest Specialty Finance LLC,HILSF,1712231,Hillcrest Structured Capital LLC,HILSC,1712236,Hillcrest Specialty Funding LLC,Mr. Cooper Group Inc.,esoteric
Ivybridge Auto Receivables Trust,IVYA,1712272,Ivybridge Auto Finance LLC,IVYAF,1712255,Ivybridge Capital Markets LLC,IVYCM,1712260,Ivybridge Auto Receivables Depositor LLC,Ivybridge Auto Finance LLC,auto
Ivybridge Credit Card Master Trust,IVYC,1712296,Ivybridge Card Services LLC,IVYCS,1712279,Ivybridge Payments Holdings LLC,IVYPH,1712284,Ivybridge Card Funding LLC,Ivybridge Card Services LLC,card
Ivybridge Consumer Loan Trust,IVYU,1712320,Ivybridge Consumer Finance LLC,IVYCF,1712303,Ivybridge Consumer Capital LLC,IVYCC,1712308,Ivybridge Consumer Receivables Depositor LLC,Ivybridge Consumer Finance LLC,consumer
Ivybridge Student Loan Trust,IVYS,1712344,Ivybridge Student Lending LLC,IVYSL,1712327,Ivybridge Education Capital LLC,IVYEC,1712332,Ivybridge Student Funding LLC,Ivybridge Student Lending LLC,student
Ivybridge Equipment Lease Trust,IVYE,1712368,Ivybridge Equipment Finance LLC,IVYEF,1712351,Ivybridge Leasing Holdings LLC,IVYLH,1712356,Ivybridge Equipment Receivables Depositor LLC,Ivybridge Equipment Finance LLC,equipment
Ivybridge Mortgage Trust,IVYM,1712392,Ivybridge Mortgage Company LLC,IVYMC,1712375,Ivybridge Residential Capital LLC,IVYRC,1712380,Ivybridge Mortgage Depositor LLC,Ivybridge Mortgage Company LLC,mortgage
Ivybridge Commercial Mortgage Trust,IVYK,1712416,Ivybridge Commercial Realty Capital LLC,IVYRE,1712399,Ivybridge Commercial Capital LLC,IVYKC,1712404,Ivybridge Commercial Mortgage Depositor LLC,Ivybridge Commercial Realty Capital LLC,commercial
Ivybridge Corporate Credit Trust,IVYP,1712440,Ivybridge Asset Management LLC,IVYAM,1712423,Ivybridge Credit Partners LLC,IVYCP,1712428,Ivybridge Credit Funding LLC,Ivybridge Asset Management LLC,corporate_credit
Ivybridge Specialty Asset Trust,IVYR,1712464,Ivybridge Specialty Finance LLC,IVYSF,1712447,Ivybridge Structured Capital LLC,IVYSC,1712452,Ivybridge Specialty Funding LLC,Ivybridge Specialty Finance LLC,esoteric
Jasperfield Auto Receivables Trust,JASA,1712488,Jasperfield Auto Finance LLC,JASAF,1712471,Jasperfield Capital Markets LLC,JASCM,1712476,Jasperfield Auto Receivables Depositor LLC,PHH Mortgage Corporation,auto
Jasperfield Credit Card Master Trust,JASC,1712512,Jasperfield Card Services LLC,JASCS,1712495,Jasperfield Payments Holdings LLC,JASPH,1712500,Jasperfield Card Funding LLC,Jasperfield Card Services LLC,card
Jasperfield Consumer Loan Trust,JASU,1712536,Jasperfield Consumer Finance LLC,JASCF,1712519,Jasperfield Consumer Capital LLC,JASCC,1712524,Jasperfield Consumer Receivables Depositor LLC,Jasperfield Consumer Finance LLC,consumer
Jasperfield Student Loan Trust,JASS,1712560,Jasperfield Student Lending LLC,JASSL,1712543,Jasperfield Education Capital LLC,JASEC,1712548,Jasperfield Student Funding LLC,Jasperfield Student Lending LLC,student
Jasperfield Equipment Lease Trust,JASE,1712584,Jasperfield Equipment Finance LLC,JASEF,1712567,Jasperfield Leasing Holdings LLC,JASLH,1712572,Jasperfield Equipment Receivables Depositor LLC,Jasperfield Equipment Finance LLC,equipment
Jasperfield Mortgage Trust,JASM,1712608,Jasperfield Mortgage Company LLC,JASMC,1712591,Jasperfield Residential Capital LLC,JASRC,1712596,Jasperfield Mortgage Depositor LLC,Jasperfield Mortgage Company LLC,mortgage
Jasperfield Commercial Mortgage Trust,JASK,1712632,Jasperfield Commercial Realty Capital LLC,JASRE,1712615,Jasperfield Commercial Capital LLC,JASKC,1712620,Jasperfield Commercial Mortgage Depositor LLC,Jasperfield Commercial Realty Capital LLC,commercial
Jasperfield Corporate Credit Trust,JASP,1712656,Jasperfield Asset Management LLC,JASAM,1712639,Jasperfield Credit Partners LLC,JASCP,1712644,Jasperfield Credit Funding LLC,Jasperfield Asset Management LLC,corporate_credit
Jasperfield Specialty Asset Trust,JASR,1712680,Jasperfield Specialty Finance LLC,JASSF,1712663,Jasperfield Structured Capital LLC,JASSC,1712668,Jasperfield Specialty Funding LLC,Jasperfield Specialty Finance LLC,esoteric
Kingsley Auto Receivables Trust,KINA,1712704,Kingsley Auto Finance LLC,KINAF,1712687,Kingsley Capital Markets LLC,KINCM,1712692,Kingsley Auto Receivables Depositor LLC,Kingsley Auto Finance LLC,auto
Kingsley Credit Card Master Trust,KINC,1712728,Kingsley Card Services LLC,KINCS,1712711,Kingsley Payments Holdings LLC,KINPH,1712716,Kingsley Card Funding LLC,Nationstar Mortgage LLC,card
Kingsley Consumer Loan Trust,KINU,1712752,Kingsley Consumer Finance LLC,KINCF,1712735,Kingsley Consumer Capital LLC,KINCC,1712740,Kingsley Consumer Receivables Depositor LLC,Kingsley Consumer Finance LLC,consumer
Kingsley Student Loan Trust,KINS,1712776,Kingsley Student Lending LLC,KINSL,1712759,Kingsley Education Capital LLC,KINEC,1712764,Kingsley Student Funding LLC,Kingsley Student Lending LLC,student
Kingsley Equipment Lease Trust,KINE,1712800,Kingsley Equipment Finance LLC,KINEF,1712783,Kingsley Leasing Holdings LLC,KINLH,1712788,Kingsley Equipment Receivables Depositor LLC,Kingsley Equipment Finance LLC,equipment
Kingsley Mortgage Trust,KINM,1712824,Kingsley Mortgage Company LLC,KINMC,1712807,Kingsley Residential Capital LLC,KINRC,1712812,Kingsley Mortgage Depositor LLC,Kingsley Mortgage Company LLC,mortgage
Kingsley Commercial Mortgage Trust,KINK,1712848,Kingsley Commercial Realty Capital LLC,KINRE,1712831,Kingsley Commercial Capital LLC,KINKC,1712836,Kingsley Commercial Mortgage Depositor LLC,Kingsley Commercial Realty Capital LLC,commercial
Kingsley Corporate Credit Trust,KINP,1712872,Kingsley Asset Management LLC,KINAM,1712855,Kingsley Credit Partners LLC,KINCP,1712860,Kingsley Credit Funding LLC,Kingsley Asset Management LLC,corporate_credit
Kingsley Specialty Asset Trust,KINR,1712896,Kingsley Specialty Finance LLC,KINSF,1712879,Kingsley Structured Capital LLC,KINSC,1712884,Kingsley Specialty Funding LLC,Kingsley Specialty Finance LLC,esoteric
Linden Auto Receivables Trust,LINA,1712920,Linden Auto Finance LLC,LINAF,1712903,Linden Capital Markets LLC,LINCM,1712908,Linden Auto Receivables Depositor LLC,Linden Auto Finance LLC,auto
Linden Credit Card Master Trust,LINC,1712944,Linden Card Services LLC,LINCS,1712927,Linden Payments Holdings LLC,LINPH,1712932,Linden Card Funding LLC,Linden Card Services LLC,card
Linden Consumer Loan Trust,LINU,1712968,Linden Consumer Finance LLC,LINCF,1712951,Linden Consumer Capital LLC,LINCC,1712956,Linden Consumer Receivables Depositor LLC,Rushmore Loan Management Services LLC,consumer
Linden Student Loan Trust,LINS,1712992,Linden Student Lending LLC,LINSL,1712975,Linden Education Capital LLC,LINEC,1712980,Linden Student Funding LLC,Linden Student Lending LLC,student
Linden Equipment Lease Trust,LINE,1713016,Linden Equipment Finance LLC,LINEF,1712999,Linden Leasing Holdings LLC,LINLH,1713004,Linden Equipment Receivables Depositor LLC,Linden Equipment Finance LLC,equipment
Linden Mortgage Trust,LINM,1713040,Linden Mortgage Company LLC,LINMC,1713023,Linden Residential Capital LLC,LINRC,1713028,Linden Mortgage Depositor LLC,Linden Mortgage Company LLC,mortgage
Linden Commercial Mortgage Trust,LINK,1713064,Linden Commercial Realty Capital LLC,LINRE,1713047,Linden Commercial Capital LLC,LINKC,1713052,Linden Commercial Mortgage Depositor LLC,Linden Commercial Realty Capital LLC,commercial
Linden Corporate Credit Trust,LINP,1713088,Linden Asset Management LLC,LINAM,1713071,Linden Credit Partners LLC,LINCP,1713076,Linden Credit Funding LLC,Linden Asset Management LLC,corporate_credit
Linden Specialty Asset Trust,LINR,1713112,Linden Specialty Finance LLC,LINSF,1713095,Linden Structured Capital LLC,LINSC,1713100,Linden Specialty Funding LLC,Linden Specialty Finance LLC,esoteric
Millbrook Auto Receivables Trust,MILA,1713136,Millbrook Auto Finance LLC,MILAF,1713119,Millbrook Capital Markets LLC,MILCM,1713124,Millbrook Auto Receivables Depositor LLC,Millbrook Auto Finance LLC,auto
Millbrook Credit Card Master Trust,MILC,1713160,Millbrook Card Services LLC,MILCS,1713143,Millbrook Payments Holdings LLC,MILPH,1713148,Millbrook Card Funding LLC,Millbrook Card Services LLC,card
Millbrook Consumer Loan Trust,MILU,1713184,Millbrook Consumer Finance LLC,MILCF,1713167,Millbrook Consumer Capital LLC,MILCC,1713172,Millbrook Consumer Receivables Depositor LLC,Millbrook Consumer Finance LLC,consumer
Millbrook Student Loan Trust,MILS,1713208,Millbrook Student Lending LLC,MILSL,1713191,Millbrook Education Capital LLC,MILEC,1713196,Millbrook Student Funding LLC,Cenlar FSB,student
Millbrook Equipment Lease Trust,MILE,1713232,Millbrook Equipment Finance LLC,MILEF,1713215,Millbrook Leasing Holdings LLC,MILLH,1713220,Millbrook Equipment Receivables Depositor LLC,Millbrook Equipment Finance LLC,equipment
Millbrook Mortgage Trust,MILM,1713256,Millbrook Mortgage Company LLC,MILMC,1713239,Millbrook Residential Capital LLC,MILRC,1713244,Millbrook Mortgage Depositor LLC,Millbrook Mortgage Company LLC,mortgage
Millbrook Commercial Mortgage Trust,MILK,1713280,Millbrook Commercial Realty Capital LLC,MILRE,1713263,Millbrook Commercial Capital LLC,MILKC,1713268,Millbrook Commercial Mortgage Depositor LLC,Millbrook Commercial Realty Capital LLC,commercial
Millbrook Corporate Credit Trust,MILP,1713304,Millbrook Asset Management LLC,MILAM,1713287,Millbrook Credit Partners LLC,MILCP,1713292,Millbrook Credit Funding LLC,Millbrook Asset Management LLC,corporate_credit
Millbrook Specialty Asset Trust,MILR,1713328,Millbrook Specialty Finance LLC,MILSF,1713311,Millbrook Structured Capital LLC,MILSC,1713316,Millbrook Specialty Funding LLC,Millbrook Specialty Finance LLC,esoteric
Norwood Auto Receivables Trust,NRWA,1713352,Norwood Auto Finance LLC,NRWAF,1713335,Norwood Capital Markets LLC,NRWCM,1713340,Norwood Auto Receivables Depositor LLC,Norwood Auto Finance LLC,auto
Norwood Credit Card Master Trust,NRWC,1713376,Norwood Card Services LLC,NRWCS,1713359,Norwood Payments Holdings LLC,NRWPH,1713364,Norwood Card Funding LLC,Norwood Card Services LLC,card
Norwood Consumer Loan Trust,NRWU,1713400,Norwood Consumer Finance LLC,NRWCF,1713383,Norwood Consumer Capital LLC,NRWCC,1713388,Norwood Consumer Receivables Depositor LLC,Norwood Consumer Finance LLC,consumer
Norwood Student Loan Trust,NRWS,1713424,Norwood Student Lending LLC,NRWSL,1713407,Norwood Education Capital LLC,NRWEC,1713412,Norwood Student Funding LLC,Norwood Student Lending LLC,student
Norwood Equipment Lease Trust,NRWE,1713448,Norwood Equipment Finance LLC,NRWEF,1713431,Norwood Leasing Holdings LLC,NRWLH,1713436,Norwood Equipment Receivables Depositor LLC,Cenlar FSB,equipment
Norwood Mortgage Trust,NRWM,1713472,Norwood Mortgage Company LLC,NRWMC,1713455,Norwood Residential Capital LLC,NRWRC,1713460,Norwood Mortgage Depositor LLC,Norwood Mortgage Company LLC,mortgage
Norwood Commercial Mortgage Trust,NRWK,1713496,Norwood Commercial Realty Capital LLC,NRWRE,1713479,Norwood Commercial Capital LLC,NRWKC,1713484,Norwood Commercial Mortgage Depositor LLC,Norwood Commercial Realty Capital LLC,commercial
Norwood Corporate Credit Trust,NRWP,1713520,Norwood Asset Management LLC,NRWAM,1713503,Norwood Credit Partners LLC,NRWCP,1713508,Norwood Credit Funding LLC,Norwood Asset Management LLC,corporate_credit
Norwood Specialty Asset Trust,NRWR,1713544,Norwood Specialty Finance LLC,NRWSF,1713527,Norwood Structured Capital LLC,NRWSC,1713532,Norwood Specialty Funding LLC,Norwood Specialty Finance LLC,esoteric
Oakvale Auto Receivables Trust,OKVA,1713568,Oakvale Auto Finance LLC,OKVAF,1713551,Oakvale Capital Markets LLC,OKVCM,1713556,Oakvale Auto Receivables Depositor LLC,Oakvale Auto Finance LLC,auto
Oakvale Credit Card Master Trust,OKVC,1713592,Oakvale Card Services LLC,OKVCS,1713575,Oakvale Payments Holdings LLC,OKVPH,1713580,Oakvale Card Funding LLC,Oakvale Card Services LLC,card
Oakvale Consumer Loan Trust,OKVU,1713616,Oakvale Consumer Finance LLC,OKVCF,1713599,Oakvale Consumer Capital LLC,OKVCC,1713604,Oakvale Consumer Receivables Depositor LLC,Oakvale Consumer Finance LLC,consumer
Oakvale Student Loan Trust,OKVS,1713640,Oakvale Student Lending LLC,OKVSL,1713623,Oakvale Education Capital LLC,OKVEC,1713628,Oakvale Student Funding LLC,Oakvale Student Lending LLC,student
Oakvale Equipment Lease Trust,OKVE,1713664,Oakvale Equipment Finance LLC,OKVEF,1713647,Oakvale Leasing Holdings LLC,OKVLH,1713652,Oakvale Equipment Receivables Depositor LLC,Oakvale Equipment Finance LLC,equipment
Oakvale Mortgage Trust,OKVM,1713688,Oakvale Mortgage Company LLC,OKVMC,1713671,Oakvale Residential Capital LLC,OKVRC,1713676,Oakvale Mortgage Depositor LLC,Computershare Loan Services,mortgage
Oakvale Commercial Mortgage Trust,OKVK,1713712,Oakvale Commercial Realty Capital LLC,OKVRE,1713695,Oakvale Commercial Capital LLC,OKVKC,1713700,Oakvale Commercial Mortgage Depositor LLC,Oakvale Commercial Realty Capital LLC,commercial
Oakvale Corporate Credit Trust,OKVP,1713736,Oakvale Asset Management LLC,OKVAM,1713719,Oakvale Credit Partners LLC,OKVCP,1713724,Oakvale Credit Funding LLC,Oakvale Asset Management LLC,corporate_credit
Oakvale Specialty Asset Trust,OKVR,1713760,Oakvale Specialty Finance LLC,OKVSF,1713743,Oakvale Structured Capital LLC,OKVSC,1713748,Oakvale Specialty Funding LLC,Oakvale Specialty Finance LLC,esoteric
Parkmont Auto Receivables Trust,PARA,1713784,Parkmont Auto Finance LLC,PARAF,1713767,Parkmont Capital Markets LLC,PARCM,1713772,Parkmont Auto Receivables Depositor LLC,Parkmont Auto Finance LLC,auto
Parkmont Credit Card Master Trust,PARC,1713808,Parkmont Card Services LLC,PARCS,1713791,Parkmont Payments Holdings LLC,PARPH,1713796,Parkmont Card Funding LLC,Parkmont Card Services LLC,card
Parkmont Consumer Loan Trust,PARU,1713832,Parkmont Consumer Finance LLC,PARCF,1713815,Parkmont Consumer Capital LLC,PARCC,1713820,Parkmont Consumer Receivables Depositor LLC,Parkmont Consumer Finance LLC,consumer
Parkmont Student Loan Trust,PARS,1713856,Parkmont Student Lending LLC,PARSL,1713839,Parkmont Education Capital LLC,PAREC,1713844,Parkmont Student Funding LLC,Parkmont Student Lending LLC,student
Parkmont Equipment Lease Trust,PARE,1713880,Parkmont Equipment Finance LLC,PAREF,1713863,Parkmont Leasing Holdings LLC,PARLH,1713868,Parkmont Equipment Receivables Depositor LLC,Parkmont Equipment Finance LLC,equipment
Parkmont Mortgage Trust,PARM,1713904,Parkmont Mortgage Company LLC,PARMC,1713887,Parkmont Residential Capital LLC,PARRC,1713892,Parkmont Mortgage Depositor LLC,Parkmont Mortgage Company LLC,mortgage
Parkmont Commercial Mortgage Trust,PARK,1713928,Parkmont Commercial Realty Capital LLC,PARRE,1713911,Parkmont Commercial Capital LLC,PARKC,1713916,Parkmont Commercial Mortgage Depositor LLC,Nationstar Mortgage LLC,commercial
Parkmont Corporate Credit Trust,PARP,1713952,Parkmont Asset Management LLC,PARAM,1713935,Parkmont Credit Partners LLC,PARCP,1713940,Parkmont Credit Funding LLC,Parkmont Asset Management LLC,corporate_credit
Parkmont Specialty Asset Trust,PARR,1713976,Parkmont Specialty Finance LLC,PARSF,1713959,Parkmont Structured Capital LLC,PARSC,1713964,Parkmont Specialty Funding LLC,Parkmont Specialty Finance LLC,esoteric
Queensbury Auto Receivables Trust,QUEA,1714000,Queensbury Auto Finance LLC,QUEAF,1713983,Queensbury Capital Markets LLC,QUECM,1713988,Queensbury Auto Receivables Depositor LLC,Queensbury Auto Finance LLC,auto
Queensbury Credit Card Master Trust,QUEC,1714024,Queensbury Card Services LLC,QUECS,1714007,Queensbury Payments Holdings LLC,QUEPH,1714012,Queensbury Card Funding LLC,Queensbury Card Services LLC,card
Queensbury Consumer Loan Trust,QUEU,1714048,Queensbury Consumer Finance LLC,QUECF,1714031,Queensbury Consumer Capital LLC,QUECC,1714036,Queensbury Consumer Receivables Depositor LLC,Queensbury Consumer Finance LLC,consumer
Queensbury Student Loan Trust,QUES,1714072,Queensbury Student Lending LLC,QUESL,1714055,Queensbury Education Capital LLC,QUEEC,1714060,Queensbury Student Funding LLC,Queensbury Student Lending LLC,student
Queensbury Equipment Lease Trust,QUEE,1714096,Queensbury Equipment Finance LLC,QUEEF,1714079,Queensbury Leasing Holdings LLC,QUELH,1714084,Queensbury Equipment Receivables Depositor LLC,Queensbury Equipment Finance LLC,equipment
Queensbury Mortgage Trust,QUEM,1714120,Queensbury Mortgage Company LLC,QUEMC,1714103,Queensbury Residential Capital LLC,QUERC,1714108,Queensbury Mortgage Depositor LLC,Queensbury Mortgage Company LLC,mortgage
Queensbury Commercial Mortgage Trust,QUEK,1714144,Queensbury Commercial Realty Capital LLC,QUERE,1714127,Queensbury Commercial Capital LLC,QUEKC,1714132,Queensbury Commercial Mortgage Depositor LLC,Queensbury Commercial Realty Capital LLC,commercial
Queensbury Corporate Credit Trust,QUEP,1714168,Queensbury Asset Management LLC,QUEAM,1714151,Queensbury Credit Partners LLC,QUECP,1714156,Queensbury Credit Funding LLC,Statebridge Company LLC,corporate_credit
Queensbury Specialty Asset Trust,QUER,1714192,Queensbury Specialty Finance LLC,QUESF,1714175,Queensbury Structured Capital LLC,QUESC,1714180,Queensbury Specialty Funding LLC,Queensbury Specialty Finance LLC,esoteric
Riverton Auto Receivables Trust,RIVA,1714216,Riverton Auto Finance LLC,RIVAF,1714199,Riverton Capital Markets LLC,RIVCM,1714204,Riverton Auto Receivables Depositor LLC,Riverton Auto Finance LLC,auto
Riverton Credit Card Master Trust,RIVC,1714240,Riverton Card Services LLC,RIVCS,1714223,Riverton Payments Holdings LLC,RIVPH,1714228,Riverton Card Funding LLC,Riverton Card Services LLC,card
Riverton Consumer Loan Trust,RIVU,1714264,Riverton Consumer Finance LLC,RIVCF,1714247,Riverton Consumer Capital LLC,RIVCC,1714252,Riverton Consumer Receivables Depositor LLC,Riverton Consumer Finance LLC,consumer
Riverton Student Loan Trust,RIVS,1714288,Riverton Student Lending LLC,RIVSL,1714271,Riverton Education Capital LLC,RIVEC,1714276,Riverton Student Funding LLC,Riverton Student Lending LLC,student
Riverton Equipment Lease Trust,RIVE,1714312,Riverton Equipment Finance LLC,RIVEF,1714295,Riverton Leasing Holdings LLC,RIVLH,1714300,Riverton Equipment Receivables Depositor LLC,Riverton Equipment Finance LLC,equipment
Riverton Mortgage Trust,RIVM,1714336,Riverton Mortgage Company LLC,RIVMC,1714319,Riverton Residential Capital LLC,RIVRC,1714324,Riverton Mortgage Depositor LLC,Riverton Mortgage Company LLC,mortgage
Riverton Commercial Mortgage Trust,RIVK,1714360,Riverton Commercial Realty Capital LLC,RIVRE,1714343,Riverton Commercial Capital LLC,RIVKC,1714348,Riverton Commercial Mortgage Depositor LLC,Riverton Commercial Realty Capital LLC,commercial
Riverton Corporate Credit Trust,RIVP,1714384,Riverton Asset Management LLC,RIVAM,1714367,Riverton Credit Partners LLC,RIVCP,1714372,Riverton Credit Funding LLC,Riverton Asset Management LLC,corporate_credit
Riverton Specialty Asset Trust,RIVR,1714408,Riverton Specialty Finance LLC,RIVSF,1714391,Riverton Structured Capital LLC,RIVSC,1714396,Riverton Specialty Funding LLC,Computershare Loan Services,esoteric
Stanhope Auto Receivables Trust,STAA,1714432,Stanhope Auto Finance LLC,STAAF,1714415,Stanhope Capital Markets LLC,STACM,1714420,Stanhope Auto Receivables Depositor LLC,Stanhope Auto Finance LLC,auto
Stanhope Credit Card Master Trust,STAC,1714456,Stanhope Card Services LLC,STACS,1714439,Stanhope Payments Holdings LLC,STAPH,1714444,Stanhope Card Funding LLC,Stanhope Card Services LLC,card
Stanhope Consumer Loan Trust,STAU,1714480,Stanhope Consumer Finance LLC,STACF,1714463,Stanhope Consumer Capital LLC,STACC,1714468,Stanhope Consumer Receivables Depositor LLC,Stanhope Consumer Finance LLC,consumer
Stanhope Student Loan Trust,STAS,1714504,Stanhope Student Lending LLC,STASL,1714487,Stanhope Education Capital LLC,STAEC,1714492,Stanhope Student Funding LLC,Stanhope Student Lending LLC,student
Stanhope Equipment Lease Trust,STAE,1714528,Stanhope Equipment Finance LLC,STAEF,1714511,Stanhope Leasing Holdings LLC,STALH,1714516,Stanhope Equipment Receivables Depositor LLC,Stanhope Equipment Finance LLC,equipment
Stanhope Mortgage Trust,STAM,1714552,Stanhope Mortgage Company LLC,STAMC,1714535,Stanhope Residential Capital LLC,STARC,1714540,Stanhope Mortgage Depositor LLC,Stanhope Mortgage Company LLC,mortgage
Stanhope Commercial Mortgage Trust,STAK,1714576,Stanhope Commercial Realty Capital LLC,STARE,1714559,Stanhope Commercial Capital LLC,STAKC,1714564,Stanhope Commercial Mortgage Depositor LLC,Stanhope Commercial Realty Capital LLC,commercial
Stanhope Corporate Credit Trust,STAP,1714600,Stanhope Asset Management LLC,STAAM,1714583,Stanhope Credit Partners LLC,STACP,1714588,Stanhope Credit Funding LLC,Stanhope Asset Management LLC,corporate_credit
Stanhope Specialty Asset Trust,STAR,1714624,Stanhope Specialty Finance LLC,STASF,1714607,Stanhope Structured Capital LLC,STASC,1714612,Stanhope Specialty Funding LLC,Stanhope Specialty Finance LLC,esoteric
Templeton Auto Receivables Trust,TEMA,1714648,Templeton Auto Finance LLC,TEMAF,1714631,Templeton Capital Markets LLC,TEMCM,1714636,Templeton Auto Receivables Depositor LLC,Wells Fargo Commercial Mortgage Servicing,auto
Templeton Credit Card Master Trust,TEMC,1714672,Templeton Card Services LLC,TEMCS,1714655,Templeton Payments Holdings LLC,TEMPH,1714660,Templeton Card Funding LLC,Templeton Card Services LLC,card
Templeton Consumer Loan Trust,TEMU,1714696,Templeton Consumer Finance LLC,TEMCF,1714679,Templeton Consumer Capital LLC,TEMCC,1714684,Templeton Consumer Receivables Depositor LLC,Templeton Consumer Finance LLC,consumer
Templeton Student Loan Trust,TEMS,1714720,Templeton Student Lending LLC,TEMSL,1714703,Templeton Education Capital LLC,TEMEC,1714708,Templeton Student Funding LLC,Templeton Student Lending LLC,student
Templeton Equipment Lease Trust,TEME,1714744,Templeton Equipment Finance LLC,TEMEF,1714727,Templeton Leasing Holdings LLC,TEMLH,1714732,Templeton Equipment Receivables Depositor LLC,Templeton Equipment Finance LLC,equipment
Templeton Mortgage Trust,TEMM,1714768,Templeton Mortgage Company LLC,TEMMC,1714751,Templeton Residential Capital LLC,TEMRC,1714756,Templeton Mortgage Depositor LLC,Templeton Mortgage Company LLC,mortgage
Templeton Commercial Mortgage Trust,TEMK,1714792,Templeton Commercial Realty Capital LLC,TEMRE,1714775,Templeton Commercial Capital LLC,TEMKC,1714780,Templeton Commercial Mortgage Depositor LLC,Templeton Commercial Realty Capital LLC,commercial
Templeton Corporate Credit Trust,TEMP,1714816,Templeton Asset Management LLC,TEMAM,1714799,Templeton Credit Partners LLC,TEMCP,1714804,Templeton Credit Funding LLC,Templeton Asset Management LLC,corporate_credit
Templeton Specialty Asset Trust,TEMR,1714840,Templeton Specialty Finance LLC,TEMSF,1714823,Templeton Structured Capital LLC,TEMSC,1714828,Templeton Specialty Funding LLC,Templeton Specialty Finance LLC,esoteric
Uplands Auto Receivables Trust,UPLA,1714864,Uplands Auto Finance LLC,UPLAF,1714847,Uplands Capital Markets LLC,UPLCM,1714852,Uplands Auto Receivables Depositor LLC,Uplands Auto Finance LLC,auto
Uplands Credit Card Master Trust,UPLC,1714888,Uplands Card Services LLC,UPLCS,1714871,Uplands Payments Holdings LLC,UPLPH,1714876,Uplands Card Funding LLC,Cenlar FSB,card
Uplands Consumer Loan Trust,UPLU,1714912,Uplands Consumer Finance LLC,UPLCF,1714895,Uplands Consumer Capital LLC,UPLCC,1714900,Uplands Consumer Receivables Depositor LLC,Uplands Consumer Finance LLC,consumer
Uplands Student Loan Trust,UPLS,1714936,Uplands Student Lending LLC,UPLSL,1714919,Uplands Education Capital LLC,UPLEC,1714924,Uplands Student Funding LLC,Uplands Student Lending LLC,student
Uplands Equipment Lease Trust,UPLE,1714960,Uplands Equipment Finance LLC,UPLEF,1714943,Uplands Leasing Holdings LLC,UPLLH,1714948,Uplands Equipment Receivables Depositor LLC,Uplands Equipment Finance LLC,equipment
Uplands Mortgage Trust,UPLM,1714984,Uplands Mortgage Company LLC,UPLMC,1714967,Uplands Residential Capital LLC,UPLRC,1714972,Uplands Mortgage Depositor LLC,Uplands Mortgage Company LLC,mortgage
Uplands Commercial Mortgage Trust,UPLK,1715008,Uplands Commercial Realty Capital LLC,UPLRE,1714991,Uplands Commercial Capital LLC,UPLKC,1714996,Uplands Commercial Mortgage Depositor LLC,Uplands Commercial Realty Capital LLC,commercial
Uplands Corporate Credit Trust,UPLP,1715032,Uplands Asset Management LLC,UPLAM,1715015,Uplands Credit Partners LLC,UPLCP,1715020,Uplands Credit Funding LLC,Uplands Asset Management LLC,corporate_credit
Uplands Specialty Asset Trust,UPLR,1715056,Uplands Specialty Finance LLC,UPLSF,1715039,Uplands Structured Capital LLC,UPLSC,1715044,Uplands Specialty Funding LLC,Uplands Specialty Finance LLC,esoteric
Vermilion Auto Receivables Trust,VERA,1715080,Vermilion Auto Finance LLC,VERAF,1715063,Vermilion Capital Markets LLC,VERCM,1715068,Vermilion Auto Receivables Depositor LLC,Vermilion Auto Finance LLC,auto
Vermilion Credit Card Master Trust,VERC,1715104,Vermilion Card Services LLC,VERCS,1715087,Vermilion Payments Holdings LLC,VERPH,1715092,Vermilion Card Funding LLC,Vermilion Card Services LLC,card
Vermilion Consumer Loan Trust,VERU,1715128,Vermilion Consumer Finance LLC,VERCF,1715111,Vermilion Consumer Capital LLC,VERCC,1715116,Vermilion Consumer Receivables Depositor LLC,Vervent Inc.,consumer
Vermilion Student Loan Trust,VERS,1715152,Vermilion Student Lending LLC,VERSL,1715135,Vermilion Education Capital LLC,VEREC,1715140,Vermilion Student Funding LLC,Vermilion Student Lending LLC,student
Vermilion Equipment Lease Trust,VERE,1715176,Vermilion Equipment Finance LLC,VEREF,1715159,Vermilion Leasing Holdings LLC,VERLH,1715164,Vermilion Equipment Receivables Depositor LLC,Vermilion Equipment Finance LLC,equipment
Vermilion Mortgage Trust,VERM,1715200,Vermilion Mortgage Company LLC,VERMC,1715183,Vermilion Residential Capital LLC,VERRC,1715188,Vermilion Mortgage Depositor LLC,Vermilion Mortgage Company LLC,mortgage
Vermilion Commercial Mortgage Trust,VERK,1715224,Vermilion Commercial Realty Capital LLC,VERRE,1715207,Vermilion Commercial Capital LLC,VERKC,1715212,Vermilion Commercial Mortgage Depositor LLC,Vermilion Commercial Realty Capital LLC,commercial
Vermilion Corporate Credit Trust,VERP,1715248,Vermilion Asset Management LLC,VERAM,1715231,Vermilion Credit Partners LLC,VERCP,1715236,Vermilion Credit Funding LLC,Vermilion Asset Management LLC,corporate_credit
Vermilion Specialty Asset Trust,VERR,1715272,Vermilion Specialty Finance LLC,VERSF,1715255,Vermilion Structured Capital LLC,VERSC,1715260,Vermilion Specialty Funding LLC,Vermilion Specialty Finance LLC,esoteric
Waverly Auto Receivables Trust,WAVA,1715296,Waverly Auto Finance LLC,WAVAF,1715279,Waverly Capital Markets LLC,WAVCM,1715284,Waverly Auto Receivables Depositor LLC,Waverly Auto Finance LLC,auto
Waverly Credit Card Master Trust,WAVC,1715320,Waverly Card Services LLC,WAVCS,1715303,Waverly Payments Holdings LLC,WAVPH,1715308,Waverly Card Funding LLC,Waverly Card Services LLC,card
Waverly Consumer Loan Trust,WAVU,1715344,Waverly Consumer Finance LLC,WAVCF,1715327,Waverly Consumer Capital LLC,WAVCC,1715332,Waverly Consumer Receivables Depositor LLC,Waverly Consumer Finance LLC,consumer
Waverly Student Loan Trust,WAVS,1715368,Waverly Student Lending LLC,WAVSL,1715351,Waverly Education Capital LLC,WAVEC,1715356,Waverly Student Funding LLC,Cenlar FSB,student
Waverly Equipment Lease Trust,WAVE,1715392,Waverly Equipment Finance LLC,WAVEF,1715375,Waverly Leasing Holdings LLC,WAVLH,1715380,Waverly Equipment Receivables Depositor LLC,Waverly Equipment Finance LLC,equipment
Waverly Mortgage Trust,WAVM,1715416,Waverly Mortgage Company LLC,WAVMC,1715399,Waverly Residential Capital LLC,WAVRC,1715404,Waverly Mortgage Depositor LLC,Waverly Mortgage Company LLC,mortgage
Waverly Commercial Mortgage Trust,WAVK,1715440,Waverly Commercial Realty Capital LLC,WAVRE,1715423,Waverly Commercial Capital LLC,WAVKC,1715428,Waverly Commercial Mortgage Depositor LLC,Waverly Commercial Realty Capital LLC,commercial
Waverly Corporate Credit Trust,WAVP,1715464,Waverly Asset Management LLC,WAVAM,1715447,Waverly Credit Partners LLC,WAVCP,1715452,Waverly Credit Funding LLC,Waverly Asset Management LLC,corporate_credit
Waverly Specialty Asset Trust,WAVR,1715488,Waverly Specialty Finance LLC,WAVSF,1715471,Waverly Structured Capital LLC,WAVSC,1715476,Waverly Specialty Funding LLC,Waverly Specialty Finance LLC,esoteric
Ashcombe Auto Receivables Trust,AHCA,1715512,Ashcombe Auto Finance LLC,AHCAF,1715495,Ashcombe Capital Markets LLC,AHCCM,1715500,Ashcombe Auto Receivables Depositor LLC,Ashcombe Auto Finance LLC,auto
Ashcombe Credit Card Master Trust,AHCC,1715536,Ashcombe Card Services LLC,AHCCS,1715519,Ashcombe Payments Holdings LLC,AHCPH,1715524,Ashcombe Card Funding LLC,Ashcombe Card Services LLC,card
Ashcombe Consumer Loan Trust,AHCU,1715560,Ashcombe Consumer Finance LLC,AHCCF,1715543,Ashcombe Consumer Capital LLC,AHCCC,1715548,Ashcombe Consumer Receivables Depositor LLC,Ashcombe Consumer Finance LLC,consumer
Ashcombe Student Loan Trust,AHCS,1715584,Ashcombe Student Lending LLC,AHCSL,1715567,Ashcombe Education Capital LLC,AHCEC,1715572,Ashcombe Student Funding LLC,Ashcombe Student Lending LLC,student
Ashcombe Equipment Lease Trust,AHCE,1715608,Ashcombe Equipment Finance LLC,AHCEF,1715591,Ashcombe Leasing Holdings LLC,AHCLH,1715596,Ashcombe Equipment Receivables Depositor LLC,PHH Mortgage Corporation,equipment
Ashcombe Mortgage Trust,AHCM,1715632,Ashcombe Mortgage Company LLC,AHCMC,1715615,Ashcombe Residential Capital LLC,AHCRC,1715620,Ashcombe Mortgage Depositor LLC,Ashcombe Mortgage Company LLC,mortgage
Ashcombe Commercial Mortgage Trust,AHCK,1715656,Ashcombe Commercial Realty Capital LLC,AHCRE,1715639,Ashcombe Commercial Capital LLC,AHCKC,1715644,Ashcombe Commercial Mortgage Depositor LLC,Ashcombe Commercial Realty Capital LLC,commercial
Ashcombe Corporate Credit Trust,AHCP,1715680,Ashcombe Asset Management LLC,AHCAM,1715663,Ashcombe Credit Partners LLC,AHCCP,1715668,Ashcombe Credit Funding LLC,Ashcombe Asset Management LLC,corporate_credit
Ashcombe Specialty Asset Trust,AHCR,1715704,Ashcombe Specialty Finance LLC,AHCSF,1715687,Ashcombe Structured Capital LLC,AHCSC,1715692,Ashcombe Specialty Funding LLC,Ashcombe Specialty Finance LLC,esoteric
Birchmere Auto Receivables Trust,BIRA,1715728,Birchmere Auto Finance LLC,BIRAF,1715711,Birchmere Capital Markets LLC,BIRCM,1715716,Birchmere Auto Receivables Depositor LLC,Birchmere Auto Finance LLC,auto
Birchmere Credit Card Master Trust,BIRC,1715752,Birchmere Card Services LLC,BIRCS,1715735,Birchmere Payments Holdings LLC,BIRPH,1715740,Birchmere Card Funding LLC,Birchmere Card Services LLC,card
Birchmere Consumer Loan Trust,BIRU,1715776,Birchmere Consumer Finance LLC,BIRCF,1715759,Birchmere Consumer Capital LLC,BIRCC,1715764,Birchmere Consumer Receivables Depositor LLC,Birchmere Consumer Finance LLC,consumer
Birchmere Student Loan Trust,BIRS,1715800,Birchmere Student Lending LLC,BIRSL,1715783,Birchmere Education Capital LLC,BIREC,1715788,Birchmere Student Funding LLC,Birchmere Student Lending LLC,student
Birchmere Equipment Lease Trust,BIRE,1715824,Birchmere Equipment Finance LLC,BIREF,1715807,Birchmere Leasing Holdings LLC,BIRLH,1715812,Birchmere Equipment Receivables Depositor LLC,Birchmere Equipment Finance LLC,equipment
Birchmere Mortgage Trust,BIRM,1715848,Birchmere Mortgage Company LLC,BIRMC,1715831,Birchmere Residential Capital LLC,BIRRC,1715836,Birchmere Mortgage Depositor LLC,Midland Loan Services,mortgage
Birchmere Commercial Mortgage Trust,BIRK,1715872,Birchmere Commercial Realty Capital LLC,BIRRE,1715855,Birchmere Commercial Capital LLC,BIRKC,1715860,Birchmere Commercial Mortgage Depositor LLC,Birchmere Commercial Realty Capital LLC,commercial
Birchmere Corporate Credit Trust,BIRP,1715896,Birchmere Asset Management LLC,BIRAM,1715879,Birchmere Credit Partners LLC,BIRCP,1715884,Birchmere Credit Funding LLC,Birchmere Asset Management LLC,corporate_credit
Birchmere Specialty Asset Trust,BIRR,1715920,Birchmere Specialty Finance LLC,BIRSF,1715903,Birchmere Structured Capital LLC,BIRSC,1715908,Birchmere Specialty Funding LLC,Birchmere Specialty Finance LLC,esoteric
Carrington Auto Receivables Trust,CARA,1715944,Carrington Auto Finance LLC,CARAF,1715927,Carrington Capital Markets LLC,CARCM,1715932,Carrington Auto Receivables Depositor LLC,Carrington Auto Finance LLC,auto
Carrington Credit Card Master Trust,CARC,1715968,Carrington Card Services LLC,CARCS,1715951,Carrington Payments Holdings LLC,CARPH,1715956,Carrington Card Funding LLC,Carrington Card Services LLC,card
Carrington Consumer Loan Trust,CARU,1715992,Carrington Consumer Finance LLC,CARCF,1715975,Carrington Consumer Capital LLC,CARCC,1715980,Carrington Consumer Receivables Depositor LLC,Carrington Consumer Finance LLC,consumer
Carrington Student Loan Trust,CARS,1716016,Carrington Student Lending LLC,CARSL,1715999,Carrington Education Capital LLC,CAREC,1716004,Carrington Student Funding LLC,Carrington Student Lending LLC,student
Carrington Equipment Lease Trust,CARE,1716040,Carrington Equipment Finance LLC,CAREF,1716023,Carrington Leasing Holdings LLC,CARLH,1716028,Carrington Equipment Receivables Depositor LLC,Carrington Equipment Finance LLC,equipment
Carrington Mortgage Trust,CARM,1716064,Carrington Mortgage Company LLC,CARMC,1716047,Carrington Residential Capital LLC,CARRC,1716052,Carrington Mortgage Depositor LLC,Carrington Mortgage Company LLC,mortgage
Carrington Commercial Mortgage Trust,CARK,1716088,Carrington Commercial Realty Capital LLC,CARRE,1716071,Carrington Commercial Capital LLC,CARKC,1716076,Carrington Commercial Mortgage Depositor LLC,Rushmore Loan Management Services LLC,commercial
Carrington Corporate Credit Trust,CARP,1716112,Carrington Asset Management LLC,CARAM,1716095,Carrington Credit Partners LLC,CARCP,1716100,Carrington Credit Funding LLC,Carrington Asset Management LLC,corporate_credit
Carrington Specialty Asset Trust,CARR,1716136,Carrington Specialty Finance LLC,CARSF,1716119,Carrington Structured Capital LLC,CARSC,1716124,Carrington Specialty Funding LLC,Carrington Specialty Finance LLC,esoteric
Dovercourt Auto Receivables Trust,DOVA,1716160,Dovercourt Auto Finance LLC,DOVAF,1716143,Dovercourt Capital Markets LLC,DOVCM,1716148,Dovercourt Auto Receivables Depositor LLC,Dovercourt Auto Finance LLC,auto
Dovercourt Credit Card Master Trust,DOVC,1716184,Dovercourt Card Services LLC,DOVCS,1716167,Dovercourt Payments Holdings LLC,DOVPH,1716172,Dovercourt Card Funding LLC,Dovercourt Card Services LLC,card
Dovercourt Consumer Loan Trust,DOVU,1716208,Dovercourt Consumer Finance LLC,DOVCF,1716191,Dovercourt Consumer Capital LLC,DOVCC,1716196,Dovercourt Consumer Receivables Depositor LLC,Dovercourt Consumer Finance LLC,consumer
Dovercourt Student Loan Trust,DOVS,1716232,Dovercourt Student Lending LLC,DOVSL,1716215,Dovercourt Education Capital LLC,DOVEC,1716220,Dovercourt Student Funding LLC,Dovercourt Student Lending LLC,student
Dovercourt Equipment Lease Trust,DOVE,1716256,Dovercourt Equipment Finance LLC,DOVEF,1716239,Dovercourt Leasing Holdings LLC,DOVLH,1716244,Dovercourt Equipment Receivables Depositor LLC,Dovercourt Equipment Finance LLC,equipment
Dovercourt Mortgage Trust,DOVM,1716280,Dovercourt Mortgage Company LLC,DOVMC,1716263,Dovercourt Residential Capital LLC,DOVRC,1716268,Dovercourt Mortgage Depositor LLC,Dovercourt Mortgage Company LLC,mortgage
Dovercourt Commercial Mortgage Trust,DOVK,1716304,Dovercourt Commercial Realty Capital LLC,DOVRE,1716287,Dovercourt Commercial Capital LLC,DOVKC,1716292,Dovercourt Commercial Mortgage Depositor LLC,Dovercourt Commercial Realty Capital LLC,commercial
Dovercourt Corporate Credit Trust,DOVP,1716328,Dovercourt Asset Management LLC,DOVAM,1716311,Dovercourt Credit Partners LLC,DOVCP,1716316,Dovercourt Credit Funding LLC,Shellpoint Mortgage Servicing,corporate_credit
Dovercourt Specialty Asset Trust,DOVR,1716352,Dovercourt Specialty Finance LLC,DOVSF,1716335,Dovercourt Structured Capital LLC,DOVSC,1716340,Dovercourt Specialty Funding LLC,Dovercourt Specialty Finance LLC,esoteric
Everly Auto Receivables Trust,EVEA,1716376,Everly Auto Finance LLC,EVEAF,1716359,Everly Capital Markets LLC,EVECM,1716364,Everly Auto Receivables Depositor LLC,Everly Auto Finance LLC,auto
Everly Credit Card Master Trust,EVEC,1716400,Everly Card Services LLC,EVECS,1716383,Everly Payments Holdings LLC,EVEPH,1716388,Everly Card Funding LLC,Everly Card Services LLC,card
Everly Consumer Loan Trust,EVEU,1716424,Everly Consumer Finance LLC,EVECF,1716407,Everly Consumer Capital LLC,EVECC,1716412,Everly Consumer Receivables Depositor LLC,Everly Consumer Finance LLC,consumer
Everly Student Loan Trust,EVES,1716448,Everly Student Lending LLC,EVESL,1716431,Everly Education Capital LLC,EVEEC,1716436,Everly Student Funding LLC,Everly Student Lending LLC,student
Everly Equipment Lease Trust,EVEE,1716472,Everly Equipment Finance LLC,EVEEF,1716455,Everly Leasing Holdings LLC,EVELH,1716460,Everly Equipment Receivables Depositor LLC,Everly Equipment Finance LLC,equipment
Everly Mortgage Trust,EVEM,1716496,Everly Mortgage Company LLC,EVEMC,1716479,Everly Residential Capital LLC,EVERC,1716484,Everly Mortgage Depositor LLC,Everly Mortgage Company LLC,mortgage
Everly Commercial Mortgage Trust,EVEK,1716520,Everly Commercial Realty Capital LLC,EVERE,1716503,Everly Commercial Capital LLC,EVEKC,1716508,Everly Commercial Mortgage Depositor LLC,Everly Commercial Realty Capital LLC,commercial
Everly Corporate Credit Trust,EVEP,1716544,Everly Asset Management LLC,EVEAM,1716527,Everly Credit Partners LLC,EVECP,1716532,Everly Credit Funding LLC,Everly Asset Management LLC,corporate_credit
Everly Specialty Asset Trust,EVER,1716568,Everly Specialty Finance LLC,EVESF,1716551,Everly Structured Capital LLC,EVESC,1716556,Everly Specialty Funding LLC,PHH Mortgage Corporation,esoteric
Fenwick Auto Receivables Trust,FENA,1716592,Fenwick Auto Finance LLC,FENAF,1716575,Fenwick Capital Markets LLC,FENCM,1716580,Fenwick Auto Receivables Depositor LLC,Fenwick Auto Finance LLC,auto
Fenwick Credit Card Master Trust,FENC,1716616,Fenwick Card Services LLC,FENCS,1716599,Fenwick Payments Holdings LLC,FENPH,1716604,Fenwick Card Funding LLC,Fenwick Card Services LLC,card
Fenwick Consumer Loan Trust,FENU,1716640,Fenwick Consumer Finance LLC,FENCF,1716623,Fenwick Consumer Capital LLC,FENCC,1716628,Fenwick Consumer Receivables Depositor LLC,Fenwick Consumer Finance LLC,consumer
Fenwick Student Loan Trust,FENS,1716664,Fenwick Student Lending LLC,FENSL,1716647,Fenwick Education Capital LLC,FENEC,1716652,Fenwick Student Funding LLC,Fenwick Student Lending LLC,student
Fenwick Equipment Lease Trust,FENE,1716688,Fenwick Equipment Finance LLC,FENEF,1716671,Fenwick Leasing Holdings LLC,FENLH,1716676,Fenwick Equipment Receivables Depositor LLC,Fenwick Equipment Finance LLC,equipment
Fenwick Mortgage Trust,FENM,1716712,Fenwick Mortgage Company LLC,FENMC,1716695,Fenwick Residential Capital LLC,FENRC,1716700,Fenwick Mortgage Depositor LLC,Fenwick Mortgage Company LLC,mortgage
Fenwick Commercial Mortgage Trust,FENK,1716736,Fenwick Commercial Realty Capital LLC,FENRE,1716719,Fenwick Commercial Capital LLC,FENKC,1716724,Fenwick Commercial Mortgage Depositor LLC,Fenwick Commercial Realty Capital LLC,commercial
Fenwick Corporate Credit Trust,FENP,1716760,Fenwick Asset Management LLC,FENAM,1716743,Fenwick Credit Partners LLC,FENCP,1716748,Fenwick Credit Funding LLC,Fenwick Asset Management LLC,corporate_credit
Fenwick Specialty Asset Trust,FENR,1716784,Fenwick Specialty Finance LLC,FENSF,1716767,Fenwick Structured Capital LLC,FENSC,1716772,Fenwick Specialty Funding LLC,Fenwick Specialty Finance LLC,esoteric
Greystone Auto Receivables Trust,GREA,1716808,Greystone Auto Finance LLC,GREAF,1716791,Greystone Capital Markets LLC,GRECM,1716796,Greystone Auto Receivables Depositor LLC,"Systems & Services Technologies, Inc.",auto
Greystone Credit Card Master Trust,GREC,1716832,Greystone Card Services LLC,GRECS,1716815,Greystone Payments Holdings LLC,GREPH,1716820,Greystone Card Funding LLC,Greystone Card Services LLC,card
Greystone Consumer Loan Trust,GREU,1716856,Greystone Consumer Finance LLC,GRECF,1716839,Greystone Consumer Capital LLC,GRECC,1716844,Greystone Consumer Receivables Depositor LLC,Greystone Consumer Finance LLC,consumer
Greystone Student Loan Trust,GRES,1716880,Greystone Student Lending LLC,GRESL,1716863,Greystone Education Capital LLC,GREEC,1716868,Greystone Student Funding LLC,Greystone Student Lending LLC,student
Greystone Equipment Lease Trust,GREE,1716904,Greystone Equipment Finance LLC,GREEF,1716887,Greystone Leasing Holdings LLC,GRELH,1716892,Greystone Equipment Receivables Depositor LLC,Greystone Equipment Finance LLC,equipment
Greystone Mortgage Trust,GREM,1716928,Greystone Mortgage Company LLC,GREMC,1716911,Greystone Residential Capital LLC,GRERC,1716916,Greystone Mortgage Depositor LLC,Greystone Mortgage Company LLC,mortgage
Greystone Commercial Mortgage Trust,GREK,1716952,Greystone Commercial Realty Capital LLC,GRERE,1716935,Greystone Commercial Capital LLC,GREKC,1716940,Greystone Commercial Mortgage Depositor LLC,Greystone Commercial Realty Capital LLC,commercial
Greystone Corporate Credit Trust,GREP,1716976,Greystone Asset Management LLC,GREAM,1716959,Greystone Credit Partners LLC,GRECP,1716964,Greystone Credit Funding LLC,Greystone Asset Management LLC,corporate_credit
Greystone Specialty Asset Trust,GRER,1717000,Greystone Specialty Finance LLC,GRESF,1716983,Greystone Structured Capital LLC,GRESC,1716988,Greystone Specialty Funding LLC,Greystone Specialty Finance LLC,esoteric
Hollowbrook Auto Receivables Trust,HOLA,1717024,Hollowbrook Auto Finance LLC,HOLAF,1717007,Hollowbrook Capital Markets LLC,HOLCM,1717012,Hollowbrook Auto Receivables Depositor LLC,Hollowbrook Auto Finance LLC,auto
Hollowbrook Credit Card Master Trust,HOLC,1717048,Hollowbrook Card Services LLC,HOLCS,1717031,Hollowbrook Payments Holdings LLC,HOLPH,1717036,Hollowbrook Card Funding LLC,"Select Portfolio Servicing, Inc.",card
Hollowbrook Consumer Loan Trust,HOLU,1717072,Hollowbrook Consumer Finance LLC,HOLCF,1717055,Hollowbrook Consumer Capital LLC,HOLCC,1717060,Hollowbrook Consumer Receivables Depositor LLC,Hollowbrook Consumer Finance LLC,consumer
Hollowbrook Student Loan Trust,HOLS,1717096,Hollowbrook Student Lending LLC,HOLSL,1717079,Hollowbrook Education Capital LLC,HOLEC,1717084,Hollowbrook Student Funding LLC,Hollowbrook Student Lending LLC,student
Hollowbrook Equipment Lease Trust,HOLE,1717120,Hollowbrook Equipment Finance LLC,HOLEF,1717103,Hollowbrook Leasing Holdings LLC,HOLLH,1717108,Hollowbrook Equipment Receivables Depositor LLC,Hollowbrook Equipment Finance LLC,equipment
Hollowbrook Mortgage Trust,HOLM,1717144,Hollowbrook Mortgage Company LLC,HOLMC,1717127,Hollowbrook Residential Capital LLC,HOLRC,1717132,Hollowbrook Mortgage Depositor LLC,Hollowbrook Mortgage Company LLC,mortgage
Hollowbrook Commercial Mortgage Trust,HOLK,1717168,Hollowbrook Commercial Realty Capital LLC,HOLRE,1717151,Hollowbrook Commercial Capital LLC,HOLKC,1717156,Hollowbrook Commercial Mortgage Depositor LLC,Hollowbrook Commercial Realty Capital LLC,commercial
Hollowbrook Corporate Credit Trust,HOLP,1717192,Hollowbrook Asset Management LLC,HOLAM,1717175,Hollowbrook Credit Partners LLC,HOLCP,1717180,Hollowbrook Credit Funding LLC,Hollowbrook Asset Management LLC,corporate_credit
Hollowbrook Specialty Asset Trust,HOLR,1717216,Hollowbrook Specialty Finance LLC,HOLSF,1717199,Hollowbrook Structured Capital LLC,HOLSC,1717204,Hollowbrook Specialty Funding LLC,Hollowbrook Specialty Finance LLC,esoteric
Inverness Auto Receivables Trust,INVA,1717240,Inverness Auto Finance LLC,INVAF,1717223,Inverness Capital Markets LLC,INVCM,1717228,Inverness Auto Receivables Depositor LLC,Inverness Auto Finance LLC,auto
Inverness Credit Card Master Trust,INVC,1717264,Inverness Card Services LLC,INVCS,1717247,Inverness Payments Holdings LLC,INVPH,1717252,Inverness Card Funding LLC,Inverness Card Services LLC,card
Inverness Consumer Loan Trust,INVU,1717288,Inverness Consumer Finance LLC,INVCF,1717271,Inverness Consumer Capital LLC,INVCC,1717276,Inverness Consumer Receivables Depositor LLC,Shellpoint Mortgage Servicing,consumer
Inverness Student Loan Trust,INVS,1717312,Inverness Student Lending LLC,INVSL,1717295,Inverness Education Capital LLC,INVEC,1717300,Inverness Student Funding LLC,Inverness Student Lending LLC,student
Inverness Equipment Lease Trust,INVE,1717336,Inverness Equipment Finance LLC,INVEF,1717319,Inverness Leasing Holdings LLC,INVLH,1717324,Inverness Equipment Receivables Depositor LLC,Inverness Equipment Finance LLC,equipment
Inverness Mortgage Trust,INVM,1717360,Inverness Mortgage Company LLC,INVMC,1717343,Inverness Residential Capital LLC,INVRC,1717348,Inverness Mortgage Depositor LLC,Inverness Mortgage Company LLC,mortgage
Inverness Commercial Mortgage Trust,INVK,1717384,Inverness Commercial Realty Capital LLC,INVRE,1717367,Inverness Commercial Capital LLC,INVKC,1717372,Inverness Commercial Mortgage Depositor LLC,Inverness Commercial Realty Capital LLC,commercial
Inverness Corporate Credit Trust,INVP,1717408,Inverness Asset Management LLC,INVAM,1717391,Inverness Credit Partners LLC,INVCP,1717396,Inverness Credit Funding LLC,Inverness Asset Management LLC,corporate_credit
Inverness Specialty Asset Trust,INVR,1717432,Inverness Specialty Finance LLC,INVSF,1717415,Inverness Structured Capital LLC,INVSC,1717420,Inverness Specialty Funding LLC,Inverness Specialty Finance LLC,esoteric
Jamesport Auto Receivables Trust,JAMA,1717456,Jamesport Auto Finance LLC,JAMAF,1717439,Jamesport Capital Markets LLC,JAMCM,1717444,Jamesport Auto Receivables Depositor LLC,Jamesport Auto Finance LLC,auto
Jamesport Credit Card Master Trust,JAMC,1717480,Jamesport Card Services LLC,JAMCS,1717463,Jamesport Payments Holdings LLC,JAMPH,1717468,Jamesport Card Funding LLC,Jamesport Card Services LLC,card
Jamesport Consumer Loan Trust,JAMU,1717504,Jamesport Consumer Finance LLC,JAMCF,1717487,Jamesport Consumer Capital LLC,JAMCC,1717492,Jamesport Consumer Receivables Depositor LLC,Jamesport Consumer Finance LLC,consumer
Jamesport Student Loan Trust,JAMS,1717528,Jamesport Student Lending LLC,JAMSL,1717511,Jamesport Education Capital LLC,JAMEC,1717516,Jamesport Student Funding LLC,Rushmore Loan Management Services LLC,student
Jamesport Equipment Lease Trust,JAME,1717552,Jamesport Equipment Finance LLC,JAMEF,1717535,Jamesport Leasing Holdings LLC,JAMLH,1717540,Jamesport Equipment Receivables Depositor LLC,Jamesport Equipment Finance LLC,equipment
Jamesport Mortgage Trust,JAMM,1717576,Jamesport Mortgage Company LLC,JAMMC,1717559,Jamesport Residential Capital LLC,JAMRC,1717564,Jamesport Mortgage Depositor LLC,Jamesport Mortgage Company LLC,mortgage
Jamesport Commercial Mortgage Trust,JAMK,1717600,Jamesport Commercial Realty Capital LLC,JAMRE,1717583,Jamesport Commercial Capital LLC,JAMKC,1717588,Jamesport Commercial Mortgage Depositor LLC,Jamesport Commercial Realty Capital LLC,commercial
Jamesport Corporate Credit Trust,JAMP,1717624,Jamesport Asset Management LLC,JAMAM,1717607,Jamesport Credit Partners LLC,JAMCP,1717612,Jamesport Credit Funding LLC,Jamesport Asset Management LLC,corporate_credit
Jamesport Specialty Asset Trust,JAMR,1717648,Jamesport Specialty Finance LLC,JAMSF,1717631,Jamesport Structured Capital LLC,JAMSC,1717636,Jamesport Specialty Funding LLC,Jamesport Specialty Finance LLC,esoteric
Kelburn Auto Receivables Trust,KELA,1717672,Kelburn Auto Finance LLC,KELAF,1717655,Kelburn Capital Markets LLC,KELCM,1717660,Kelburn Auto Receivables Depositor LLC,Kelburn Auto Finance LLC,auto
Kelburn Credit Card Master Trust,KELC,1717696,Kelburn Card Services LLC,KELCS,1717679,Kelburn Payments Holdings LLC,KELPH,1717684,Kelburn Card Funding LLC,Kelburn Card Services LLC,card
Kelburn Consumer Loan Trust,KELU,1717720,Kelburn Consumer Finance LLC,KELCF,1717703,Kelburn Consumer Capital LLC,KELCC,1717708,Kelburn Consumer Receivables Depositor LLC,Kelburn Consumer Finance LLC,consumer
Kelburn Student Loan Trust,KELS,1717744,Kelburn Student Lending LLC,KELSL,1717727,Kelburn Education Capital LLC,KELEC,1717732,Kelburn Student Funding LLC,Kelburn Student Lending LLC,student
Kelburn Equipment Lease Trust,KELE,1717768,Kelburn Equipment Finance LLC,KELEF,1717751,Kelburn Leasing Holdings LLC,KELLH,1717756,Kelburn Equipment Receivables Depositor LLC,Situs Asset Management LLC,equipment
Kelburn Mortgage Trust,KELM,1717792,Kelburn Mortgage Company LLC,KELMC,1717775,Kelburn Residential Capital LLC,KELRC,1717780,Kelburn Mortgage Depositor LLC,Kelburn Mortgage Company LLC,mortgage
Kelburn Commercial Mortgage Trust,KELK,1717816,Kelburn Commercial Realty Capital LLC,KELRE,1717799,Kelburn Commercial Capital LLC,KELKC,1717804,Kelburn Commercial Mortgage Depositor LLC,Kelburn Commercial Realty Capital LLC,commercial
Kelburn Corporate Credit Trust,KELP,1717840,Kelburn Asset Management LLC,KELAM,1717823,Kelburn Credit Partners LLC,KELCP,1717828,Kelburn Credit Funding LLC,Kelburn Asset Management LLC,corporate_credit
Kelburn Specialty Asset Trust,KELR,1717864,Kelburn Specialty Finance LLC,KELSF,1717847,Kelburn Structured Capital LLC,KELSC,1717852,Kelburn Specialty Funding LLC,Kelburn Specialty Finance LLC,esoteric
Longmeadow Auto Receivables Trust,LONA,1717888,Longmeadow Auto Finance LLC,LONAF,1717871,Longmeadow Capital Markets LLC,LONCM,1717876,Longmeadow Auto Receivables Depositor LLC,Longmeadow Auto Finance LLC,auto
Longmeadow Credit Card Master Trust,LONC,1717912,Longmeadow Card Services LLC,LONCS,1717895,Longmeadow Payments Holdings LLC,LONPH,1717900,Longmeadow Card Funding LLC,Longmeadow Card Services LLC,card
Longmeadow Consumer Loan Trust,LONU,1717936,Longmeadow Consumer Finance LLC,LONCF,1717919,Longmeadow Consumer Capital LLC,LONCC,1717924,Longmeadow Consumer Receivables Depositor LLC,Longmeadow Consumer Finance LLC,consumer
Longmeadow Student Loan Trust,LONS,1717960,Longmeadow Student Lending LLC,LONSL,1717943,Longmeadow Education Capital LLC,LONEC,1717948,Longmeadow Student Funding LLC,Longmeadow Student Lending LLC,student
Longmeadow Equipment Lease Trust,LONE,1717984,Longmeadow Equipment Finance LLC,LONEF,1717967,Longmeadow Leasing Holdings LLC,LONLH,1717972,Longmeadow Equipment Receivables Depositor LLC,Longmeadow Equipment Finance LLC,equipment
Longmeadow Mortgage Trust,LONM,1718008,Longmeadow Mortgage Company LLC,LONMC,1717991,Longmeadow Residential Capital LLC,LONRC,1717996,Longmeadow Mortgage Depositor LLC,Rushmore Loan Management Services LLC,mortgage
Longmeadow Commercial Mortgage Trust,LONK,1718032,Longmeadow Commercial Realty Capital LLC,LONRE,1718015,Longmeadow Commercial Capital LLC,LONKC,1718020,Longmeadow Commercial Mortgage Depositor LLC,Longmeadow Commercial Realty Capital LLC,commercial
Longmeadow Corporate Credit Trust,LONP,1718056,Longmeadow Asset Management LLC,LONAM,1718039,Longmeadow Credit Partners LLC,LONCP,1718044,Longmeadow Credit Funding LLC,Longmeadow Asset Management LLC,corporate_credit
Longmeadow Specialty Asset Trust,LONR,1718080,Longmeadow Specialty Finance LLC,LONSF,1718063,Longmeadow Structured Capital LLC,LONSC,1718068,Longmeadow Specialty Funding LLC,Longmeadow Specialty Finance LLC,esoteric
Merribrook Auto Receivables Trust,MRRA,1718104,Merribrook Auto Finance LLC,MRRAF,1718087,Merribrook Capital Markets LLC,MRRCM,1718092,Merribrook Auto Receivables Depositor LLC,Merribrook Auto Finance LLC,auto
Merribrook Credit Card Master Trust,MRRC,1718128,Merribrook Card Services LLC,MRRCS,1718111,Merribrook Payments Holdings LLC,MRRPH,1718116,Merribrook Card Funding LLC,Merribrook Card Services LLC,card
Merribrook Consumer Loan Trust,MRRU,1718152,Merribrook Consumer Finance LLC,MRRCF,1718135,Merribrook Consumer Capital LLC,MRRCC,1718140,Merribrook Consumer Receivables Depositor LLC,Merribrook Consumer Finance LLC,consumer
Merribrook Student Loan Trust,MRRS,1718176,Merribrook Student Lending LLC,MRRSL,1718159,Merribrook Education Capital LLC,MRREC,1718164,Merribrook Student Funding LLC,Merribrook Student Lending LLC,student
Merribrook Equipment Lease Trust,MRRE,1718200,Merribrook Equipment Finance LLC,MRREF,1718183,Merribrook Leasing Holdings LLC,MRRLH,1718188,Merribrook Equipment Receivables Depositor LLC,Merribrook Equipment Finance LLC,equipment
Merribrook Mortgage Trust,MRRM,1718224,Merribrook Mortgage Company LLC,MRRMC,1718207,Merribrook Residential Capital LLC,MRRRC,1718212,Merribrook Mortgage Depositor LLC,Merribrook Mortgage Company LLC,mortgage
Merribrook Commercial Mortgage Trust,MRRK,1718248,Merribrook Commercial Realty Capital LLC,MRRRE,1718231,Merribrook Commercial Capital LLC,MRRKC,1718236,Merribrook Commercial Mortgage Depositor LLC,Vervent Inc.,commercial
Merribrook Corporate Credit Trust,MRRP,1718272,Merribrook Asset Management LLC,MRRAM,1718255,Merribrook Credit Partners LLC,MRRCP,1718260,Merribrook Credit Funding LLC,Merribrook Asset Management LLC,corporate_credit
Merribrook Specialty Asset Trust,MRRR,1718296,Merribrook Specialty Finance LLC,MRRSF,1718279,Merribrook Structured Capital LLC,MRRSC,1718284,Merribrook Specialty Funding LLC,Merribrook Specialty Finance LLC,esoteric
Nightingale Auto Receivables Trust,NIGA,1718320,Nightingale Auto Finance LLC,NIGAF,1718303,Nightingale Capital Markets LLC,NIGCM,1718308,Nightingale Auto Receivables Depositor LLC,Nightingale Auto Finance LLC,auto
Nightingale Credit Card Master Trust,NIGC,1718344,Nightingale Card Services LLC,NIGCS,1718327,Nightingale Payments Holdings LLC,NIGPH,1718332,Nightingale Card Funding LLC,Nightingale Card Services LLC,card
Nightingale Consumer Loan Trust,NIGU,1718368,Nightingale Consumer Finance LLC,NIGCF,1718351,Nightingale Consumer Capital LLC,NIGCC,1718356,Nightingale Consumer Receivables Depositor LLC,Nightingale Consumer Finance LLC,consumer
Nightingale Student Loan Trust,NIGS,1718392,Nightingale Student Lending LLC,NIGSL,1718375,Nightingale Education Capital LLC,NIGEC,1718380,Nightingale Student Funding LLC,Nightingale Student Lending LLC,student
Nightingale Equipment Lease Trust,NIGE,1718416,Nightingale Equipment Finance LLC,NIGEF,1718399,Nightingale Leasing Holdings LLC,NIGLH,1718404,Nightingale Equipment Receivables Depositor LLC,Nightingale Equipment Finance LLC,equipment
Nightingale Mortgage Trust,NIGM,1718440,Nightingale Mortgage Company LLC,NIGMC,1718423,Nightingale Residential Capital LLC,NIGRC,1718428,Nightingale Mortgage Depositor LLC,Nightingale Mortgage Company LLC,mortgage
Nightingale Commercial Mortgage Trust,NIGK,1718464,Nightingale Commercial Realty Capital LLC,NIGRE,1718447,Nightingale Commercial Capital LLC,NIGKC,1718452,Nightingale Commercial Mortgage Depositor LLC,Nightingale Commercial Realty Capital LLC,commercial
Nightingale Corporate Credit Trust,NIGP,1718488,Nightingale Asset Management LLC,NIGAM,1718471,Nightingale Credit Partners LLC,NIGCP,1718476,Nightingale Credit Funding LLC,Statebridge Company LLC,corporate_credit
Nightingale Specialty Asset Trust,NIGR,1718512,Nightingale Specialty Finance LLC,NIGSF,1718495,Nightingale Structured Capital LLC,NIGSC,1718500,Nightingale Specialty Funding LLC,Nightingale Specialty Finance LLC,esoteric
Overton Auto Receivables Trust,OVEA,1718536,Overton Auto Finance LLC,OVEAF,1718519,Overton Capital Markets LLC,OVECM,1718524,Overton Auto Receivables Depositor LLC,Overton Auto Finance LLC,auto
Overton Credit Card Master Trust,OVEC,1718560,Overton Card Services LLC,OVECS,1718543,Overton Payments Holdings LLC,OVEPH,1718548,Overton Card Funding LLC,Overton Card Services LLC,card
Overton Consumer Loan Trust,OVEU,1718584,Overton Consumer Finance LLC,OVECF,1718567,Overton Consumer Capital LLC,OVECC,1718572,Overton Consumer Receivables Depositor LLC,Overton Consumer Finance LLC,consumer
Overton Student Loan Trust,OVES,1718608,Overton Student Lending LLC,OVESL,1718591,Overton Education Capital LLC,OVEEC,1718596,Overton Student Funding LLC,Overton Student Lending LLC,student
Overton Equipment Lease Trust,OVEE,1718632,Overton Equipment Finance LLC,OVEEF,1718615,Overton Leasing Holdings LLC,OVELH,1718620,Overton Equipment Receivables Depositor LLC,Overton Equipment Finance LLC,equipment
Overton Mortgage Trust,OVEM,1718656,Overton Mortgage Company LLC,OVEMC,1718639,Overton Residential Capital LLC,OVERC,1718644,Overton Mortgage Depositor LLC,Overton Mortgage Company LLC,mortgage
Overton Commercial Mortgage Trust,OVEK,1718680,Overton Commercial Realty Capital LLC,OVERE,1718663,Overton Commercial Capital LLC,OVEKC,1718668,Overton Commercial Mortgage Depositor LLC,Overton Commercial Realty Capital LLC,commercial
Overton Corporate Credit Trust,OVEP,1718704,Overton Asset Management LLC,OVEAM,1718687,Overton Credit Partners LLC,OVECP,1718692,Overton Credit Funding LLC,Overton Asset Management LLC,corporate_credit
Overton Specialty Asset Trust,OVER,1718728,Overton Specialty Finance LLC,OVESF,1718711,Overton Structured Capital LLC,OVESC,1718716,Overton Specialty Funding LLC,Nationstar Mortgage LLC,esoteric
Pemberton Auto Receivables Trust,PEMA,1718752,Pemberton Auto Finance LLC,PEMAF,1718735,Pemberton Capital Markets LLC,PEMCM,1718740,Pemberton Auto Receivables Depositor LLC,Pemberton Auto Finance LLC,auto
Pemberton Credit Card Master Trust,PEMC,1718776,Pemberton Card Services LLC,PEMCS,1718759,Pemberton Payments Holdings LLC,PEMPH,1718764,Pemberton Card Funding LLC,Pemberton Card Services LLC,card
Pemberton Consumer Loan Trust,PEMU,1718800,Pemberton Consumer Finance LLC,PEMCF,1718783,Pemberton Consumer Capital LLC,PEMCC,1718788,Pemberton Consumer Receivables Depositor LLC,Pemberton Consumer Finance LLC,consumer
Pemberton Student Loan Trust,PEMS,1718824,Pemberton Student Lending LLC,PEMSL,1718807,Pemberton Education Capital LLC,PEMEC,1718812,Pemberton Student Funding LLC,Pemberton Student Lending LLC,student
Pemberton Equipment Lease Trust,PEME,1718848,Pemberton Equipment Finance LLC,PEMEF,1718831,Pemberton Leasing Holdings LLC,PEMLH,1718836,Pemberton Equipment Receivables Depositor LLC,Pemberton Equipment Finance LLC,equipment
Pemberton Mortgage Trust,PEMM,1718872,Pemberton Mortgage Company LLC,PEMMC,1718855,Pemberton Residential Capital LLC,PEMRC,1718860,Pemberton Mortgage Depositor LLC,Pemberton Mortgage Company LLC,mortgage
Pemberton Commercial Mortgage Trust,PEMK,1718896,Pemberton Commercial Realty Capital LLC,PEMRE,1718879,Pemberton Commercial Capital LLC,PEMKC,1718884,Pemberton Commercial Mortgage Depositor LLC,Pemberton Commercial Realty Capital LLC,commercial
Pemberton Corporate Credit Trust,PEMP,1718920,Pemberton Asset Management LLC,PEMAM,1718903,Pemberton Credit Partners LLC,PEMCP,1718908,Pemberton Credit Funding LLC,Pemberton Asset Management LLC,corporate_credit
Pemberton Specialty Asset Trust,PEMR,1718944,Pemberton Specialty Finance LLC,PEMSF,1718927,Pemberton Structured Capital LLC,PEMSC,1718932,Pemberton Specialty Funding LLC,Pemberton Specialty Finance LLC,esoteric
Quimby Auto Receivables Trust,QUIA,1718968,Quimby Auto Finance LLC,QUIAF,1718951,Quimby Capital Markets LLC,QUICM,1718956,Quimby Auto Receivables Depositor LLC,Rushmore Loan Management Services LLC,auto
Quimby Credit Card Master Trust,QUIC,1718992,Quimby Card Services LLC,QUICS,1718975,Quimby Payments Holdings LLC,QUIPH,1718980,Quimby Card Funding LLC,Quimby Card Services LLC,card
Quimby Consumer Loan Trust,QUIU,1719016,Quimby Consumer Finance LLC,QUICF,1718999,Quimby Consumer Capital LLC,QUICC,1719004,Quimby Consumer Receivables Depositor LLC,Quimby Consumer Finance LLC,consumer
Quimby Student Loan Trust,QUIS,1719040,Quimby Student Lending LLC,QUISL,1719023,Quimby Education Capital LLC,QUIEC,1719028,Quimby Student Funding LLC,Quimby Student Lending LLC,student
Quimby Equipment Lease Trust,QUIE,1719064,Quimby Equipment Finance LLC,QUIEF,1719047,Quimby Leasing Holdings LLC,QUILH,1719052,Quimby Equipment Receivables Depositor LLC,Quimby Equipment Finance LLC,equipment
Quimby Mortgage Trust,QUIM,1719088,Quimby Mortgage Company LLC,QUIMC,1719071,Quimby Residential Capital LLC,QUIRC,1719076,Quimby Mortgage Depositor LLC,Quimby Mortgage Company LLC,mortgage
Quimby Commercial Mortgage Trust,QUIK,1719112,Quimby Commercial Realty Capital LLC,QUIRE,1719095,Quimby Commercial Capital LLC,QUIKC,1719100,Quimby Commercial Mortgage Depositor LLC,Quimby Commercial Realty Capital LLC,commercial
Quimby Corporate Credit Trust,QUIP,1719136,Quimby Asset Management LLC,QUIAM,1719119,Quimby Credit Partners LLC,QUICP,1719124,Quimby Credit Funding LLC,Quimby Asset Management LLC,corporate_credit
Quimby Specialty Asset Trust,QUIR,1719160,Quimby Specialty Finance LLC,QUISF,1719143,Quimby Structured Capital LLC,QUISC,1719148,Quimby Specialty Funding LLC,Quimby Specialty Finance LLC,esoteric
Ravenswood Auto Receivables Trust,RAVA,1719184,Ravenswood Auto Finance LLC,RAVAF,1719167,Ravenswood Capital Markets LLC,RAVCM,1719172,Ravenswood Auto Receivables Depositor LLC,Ravenswood Auto Finance LLC,auto
Ravenswood Credit Card Master Trust,RAVC,1719208,Ravenswood Card Services LLC,RAVCS,1719191,Ravenswood Payments Holdings LLC,RAVPH,1719196,Ravenswood Card Funding LLC,Wells Fargo Commercial Mortgage Servicing,card
Ravenswood Consumer Loan Trust,RAVU,1719232,Ravenswood Consumer Finance LLC,RAVCF,1719215,Ravenswood Consumer Capital LLC,RAVCC,1719220,Ravenswood Consumer Receivables Depositor LLC,Ravenswood Consumer Finance LLC,consumer
Ravenswood Student Loan Trust,RAVS,1719256,Ravenswood Student Lending LLC,RAVSL,1719239,Ravenswood Education Capital LLC,RAVEC,1719244,Ravenswood Student Funding LLC,Ravenswood Student Lending LLC,student
Ravenswood Equipment Lease Trust,RAVE,1719280,Ravenswood Equipment Finance LLC,RAVEF,1719263,Ravenswood Leasing Holdings LLC,RAVLH,1719268,Ravenswood Equipment Receivables Depositor LLC,Ravenswood Equipment Finance LLC,equipment
Ravenswood Mortgage Trust,RAVM,1719304,Ravenswood Mortgage Company LLC,RAVMC,1719287,Ravenswood Residential Capital LLC,RAVRC,1719292,Ravenswood Mortgage Depositor LLC,Ravenswood Mortgage Company LLC,mortgage
Ravenswood Commercial Mortgage Trust,RAVK,1719328,Ravenswood Commercial Realty Capital LLC,RAVRE,1719311,Ravenswood Commercial Capital LLC,RAVKC,1719316,Ravenswood Commercial Mortgage Depositor LLC,Ravenswood Commercial Realty Capital LLC,commercial
Ravenswood Corporate Credit Trust,RAVP,1719352,Ravenswood Asset Management LLC,RAVAM,1719335,Ravenswood Credit Partners LLC,RAVCP,1719340,Ravenswood Credit Funding LLC,Ravenswood Asset Management LLC,corporate_credit
Ravenswood Specialty Asset Trust,RAVR,1719376,Ravenswood Specialty Finance LLC,RAVSF,1719359,Ravenswood Structured Capital LLC,RAVSC,1719364,Ravenswood Specialty Funding LLC,Ravenswood Specialty Finance LLC,esoteric
Stillwater Auto Receivables Trust,STIA,1719400,Stillwater Auto Finance LLC,STIAF,1719383,Stillwater Capital Markets LLC,STICM,1719388,Stillwater Auto Receivables Depositor LLC,Stillwater Auto Finance LLC,auto
Stillwater Credit Card Master Trust,STIC,1719424,Stillwater Card Services LLC,STICS,1719407,Stillwater Payments Holdings LLC,STIPH,1719412,Stillwater Card Funding LLC,Stillwater Card Services LLC,card
Stillwater Consumer Loan Trust,STIU,1719448,Stillwater Consumer Finance LLC,STICF,1719431,Stillwater Consumer Capital LLC,STICC,1719436,Stillwater Consumer Receivables Depositor LLC,Shellpoint Mortgage Servicing,consumer
Stillwater Student Loan Trust,STIS,1719472,Stillwater Student Lending LLC,STISL,1719455,Stillwater Education Capital LLC,STIEC,1719460,Stillwater Student Funding LLC,Stillwater Student Lending LLC,student
Stillwater Equipment Lease Trust,STIE,1719496,Stillwater Equipment Finance LLC,STIEF,1719479,Stillwater Leasing Holdings LLC,STILH,1719484,Stillwater Equipment Receivables Depositor LLC,Stillwater Equipment Finance LLC,equipment
Stillwater Mortgage Trust,STIM,1719520,Stillwater Mortgage Company LLC,STIMC,1719503,Stillwater Residential Capital LLC,STIRC,1719508,Stillwater Mortgage Depositor LLC,Stillwater Mortgage Company LLC,mortgage
Stillwater Commercial Mortgage Trust,STIK,1719544,Stillwater Commercial Realty Capital LLC,STIRE,1719527,Stillwater Commercial Capital LLC,STIKC,1719532,Stillwater Commercial Mortgage Depositor LLC,Stillwater Commercial Realty Capital LLC,commercial
Stillwater Corporate Credit Trust,STIP,1719568,Stillwater Asset Management LLC,STIAM,1719551,Stillwater Credit Partners LLC,STICP,1719556,Stillwater Credit Funding LLC,Stillwater Asset Management LLC,corporate_credit
Stillwater Specialty Asset Trust,STIR,1719592,Stillwater Specialty Finance LLC,STISF,1719575,Stillwater Structured Capital LLC,STISC,1719580,Stillwater Specialty Funding LLC,Stillwater Specialty Finance LLC,esoteric
Trentham Auto Receivables Trust,TREA,1719616,Trentham Auto Finance LLC,TREAF,1719599,Trentham Capital Markets LLC,TRECM,1719604,Trentham Auto Receivables Depositor LLC,Trentham Auto Finance LLC,auto
Trentham Credit Card Master Trust,TREC,1719640,Trentham Card Services LLC,TRECS,1719623,Trentham Payments Holdings LLC,TREPH,1719628,Trentham Card Funding LLC,Trentham Card Services LLC,card
Trentham Consumer Loan Trust,TREU,1719664,Trentham Consumer Finance LLC,TRECF,1719647,Trentham Consumer Capital LLC,TRECC,1719652,Trentham Consumer Receivables Depositor LLC,Trentham Consumer Finance LLC,consumer
Trentham Student Loan Trust,TRES,1719688,Trentham Student Lending LLC,TRESL,1719671,Trentham Education Capital LLC,TREEC,1719676,Trentham Student Funding LLC,Nationstar Mortgage LLC,student
Trentham Equipment Lease Trust,TREE,1719712,Trentham Equipment Finance LLC,TREEF,1719695,Trentham Leasing Holdings LLC,TRELH,1719700,Trentham Equipment Receivables Depositor LLC,Trentham Equipment Finance LLC,equipment
Trentham Mortgage Trust,TREM,1719736,Trentham Mortgage Company LLC,TREMC,1719719,Trentham Residential Capital LLC,TRERC,1719724,Trentham Mortgage Depositor LLC,Trentham Mortgage Company LLC,mortgage
Trentham Commercial Mortgage Trust,TREK,1719760,Trentham Commercial Realty Capital LLC,TRERE,1719743,Trentham Commercial Capital LLC,TREKC,1719748,Trentham Commercial Mortgage Depositor LLC,Trentham Commercial Realty Capital LLC,commercial
Trentham Corporate Credit Trust,TREP,1719784,Trentham Asset Management LLC,TREAM,1719767,Trentham Credit Partners LLC,TRECP,1719772,Trentham Credit Funding LLC,Trentham Asset Management LLC,corporate_credit
Trentham Specialty Asset Trust,TRER,1719808,Trentham Specialty Finance LLC,TRESF,1719791,Trentham Structured Capital LLC,TRESC,1719796,Trentham Specialty Funding LLC,Trentham Specialty Finance LLC,esoteric
Ullswater Auto Receivables Trust,ULLA,1719832,Ullswater Auto Finance LLC,ULLAF,1719815,Ullswater Capital Markets LLC,ULLCM,1719820,Ullswater Auto Receivables Depositor LLC,Ullswater Auto Finance LLC,auto
Ullswater Credit Card Master Trust,ULLC,1719856,Ullswater Card Services LLC,ULLCS,1719839,Ullswater Payments Holdings LLC,ULLPH,1719844,Ullswater Card Funding LLC,Ullswater Card Services LLC,card
Ullswater Consumer Loan Trust,ULLU,1719880,Ullswater Consumer Finance LLC,ULLCF,1719863,Ullswater Consumer Capital LLC,ULLCC,1719868,Ullswater Consumer Receivables Depositor LLC,Ullswater Consumer Finance LLC,consumer
Ullswater Student Loan Trust,ULLS,1719904,Ullswater Student Lending LLC,ULLSL,1719887,Ullswater Education Capital LLC,ULLEC,1719892,Ullswater Student Funding LLC,Ullswater Student Lending LLC,student
Ullswater Equipment Lease Trust,ULLE,1719928,Ullswater Equipment Finance LLC,ULLEF,1719911,Ullswater Leasing Holdings LLC,ULLLH,1719916,Ullswater Equipment Receivables Depositor LLC,Situs Asset Management LLC,equipment
Ullswater Mortgage Trust,ULLM,1719952,Ullswater Mortgage Company LLC,ULLMC,1719935,Ullswater Residential Capital LLC,ULLRC,1719940,Ullswater Mortgage Depositor LLC,Ullswater Mortgage Company LLC,mortgage
Ullswater Commercial Mortgage Trust,ULLK,1719976,Ullswater Commercial Realty Capital LLC,ULLRE,1719959,Ullswater Commercial Capital LLC,ULLKC,1719964,Ullswater Commercial Mortgage Depositor LLC,Ullswater Commercial Realty Capital LLC,commercial
Ullswater Corporate Credit Trust,ULLP,1720000,Ullswater Asset Management LLC,ULLAM,1719983,Ullswater Credit Partners LLC,ULLCP,1719988,Ullswater Credit Funding LLC,Ullswater Asset Management LLC,corporate_credit
Ullswater Specialty Asset Trust,ULLR,1720024,Ullswater Specialty Finance LLC,ULLSF,1720007,Ullswater Structured Capital LLC,ULLSC,1720012,Ullswater Specialty Funding LLC,Ullswater Specialty Finance LLC,esoteric
Vinehill Auto Receivables Trust,VINA,1720048,Vinehill Auto Finance LLC,VINAF,1720031,Vinehill Capital Markets LLC,VINCM,1720036,Vinehill Auto Receivables Depositor LLC,Vinehill Auto Finance LLC,auto
Vinehill Credit Card Master Trust,VINC,1720072,Vinehill Card Services LLC,VINCS,1720055,Vinehill Payments Holdings LLC,VINPH,1720060,Vinehill Card Funding LLC,Vinehill Card Services LLC,card
Vinehill Consumer Loan Trust,VINU,1720096,Vinehill Consumer Finance LLC,VINCF,1720079,Vinehill Consumer Capital LLC,VINCC,1720084,Vinehill Consumer Receivables Depositor LLC,Vinehill Consumer Finance LLC,consumer
Vinehill Student Loan Trust,VINS,1720120,Vinehill Student Lending LLC,VINSL,1720103,Vinehill Education Capital LLC,VINEC,1720108,Vinehill Student Funding LLC,Vinehill Student Lending LLC,student
Vinehill Equipment Lease Trust,VINE,1720144,Vinehill Equipment Finance LLC,VINEF,1720127,Vinehill Leasing Holdings LLC,VINLH,1720132,Vinehill Equipment Receivables Depositor LLC,Vinehill Equipment Finance LLC,equipment
Vinehill Mortgage Trust,VINM,1720168,Vinehill Mortgage Company LLC,VINMC,1720151,Vinehill Residential Capital LLC,VINRC,1720156,Vinehill Mortgage Depositor LLC,Wells Fargo Commercial Mortgage Servicing,mortgage
Vinehill Commercial Mortgage Trust,VINK,1720192,Vinehill Commercial Realty Capital LLC,VINRE,1720175,Vinehill Commercial Capital LLC,VINKC,1720180,Vinehill Commercial Mortgage Depositor LLC,Vinehill Commercial Realty Capital LLC,commercial
Vinehill Corporate Credit Trust,VINP,1720216,Vinehill Asset Management LLC,VINAM,1720199,Vinehill Credit Partners LLC,VINCP,1720204,Vinehill Credit Funding LLC,Vinehill Asset Management LLC,corporate_credit
Vinehill Specialty Asset Trust,VINR,1720240,Vinehill Specialty Finance LLC,VINSF,1720223,Vinehill Structured Capital LLC,VINSC,1720228,Vinehill Specialty Funding LLC,Vinehill Specialty Finance LLC,esoteric
Whitfield Auto Receivables Trust,WHIA,1720264,Whitfield Auto Finance LLC,WHIAF,1720247,Whitfield Capital Markets LLC,WHICM,1720252,Whitfield Auto Receivables Depositor LLC,Whitfield Auto Finance LLC,auto
Whitfield Credit Card Master Trust,WHIC,1720288,Whitfield Card Services LLC,WHICS,1720271,Whitfield Payments Holdings LLC,WHIPH,1720276,Whitfield Card Funding LLC,Whitfield Card Services LLC,card
Whitfield Consumer Loan Trust,WHIU,1720312,Whitfield Consumer Finance LLC,WHICF,1720295,Whitfield Consumer Capital LLC,WHICC,1720300,Whitfield Consumer Receivables Depositor LLC,Whitfield Consumer Finance LLC,consumer
Whitfield Student Loan Trust,WHIS,1720336,Whitfield Student Lending LLC,WHISL,1720319,Whitfield Education Capital LLC,WHIEC,1720324,Whitfield Student Funding LLC,Whitfield Student Lending LLC,student
Whitfield Equipment Lease Trust,WHIE,1720360,Whitfield Equipment Finance LLC,WHIEF,1720343,Whitfield Leasing Holdings LLC,WHILH,1720348,Whitfield Equipment Receivables Depositor LLC,Whitfield Equipment Finance LLC,equipment
Whitfield Mortgage Trust,WHIM,1720384,Whitfield Mortgage Company LLC,WHIMC,1720367,Whitfield Residential Capital LLC,WHIRC,1720372,Whitfield Mortgage Depositor LLC,Whitfield Mortgage Company LLC,mortgage
Whitfield Commercial Mortgage Trust,WHIK,1720408,Whitfield Commercial Realty Capital LLC,WHIRE,1720391,Whitfield Commercial Capital LLC,WHIKC,1720396,Whitfield Commercial Mortgage Depositor LLC,Cenlar FSB,commercial
Whitfield Corporate Credit Trust,WHIP,1720432,Whitfield Asset Management LLC,WHIAM,1720415,Whitfield Credit Partners LLC,WHICP,1720420,Whitfield Credit Funding LLC,Whitfield Asset Management LLC,corporate_credit
Whitfield Specialty Asset Trust,WHIR,1720456,Whitfield Specialty Finance LLC,WHISF,1720439,Whitfield Structured Capital LLC,WHISC,1720444,Whitfield Specialty Funding LLC,Whitfield Specialty Finance LLC,esoteric
Ambleside Auto Receivables Trust,ABLA,1720480,Ambleside Auto Finance LLC,ABLAF,1720463,Ambleside Capital Markets LLC,ABLCM,1720468,Ambleside Auto Receivables Depositor LLC,Ambleside Auto Finance LLC,auto
Ambleside Credit Card Master Trust,ABLC,1720504,Ambleside Card Services LLC,ABLCS,1720487,Ambleside Payments Holdings LLC,ABLPH,1720492,Ambleside Card Funding LLC,Ambleside Card Services LLC,card
Ambleside Consumer Loan Trust,ABLU,1720528,Ambleside Consumer Finance LLC,ABLCF,1720511,Ambleside Consumer Capital LLC,ABLCC,1720516,Ambleside Consumer Receivables Depositor LLC,Ambleside Consumer Finance LLC,consumer
Ambleside Student Loan Trust,ABLS,1720552,Ambleside Student Lending LLC,ABLSL,1720535,Ambleside Education Capital LLC,ABLEC,1720540,Ambleside Student Funding LLC,Ambleside Student Lending LLC,student
Ambleside Equipment Lease Trust,ABLE,1720576,Ambleside Equipment Finance LLC,ABLEF,1720559,Ambleside Leasing Holdings LLC,ABLLH,1720564,Ambleside Equipment Receivables Depositor LLC,Ambleside Equipment Finance LLC,equipment
Ambleside Mortgage Trust,ABLM,1720600,Ambleside Mortgage Company LLC,ABLMC,1720583,Ambleside Residential Capital LLC,ABLRC,1720588,Ambleside Mortgage Depositor LLC,Ambleside Mortgage Company LLC,mortgage
Ambleside Commercial Mortgage Trust,ABLK,1720624,Ambleside Commercial Realty Capital LLC,ABLRE,1720607,Ambleside Commercial Capital LLC,ABLKC,1720612,Ambleside Commercial Mortgage Depositor LLC,Ambleside Commercial Realty Capital LLC,commercial
Ambleside Corporate Credit Trust,ABLP,1720648,Ambleside Asset Management LLC,ABLAM,1720631,Ambleside Credit Partners LLC,ABLCP,1720636,Ambleside Credit Funding LLC,Cenlar FSB,corporate_credit
Ambleside Specialty Asset Trust,ABLR,1720672,Ambleside Specialty Finance LLC,ABLSF,1720655,Ambleside Structured Capital LLC,ABLSC,1720660,Ambleside Specialty Funding LLC,Ambleside Specialty Finance LLC,esoteric
Braxton Auto Receivables Trust,BRAA,1720696,Braxton Auto Finance LLC,BRAAF,1720679,Braxton Capital Markets LLC,BRACM,1720684,Braxton Auto Receivables Depositor LLC,Braxton Auto Finance LLC,auto
Braxton Credit Card Master Trust,BRAC,1720720,Braxton Card Services LLC,BRACS,1720703,Braxton Payments Holdings LLC,BRAPH,1720708,Braxton Card Funding LLC,Braxton Card Services LLC,card
Braxton Consumer Loan Trust,BRAU,1720744,Braxton Consumer Finance LLC,BRACF,1720727,Braxton Consumer Capital LLC,BRACC,1720732,Braxton Consumer Receivables Depositor LLC,Braxton Consumer Finance LLC,consumer
Braxton Student Loan Trust,BRAS,1720768,Braxton Student Lending LLC,BRASL,1720751,Braxton Education Capital LLC,BRAEC,1720756,Braxton Student Funding LLC,Braxton Student Lending LLC,student
Braxton Equipment Lease Trust,BRAE,1720792,Braxton Equipment Finance LLC,BRAEF,1720775,Braxton Leasing Holdings LLC,BRALH,1720780,Braxton Equipment Receivables Depositor LLC,Braxton Equipment Finance LLC,equipment
Braxton Mortgage Trust,BRAM,1720816,Braxton Mortgage Company LLC,BRAMC,1720799,Braxton Residential Capital LLC,BRARC,1720804,Braxton Mortgage Depositor LLC,Braxton Mortgage Company LLC,mortgage
Braxton Commercial Mortgage Trust,BRAK,1720840,Braxton Commercial Realty Capital LLC,BRARE,1720823,Braxton Commercial Capital LLC,BRAKC,1720828,Braxton Commercial Mortgage Depositor LLC,Braxton Commercial Realty Capital LLC,commercial
Braxton Corporate Credit Trust,BRAP,1720864,Braxton Asset Management LLC,BRAAM,1720847,Braxton Credit Partners LLC,BRACP,1720852,Braxton Credit Funding LLC,Braxton Asset Management LLC,corporate_credit
Braxton Specialty Asset Trust,BRAR,1720888,Braxton Specialty Finance LLC,BRASF,1720871,Braxton Structured Capital LLC,BRASC,1720876,Braxton Specialty Funding LLC,Vervent Inc.,esoteric
Cheshire Auto Receivables Trust,CHEA,1720912,Cheshire Auto Finance LLC,CHEAF,1720895,Cheshire Capital Markets LLC,CHECM,1720900,Cheshire Auto Receivables Depositor LLC,Cheshire Auto Finance LLC,auto
Cheshire Credit Card Master Trust,CHEC,1720936,Cheshire Card Services LLC,CHECS,1720919,Cheshire Payments Holdings LLC,CHEPH,1720924,Cheshire Card Funding LLC,Cheshire Card Services LLC,card
Cheshire Consumer Loan Trust,CHEU,1720960,Cheshire Consumer Finance LLC,CHECF,1720943,Cheshire Consumer Capital LLC,CHECC,1720948,Cheshire Consumer Receivables Depositor LLC,Cheshire Consumer Finance LLC,consumer
Cheshire Student Loan Trust,CHES,1720984,Cheshire Student Lending LLC,CHESL,1720967,Cheshire Education Capital LLC,CHEEC,1720972,Cheshire Student Funding LLC,Cheshire Student Lending LLC,student
Cheshire Equipment Lease Trust,CHEE,1721008,Cheshire Equipment Finance LLC,CHEEF,1720991,Cheshire Leasing Holdings LLC,CHELH,1720996,Cheshire Equipment Receivables Depositor LLC,Cheshire Equipment Finance LLC,equipment
Cheshire Mortgage Trust,CHEM,1721032,Cheshire Mortgage Company LLC,CHEMC,1721015,Cheshire Residential Capital LLC,CHERC,1721020,Cheshire Mortgage Depositor LLC,Cheshire Mortgage Company LLC,mortgage
Cheshire Commercial Mortgage Trust,CHEK,1721056,Cheshire Commercial Realty Capital LLC,CHERE,1721039,Cheshire Commercial Capital LLC,CHEKC,1721044,Cheshire Commercial Mortgage Depositor LLC,Cheshire Commercial Realty Capital LLC,commercial
Cheshire Corporate Credit Trust,CHEP,1721080,Cheshire Asset Management LLC,CHEAM,1721063,Cheshire Credit Partners LLC,CHECP,1721068,Cheshire Credit Funding LLC,Cheshire Asset Management LLC,corporate_credit
Cheshire Specialty Asset Trust,CHER,1721104,Cheshire Specialty Finance LLC,CHESF,1721087,Cheshire Structured Capital LLC,CHESC,1721092,Cheshire Specialty Funding LLC,Cheshire Specialty Finance LLC,esoteric
Danforth Auto Receivables Trust,DANA,1721128,Danforth Auto Finance LLC,DANAF,1721111,Danforth Capital Markets LLC,DANCM,1721116,Danforth Auto Receivables Depositor LLC,Shellpoint Mortgage Servicing,auto
Danforth Credit Card Master Trust,DANC,1721152,Danforth Card Services LLC,DANCS,1721135,Danforth Payments Holdings LLC,DANPH,1721140,Danforth Card Funding LLC,Danforth Card Services LLC,card
Danforth Consumer Loan Trust,DANU,1721176,Danforth Consumer Finance LLC,DANCF,1721159,Danforth Consumer Capital LLC,DANCC,1721164,Danforth Consumer Receivables Depositor LLC,Danforth Consumer Finance LLC,consumer
Danforth Student Loan Trust,DANS,1721200,Danforth Student Lending LLC,DANSL,1721183,Danforth Education Capital LLC,DANEC,1721188,Danforth Student Funding LLC,Danforth Student Lending LLC,student
Danforth Equipment Lease Trust,DANE,1721224,Danforth Equipment Finance LLC,DANEF,1721207,Danforth Leasing Holdings LLC,DANLH,1721212,Danforth Equipment Receivables Depositor LLC,Danforth Equipment Finance LLC,equipment
Danforth Mortgage Trust,DANM,1721248,Danforth Mortgage Company LLC,DANMC,1721231,Danforth Residential Capital LLC,DANRC,1721236,Danforth Mortgage Depositor LLC,Danforth Mortgage Company LLC,mortgage
Danforth Commercial Mortgage Trust,DANK,1721272,Danforth Commercial Realty Capital LLC,DANRE,1721255,Danforth Commercial Capital LLC,DANKC,1721260,Danforth Commercial Mortgage Depositor LLC,Danforth Commercial Realty Capital LLC,commercial
Danforth Corporate Credit Trust,DANP,1721296,Danforth Asset Management LLC,DANAM,1721279,Danforth Credit Partners LLC,DANCP,1721284,Danforth Credit Funding LLC,Danforth Asset Management LLC,corporate_credit
Danforth Specialty Asset Trust,DANR,1721320,Danforth Specialty Finance LLC,DANSF,1721303,Danforth Structured Capital LLC,DANSC,1721308,Danforth Specialty Funding LLC,Danforth Specialty Finance LLC,esoteric
Edgewater Auto Receivables Trust,EDGA,1721344,Edgewater Auto Finance LLC,EDGAF,1721327,Edgewater Capital Markets LLC,EDGCM,1721332,Edgewater Auto Receivables Depositor LLC,Edgewater Auto Finance LLC,auto
Edgewater Credit Card Master Trust,EDGC,1721368,Edgewater Card Services LLC,EDGCS,1721351,Edgewater Payments Holdings LLC,EDGPH,1721356,Edgewater Card Funding LLC,Shellpoint Mortgage Servicing,card
Edgewater Consumer Loan Trust,EDGU,1721392,Edgewater Consumer Finance LLC,EDGCF,1721375,Edgewater Consumer Capital LLC,EDGCC,1721380,Edgewater Consumer Receivables Depositor LLC,Edgewater Consumer Finance LLC,consumer
Edgewater Student Loan Trust,EDGS,1721416,Edgewater Student Lending LLC,EDGSL,1721399,Edgewater Education Capital LLC,EDGEC,1721404,Edgewater Student Funding LLC,Edgewater Student Lending LLC,student
Edgewater Equipment Lease Trust,EDGE,1721440,Edgewater Equipment Finance LLC,EDGEF,1721423,Edgewater Leasing Holdings LLC,EDGLH,1721428,Edgewater Equipment Receivables Depositor LLC,Edgewater Equipment Finance LLC,equipment
Edgewater Mortgage Trust,EDGM,1721464,Edgewater Mortgage Company LLC,EDGMC,1721447,Edgewater Residential Capital LLC,EDGRC,1721452,Edgewater Mortgage Depositor LLC,Edgewater Mortgage Company LLC,mortgage
Edgewater Commercial Mortgage Trust,EDGK,1721488,Edgewater Commercial Realty Capital LLC,EDGRE,1721471,Edgewater Commercial Capital LLC,EDGKC,1721476,Edgewater Commercial Mortgage Depositor LLC,Edgewater Commercial Realty Capital LLC,commercial
Edgewater Corporate Credit Trust,EDGP,1721512,Edgewater Asset Management LLC,EDGAM,1721495,Edgewater Credit Partners LLC,EDGCP,1721500,Edgewater Credit Funding LLC,Edgewater Asset Management LLC,corporate_credit
Edgewater Specialty Asset Trust,EDGR,1721536,Edgewater Specialty Finance LLC,EDGSF,1721519,Edgewater Structured Capital LLC,EDGSC,1721524,Edgewater Specialty Funding LLC,Edgewater Specialty Finance LLC,esoteric
Fairhaven Auto Receivables Trust,FIRA,1721560,Fairhaven Auto Finance LLC,FIRAF,1721543,Fairhaven Capital Markets LLC,FIRCM,1721548,Fairhaven Auto Receivables Depositor LLC,Fairhaven Auto Finance LLC,auto
Fairhaven Credit Card Master Trust,FIRC,1721584,Fairhaven Card Services LLC,FIRCS,1721567,Fairhaven Payments Holdings LLC,FIRPH,1721572,Fairhaven Card Funding LLC,Fairhaven Card Services LLC,card
Fairhaven Consumer Loan Trust,FIRU,1721608,Fairhaven Consumer Finance LLC,FIRCF,1721591,Fairhaven Consumer Capital LLC,FIRCC,1721596,Fairhaven Consumer Receivables Depositor LLC,"Systems & Services Technologies, Inc.",consumer
Fairhaven Student Loan Trust,FIRS,1721632,Fairhaven Student Lending LLC,FIRSL,1721615,Fairhaven Education Capital LLC,FIREC,1721620,Fairhaven Student Funding LLC,Fairhaven Student Lending LLC,student
Fairhaven Equipment Lease Trust,FIRE,1721656,Fairhaven Equipment Finance LLC,FIREF,1721639,Fairhaven Leasing Holdings LLC,FIRLH,1721644,Fairhaven Equipment Receivables Depositor LLC,Fairhaven Equipment Finance LLC,equipment
Fairhaven Mortgage Trust,FIRM,1721680,Fairhaven Mortgage Company LLC,FIRMC,1721663,Fairhaven Residential Capital LLC,FIRRC,1721668,Fairhaven Mortgage Depositor LLC,Fairhaven Mortgage Company LLC,mortgage
Fairhaven Commercial Mortgage Trust,FIRK,1721704,Fairhaven Commercial Realty Capital LLC,FIRRE,1721687,Fairhaven Commercial Capital LLC,FIRKC,1721692,Fairhaven Commercial Mortgage Depositor LLC,Fairhaven Commercial Realty Capital LLC,commercial
Fairhaven Corporate Credit Trust,FIRP,1721728,Fairhaven Asset Management LLC,FIRAM,1721711,Fairhaven Credit Partners LLC,FIRCP,1721716,Fairhaven Credit Funding LLC,Fairhaven Asset Management LLC,corporate_credit
Fairhaven Specialty Asset Trust,FIRR,1721752,Fairhaven Specialty Finance LLC,FIRSF,1721735,Fairhaven Structured Capital LLC,FIRSC,1721740,Fairhaven Specialty Funding LLC,Fairhaven Specialty Finance LLC,esoteric
Glenbrook Auto Receivables Trust,GENA,1721776,Glenbrook Auto Finance LLC,GENAF,1721759,Glenbrook Capital Markets LLC,GENCM,1721764,Glenbrook Auto Receivables Depositor LLC,Glenbrook Auto Finance LLC,auto
Glenbrook Credit Card Master Trust,GENC,1721800,Glenbrook Card Services LLC,GENCS,1721783,Glenbrook Payments Holdings LLC,GENPH,1721788,Glenbrook Card Funding LLC,Glenbrook Card Services LLC,card
Glenbrook Consumer Loan Trust,GENU,1721824,Glenbrook Consumer Finance LLC,GENCF,1721807,Glenbrook Consumer Capital LLC,GENCC,1721812,Glenbrook Consumer Receivables Depositor LLC,Glenbrook Consumer Finance LLC,consumer
Glenbrook Student Loan Trust,GENS,1721848,Glenbrook Student Lending LLC,GENSL,1721831,Glenbrook Education Capital LLC,GENEC,1721836,Glenbrook Student Funding LLC,Statebridge Company LLC,student
Glenbrook Equipment Lease Trust,GENE,1721872,Glenbrook Equipment Finance LLC,GENEF,1721855,Glenbrook Leasing Holdings LLC,GENLH,1721860,Glenbrook Equipment Receivables Depositor LLC,Glenbrook Equipment Finance LLC,equipment
Glenbrook Mortgage Trust,GENM,1721896,Glenbrook Mortgage Company LLC,GENMC,1721879,Glenbrook Residential Capital LLC,GENRC,1721884,Glenbrook Mortgage Depositor LLC,Glenbrook Mortgage Company LLC,mortgage
Glenbrook Commercial Mortgage Trust,GENK,1721920,Glenbrook Commercial Realty Capital LLC,GENRE,1721903,Glenbrook Commercial Capital LLC,GENKC,1721908,Glenbrook Commercial Mortgage Depositor LLC,Glenbrook Commercial Realty Capital LLC,commercial
Glenbrook Corporate Credit Trust,GENP,1721944,Glenbrook Asset Management LLC,GENAM,1721927,Glenbrook Credit Partners LLC,GENCP,1721932,Glenbrook Credit Funding LLC,Glenbrook Asset Management LLC,corporate_credit
Glenbrook Specialty Asset Trust,GENR,1721968,Glenbrook Specialty Finance LLC,GENSF,1721951,Glenbrook Structured Capital LLC,GENSC,1721956,Glenbrook Specialty Funding LLC,Glenbrook Specialty Finance LLC,esoteric
Hartwell Auto Receivables Trust,HRTA,1721992,Hartwell Auto Finance LLC,HRTAF,1721975,Hartwell Capital Markets LLC,HRTCM,1721980,Hartwell Auto Receivables Depositor LLC,Hartwell Auto Finance LLC,auto
Hartwell Credit Card Master Trust,HRTC,1722016,Hartwell Card Services LLC,HRTCS,1721999,Hartwell Payments Holdings LLC,HRTPH,1722004,Hartwell Card Funding LLC,Hartwell Card Services LLC,card
Hartwell Consumer Loan Trust,HRTU,1722040,Hartwell Consumer Finance LLC,HRTCF,1722023,Hartwell Consumer Capital LLC,HRTCC,1722028,Hartwell Consumer Receivables Depositor LLC,Hartwell Consumer Finance LLC,consumer
Hartwell Student Loan Trust,HRTS,1722064,Hartwell Student Lending LLC,HRTSL,1722047,Hartwell Education Capital LLC,HRTEC,1722052,Hartwell Student Funding LLC,Hartwell Student Lending LLC,student
Hartwell Equipment Lease Trust,HRTE,1722088,Hartwell Equipment Finance LLC,HRTEF,1722071,Hartwell Leasing Holdings LLC,HRTLH,1722076,Hartwell Equipment Receivables Depositor LLC,Nationstar Mortgage LLC,equipment
Hartwell Mortgage Trust,HRTM,1722112,Hartwell Mortgage Company LLC,HRTMC,1722095,Hartwell Residential Capital LLC,HRTRC,1722100,Hartwell Mortgage Depositor LLC,Hartwell Mortgage Company LLC,mortgage
Hartwell Commercial Mortgage Trust,HRTK,1722136,Hartwell Commercial Realty Capital LLC,HRTRE,1722119,Hartwell Commercial Capital LLC,HRTKC,1722124,Hartwell Commercial Mortgage Depositor LLC,Hartwell Commercial Realty Capital LLC,commercial
Hartwell Corporate Credit Trust,HRTP,1722160,Hartwell Asset Management LLC,HRTAM,1722143,Hartwell Credit Partners LLC,HRTCP,1722148,Hartwell Credit Funding LLC,Hartwell Asset Management LLC,corporate_credit
Hartwell Specialty Asset Trust,HRTR,1722184,Hartwell Specialty Finance LLC,HRTSF,1722167,Hartwell Structured Capital LLC,HRTSC,1722172,Hartwell Specialty Funding LLC,Hartwell Specialty Finance LLC,esoteric
Ingram Auto Receivables Trust,IGRA,1722208,Ingram Auto Finance LLC,IGRAF,1722191,Ingram Capital Markets LLC,IGRCM,1722196,Ingram Auto Receivables Depositor LLC,Ingram Auto Finance LLC,auto
Ingram Credit Card Master Trust,IGRC,1722232,Ingram Card Services LLC,IGRCS,1722215,Ingram Payments Holdings LLC,IGRPH,1722220,Ingram Card Funding LLC,Ingram Card Services LLC,card
Ingram Consumer Loan Trust,IGRU,1722256,Ingram Consumer Finance LLC,IGRCF,1722239,Ingram Consumer Capital LLC,IGRCC,1722244,Ingram Consumer Receivables Depositor LLC,Ingram Consumer Finance LLC,consumer
Ingram Student Loan Trust,IGRS,1722280,Ingram Student Lending LLC,IGRSL,1722263,Ingram Education Capital LLC,IGREC,1722268,Ingram Student Funding LLC,Ingram Student Lending LLC,student
Ingram Equipment Lease Trust,IGRE,1722304,Ingram Equipment Finance LLC,IGREF,1722287,Ingram Leasing Holdings LLC,IGRLH,1722292,Ingram Equipment Receivables Depositor LLC,Ingram Equipment Finance LLC,equipment
Ingram Mortgage Trust,IGRM,1722328,Ingram Mortgage Company LLC,IGRMC,1722311,Ingram Residential Capital LLC,IGRRC,1722316,Ingram Mortgage Depositor LLC,Computershare Loan Services,mortgage
Ingram Commercial Mortgage Trust,IGRK,1722352,Ingram Commercial Realty Capital LLC,IGRRE,1722335,Ingram Commercial Capital LLC,IGRKC,1722340,Ingram Commercial Mortgage Depositor LLC,Ingram Commercial Realty Capital LLC,commercial
Ingram Corporate Credit Trust,IGRP,1722376,Ingram Asset Management LLC,IGRAM,1722359,Ingram Credit Partners LLC,IGRCP,1722364,Ingram Credit Funding LLC,Ingram Asset Management LLC,corporate_credit
Ingram Specialty Asset Trust,IGRR,1722400,Ingram Specialty Finance LLC,IGRSF,1722383,Ingram Structured Capital LLC,IGRSC,1722388,Ingram Specialty Funding LLC,Ingram Specialty Finance LLC,esoteric
Jarvis Auto Receivables Trust,JARA,1722424,Jarvis Auto Finance LLC,JARAF,1722407,Jarvis Capital Markets LLC,JARCM,1722412,Jarvis Auto Receivables Depositor LLC,Jarvis Auto Finance LLC,auto
Jarvis Credit Card Master Trust,JARC,1722448,Jarvis Card Services LLC,JARCS,1722431,Jarvis Payments Holdings LLC,JARPH,1722436,Jarvis Card Funding LLC,Jarvis Card Services LLC,card
Jarvis Consumer Loan Trust,JARU,1722472,Jarvis Consumer Finance LLC,JARCF,1722455,Jarvis Consumer Capital LLC,JARCC,1722460,Jarvis Consumer Receivables Depositor LLC,Jarvis Consumer Finance LLC,consumer
Jarvis Student Loan Trust,JARS,1722496,Jarvis Student Lending LLC,JARSL,1722479,Jarvis Education Capital LLC,JAREC,1722484,Jarvis Student Funding LLC,Jarvis Student Lending LLC,student
Jarvis Equipment Lease Trust,JARE,1722520,Jarvis Equipment Finance LLC,JAREF,1722503,Jarvis Leasing Holdings LLC,JARLH,1722508,Jarvis Equipment Receivables Depositor LLC,Jarvis Equipment Finance LLC,equipment
Jarvis Mortgage Trust,JARM,1722544,Jarvis Mortgage Company LLC,JARMC,1722527,Jarvis Residential Capital LLC,JARRC,1722532,Jarvis Mortgage Depositor LLC,Jarvis Mortgage Company LLC,mortgage
Jarvis Commercial Mortgage Trust,JARK,1722568,Jarvis Commercial Realty Capital LLC,JARRE,1722551,Jarvis Commercial Capital LLC,JARKC,1722556,Jarvis Commercial Mortgage Depositor LLC,Midland Loan Services,commercial
Jarvis Corporate Credit Trust,JARP,1722592,Jarvis Asset Management LLC,JARAM,1722575,Jarvis Credit Partners LLC,JARCP,1722580,Jarvis Credit Funding LLC,Jarvis Asset Management LLC,corporate_credit
Jarvis Specialty Asset Trust,JARR,1722616,Jarvis Specialty Finance LLC,JARSF,1722599,Jarvis Structured Capital LLC,JARSC,1722604,Jarvis Specialty Funding LLC,Jarvis Specialty Finance LLC,esoteric
Kentmere Auto Receivables Trust,KENA,1722640,Kentmere Auto Finance LLC,KENAF,1722623,Kentmere Capital Markets LLC,KENCM,1722628,Kentmere Auto Receivables Depositor LLC,Kentmere Auto Finance LLC,auto
Kentmere Credit Card Master Trust,KENC,1722664,Kentmere Card Services LLC,KENCS,1722647,Kentmere Payments Holdings LLC,KENPH,1722652,Kentmere Card Funding LLC,Kentmere Card Services LLC,card
Kentmere Consumer Loan Trust,KENU,1722688,Kentmere Consumer Finance LLC,KENCF,1722671,Kentmere Consumer Capital LLC,KENCC,1722676,Kentmere Consumer Receivables Depositor LLC,Kentmere Consumer Finance LLC,consumer
Kentmere Student Loan Trust,KENS,1722712,Kentmere Student Lending LLC,KENSL,1722695,Kentmere Education Capital LLC,KENEC,1722700,Kentmere Student Funding LLC,Kentmere Student Lending LLC,student
Kentmere Equipment Lease Trust,KENE,1722736,Kentmere Equipment Finance LLC,KENEF,1722719,Kentmere Leasing Holdings LLC,KENLH,1722724,Kentmere Equipment Receivables Depositor LLC,Kentmere Equipment Finance LLC,equipment
Kentmere Mortgage Trust,KENM,1722760,Kentmere Mortgage Company LLC,KENMC,1722743,Kentmere Residential Capital LLC,KENRC,1722748,Kentmere Mortgage Depositor LLC,Kentmere Mortgage Company LLC,mortgage
Kentmere Commercial Mortgage Trust,KENK,1722784,Kentmere Commercial Realty Capital LLC,KENRE,1722767,Kentmere Commercial Capital LLC,KENKC,1722772,Kentmere Commercial Mortgage Depositor LLC,Kentmere Commercial Realty Capital LLC,commercial
Kentmere Corporate Credit Trust,KENP,1722808,Kentmere Asset Management LLC,KENAM,1722791,Kentmere Credit Partners LLC,KENCP,1722796,Kentmere Credit Funding LLC,KeyBank Real Estate Capital,corporate_credit
Kentmere Specialty Asset Trust,KENR,1722832,Kentmere Specialty Finance LLC,KENSF,1722815,Kentmere Structured Capital LLC,KENSC,1722820,Kentmere Specialty Funding LLC,Kentmere Specialty Finance LLC,esoteric
Lyndhurst Auto Receivables Trust,LYNA,1722856,Lyndhurst Auto Finance LLC,LYNAF,1722839,Lyndhurst Capital Markets LLC,LYNCM,1722844,Lyndhurst Auto Receivables Depositor LLC,Lyndhurst Auto Finance LLC,auto
Lyndhurst Credit Card Master Trust,LYNC,1722880,Lyndhurst Card Services LLC,LYNCS,1722863,Lyndhurst Payments Holdings LLC,LYNPH,1722868,Lyndhurst Card Funding LLC,Lyndhurst Card Services LLC,card
Lyndhurst Consumer Loan Trust,LYNU,1722904,Lyndhurst Consumer Finance LLC,LYNCF,1722887,Lyndhurst Consumer Capital LLC,LYNCC,1722892,Lyndhurst Consumer Receivables Depositor LLC,Lyndhurst Consumer Finance LLC,consumer
Lyndhurst Student Loan Trust,LYNS,1722928,Lyndhurst Student Lending LLC,LYNSL,1722911,Lyndhurst Education Capital LLC,LYNEC,1722916,Lyndhurst Student Funding LLC,Lyndhurst Student Lending LLC,student
Lyndhurst Equipment Lease Trust,LYNE,1722952,Lyndhurst Equipment Finance LLC,LYNEF,1722935,Lyndhurst Leasing Holdings LLC,LYNLH,1722940,Lyndhurst Equipment Receivables Depositor LLC,Lyndhurst Equipment Finance LLC,equipment
Lyndhurst Mortgage Trust,LYNM,1722976,Lyndhurst Mortgage Company LLC,LYNMC,1722959,Lyndhurst Residential Capital LLC,LYNRC,1722964,Lyndhurst Mortgage Depositor LLC,Lyndhurst Mortgage Company LLC,mortgage
Lyndhurst Commercial Mortgage Trust,LYNK,1723000,Lyndhurst Commercial Realty Capital LLC,LYNRE,1722983,Lyndhurst Commercial Capital LLC,LYNKC,1722988,Lyndhurst Commercial Mortgage Depositor LLC,Lyndhurst Commercial Realty Capital LLC,commercial
Lyndhurst Corporate Credit Trust,LYNP,1723024,Lyndhurst Asset Management LLC,LYNAM,1723007,Lyndhurst Credit Partners LLC,LYNCP,1723012,Lyndhurst Credit Funding LLC,Lyndhurst Asset Management LLC,corporate_credit
Lyndhurst Specialty Asset Trust,LYNR,1723048,Lyndhurst Specialty Finance LLC,LYNSF,1723031,Lyndhurst Structured Capital LLC,LYNSC,1723036,Lyndhurst Specialty Funding LLC,"Systems & Services Technologies, Inc.",esoteric
Montrose Auto Receivables Trust,MONA,1723072,Montrose Auto Finance LLC,MONAF,1723055,Montrose Capital Markets LLC,MONCM,1723060,Montrose Auto Receivables Depositor LLC,Montrose Auto Finance LLC,auto
Montrose Credit Card Master Trust,MONC,1723096,Montrose Card Services LLC,MONCS,1723079,Montrose Payments Holdings LLC,MONPH,1723084,Montrose Card Funding LLC,Montrose Card Services LLC,card
Montrose Consumer Loan Trust,MONU,1723120,Montrose Consumer Finance LLC,MONCF,1723103,Montrose Consumer Capital LLC,MONCC,1723108,Montrose Consumer Receivables Depositor LLC,Montrose Consumer Finance LLC,consumer
Montrose Student Loan Trust,MONS,1723144,Montrose Student Lending LLC,MONSL,1723127,Montrose Education Capital LLC,MONEC,1723132,Montrose Student Funding LLC,Montrose Student Lending LLC,student
Montrose Equipment Lease Trust,MONE,1723168,Montrose Equipment Finance LLC,MONEF,1723151,Montrose Leasing Holdings LLC,MONLH,1723156,Montrose Equipment Receivables Depositor LLC,Montrose Equipment Finance LLC,equipment
Montrose Mortgage Trust,MONM,1723192,Montrose Mortgage Company LLC,MONMC,1723175,Montrose Residential Capital LLC,MONRC,1723180,Montrose Mortgage Depositor LLC,Montrose Mortgage Company LLC,mortgage
Montrose Commercial Mortgage Trust,MONK,1723216,Montrose Commercial Realty Capital LLC,MONRE,1723199,Montrose Commercial Capital LLC,MONKC,1723204,Montrose Commercial Mortgage Depositor LLC,Montrose Commercial Realty Capital LLC,commercial
Montrose Corporate Credit Trust,MONP,1723240,Montrose Asset Management LLC,MONAM,1723223,Montrose Credit Partners LLC,MONCP,1723228,Montrose Credit Funding LLC,Montrose Asset Management LLC,corporate_credit
Montrose Specialty Asset Trust,MONR,1723264,Montrose Specialty Finance LLC,MONSF,1723247,Montrose Structured Capital LLC,MONSC,1723252,Montrose Specialty Funding LLC,Montrose Specialty Finance LLC,esoteric
Northgate Auto Receivables Trust,NRTA,1723288,Northgate Auto Finance LLC,NRTAF,1723271,Northgate Capital Markets LLC,NRTCM,1723276,Northgate Auto Receivables Depositor LLC,"Select Portfolio Servicing, Inc.",auto
Northgate Credit Card Master Trust,NRTC,1723312,Northgate Card Services LLC,NRTCS,1723295,Northgate Payments Holdings LLC,NRTPH,1723300,Northgate Card Funding LLC,Northgate Card Services LLC,card
Northgate Consumer Loan Trust,NRTU,1723336,Northgate Consumer Finance LLC,NRTCF,1723319,Northgate Consumer Capital LLC,NRTCC,1723324,Northgate Consumer Receivables Depositor LLC,Northgate Consumer Finance LLC,consumer
Northgate Student Loan Trust,NRTS,1723360,Northgate Student Lending LLC,NRTSL,1723343,Northgate Education Capital LLC,NRTEC,1723348,Northgate Student Funding LLC,Northgate Student Lending LLC,student
Northgate Equipment Lease Trust,NRTE,1723384,Northgate Equipment Finance LLC,NRTEF,1723367,Northgate Leasing Holdings LLC,NRTLH,1723372,Northgate Equipment Receivables Depositor LLC,Northgate Equipment Finance LLC,equipment
Northgate Mortgage Trust,NRTM,1723408,Northgate Mortgage Company LLC,NRTMC,1723391,Northgate Residential Capital LLC,NRTRC,1723396,Northgate Mortgage Depositor LLC,Northgate Mortgage Company LLC,mortgage
Northgate Commercial Mortgage Trust,NRTK,1723432,Northgate Commercial Realty Capital LLC,NRTRE,1723415,Northgate Commercial Capital LLC,NRTKC,1723420,Northgate Commercial Mortgage Depositor LLC,Northgate Commercial Realty Capital LLC,commercial
Northgate Corporate Credit Trust,NRTP,1723456,Northgate Asset Management LLC,NRTAM,1723439,Northgate Credit Partners LLC,NRTCP,1723444,Northgate Credit Funding LLC,Northgate Asset Management LLC,corporate_credit
Northgate Specialty Asset Trust,NRTR,1723480,Northgate Specialty Finance LLC,NRTSF,1723463,Northgate Structured Capital LLC,NRTSC,1723468,Northgate Specialty Funding LLC,Northgate Specialty Finance LLC,esoteric
Ollerton Auto Receivables Trust,OLLA,1723504,Ollerton Auto Finance LLC,OLLAF,1723487,Ollerton Capital Markets LLC,OLLCM,1723492,Ollerton Auto Receivables Depositor LLC,Ollerton Auto Finance LLC,auto
Ollerton Credit Card Master Trust,OLLC,1723528,Ollerton Card Services LLC,OLLCS,1723511,Ollerton Payments Holdings LLC,OLLPH,1723516,Ollerton Card Funding LLC,Cenlar FSB,card
Ollerton Consumer Loan Trust,OLLU,1723552,Ollerton Consumer Finance LLC,OLLCF,1723535,Ollerton Consumer Capital LLC,OLLCC,1723540,Ollerton Consumer Receivables Depositor LLC,Ollerton Consumer Finance LLC,consumer
Ollerton Student Loan Trust,OLLS,1723576,Ollerton Student Lending LLC,OLLSL,1723559,Ollerton Education Capital LLC,OLLEC,1723564,Ollerton Student Funding LLC,Ollerton Student Lending LLC,student
Ollerton Equipment Lease Trust,OLLE,1723600,Ollerton Equipment Finance LLC,OLLEF,1723583,Ollerton Leasing Holdings LLC,OLLLH,1723588,Ollerton Equipment Receivables Depositor LLC,Ollerton Equipment Finance LLC,equipment
Ollerton Mortgage Trust,OLLM,1723624,Ollerton Mortgage Company LLC,OLLMC,1723607,Ollerton Residential Capital LLC,OLLRC,1723612,Ollerton Mortgage Depositor LLC,Ollerton Mortgage Company LLC,mortgage
Ollerton Commercial Mortgage Trust,OLLK,1723648,Ollerton Commercial Realty Capital LLC,OLLRE,1723631,Ollerton Commercial Capital LLC,OLLKC,1723636,Ollerton Commercial Mortgage Depositor LLC,Ollerton Commercial Realty Capital LLC,commercial
Ollerton Corporate Credit Trust,OLLP,1723672,Ollerton Asset Management LLC,OLLAM,1723655,Ollerton Credit Partners LLC,OLLCP,1723660,Ollerton Credit Funding LLC,Ollerton Asset Management LLC,corporate_credit
Ollerton Specialty Asset Trust,OLLR,1723696,Ollerton Specialty Finance LLC,OLLSF,1723679,Ollerton Structured Capital LLC,OLLSC,1723684,Ollerton Specialty Funding LLC,Ollerton Specialty Finance LLC,esoteric
Prescott Auto Receivables Trust,PREA,1723720,Prescott Auto Finance LLC,PREAF,1723703,Prescott Capital Markets LLC,PRECM,1723708,Prescott Auto Receivables Depositor LLC,Prescott Auto Finance LLC,auto
Prescott Credit Card Master Trust,PREC,1723744,Prescott Card Services LLC,PRECS,1723727,Prescott Payments Holdings LLC,PREPH,1723732,Prescott Card Funding LLC,Prescott Card Services LLC,card
Prescott Consumer Loan Trust,PREU,1723768,Prescott Consumer Finance LLC,PRECF,1723751,Prescott Consumer Capital LLC,PRECC,1723756,Prescott Consumer Receivables Depositor LLC,Computershare Loan Services,consumer
Prescott Student Loan Trust,PRES,1723792,Prescott Student Lending LLC,PRESL,1723775,Prescott Education Capital LLC,PREEC,1723780,Prescott Student Funding LLC,Prescott Student Lending LLC,student
Prescott Equipment Lease Trust,PREE,1723816,Prescott Equipment Finance LLC,PREEF,1723799,Prescott Leasing Holdings LLC,PRELH,1723804,Prescott Equipment Receivables Depositor LLC,Prescott Equipment Finance LLC,equipment
Prescott Mortgage Trust,PREM,1723840,Prescott Mortgage Company LLC,PREMC,1723823,Prescott Residential Capital LLC,PRERC,1723828,Prescott Mortgage Depositor LLC,Prescott Mortgage Company LLC,mortgage
Prescott Commercial Mortgage Trust,PREK,1723864,Prescott Commercial Realty Capital LLC,PRERE,1723847,Prescott Commercial Capital LLC,PREKC,1723852,Prescott Commercial Mortgage Depositor LLC,Prescott Commercial Realty Capital LLC,commercial
Prescott Corporate Credit Trust,PREP,1723888,Prescott Asset Management LLC,PREAM,1723871,Prescott Credit Partners LLC,PRECP,1723876,Prescott Credit Funding LLC,Prescott Asset Management LLC,corporate_credit
Prescott Specialty Asset Trust,PRER,1723912,Prescott Specialty Finance LLC,PRESF,1723895,Prescott Structured Capital LLC,PRESC,1723900,Prescott Specialty Funding LLC,Prescott Specialty Finance LLC,esoteric
Quayside Auto Receivables Trust,QAYA,1723936,Quayside Auto Finance LLC,QAYAF,1723919,Quayside Capital Markets LLC,QAYCM,1723924,Quayside Auto Receivables Depositor LLC,Quayside Auto Finance LLC,auto
Quayside Credit Card Master Trust,QAYC,1723960,Quayside Card Services LLC,QAYCS,1723943,Quayside Payments Holdings LLC,QAYPH,1723948,Quayside Card Funding LLC,Quayside Card Services LLC,card
Quayside Consumer Loan Trust,QAYU,1723984,Quayside Consumer Finance LLC,QAYCF,1723967,Quayside Consumer Capital LLC,QAYCC,1723972,Quayside Consumer Receivables Depositor LLC,Quayside Consumer Finance LLC,consumer
Quayside Student Loan Trust,QAYS,1724008,Quayside Student Lending LLC,QAYSL,1723991,Quayside Education Capital LLC,QAYEC,1723996,Quayside Student Funding LLC,Vervent Inc.,student
Quayside Equipment Lease Trust,QAYE,1724032,Quayside Equipment Finance LLC,QAYEF,1724015,Quayside Leasing Holdings LLC,QAYLH,1724020,Quayside Equipment Receivables Depositor LLC,Quayside Equipment Finance LLC,equipment
Quayside Mortgage Trust,QAYM,1724056,Quayside Mortgage Company LLC,QAYMC,1724039,Quayside Residential Capital LLC,QAYRC,1724044,Quayside Mortgage Depositor LLC,Quayside Mortgage Company LLC,mortgage
Quayside Commercial Mortgage Trust,QAYK,1724080,Quayside Commercial Realty Capital LLC,QAYRE,1724063,Quayside Commercial Capital LLC,QAYKC,1724068,Quayside Commercial Mortgage Depositor LLC,Quayside Commercial Realty Capital LLC,commercial
Quayside Corporate Credit Trust,QAYP,1724104,Quayside Asset Management LLC,QAYAM,1724087,Quayside Credit Partners LLC,QAYCP,1724092,Quayside Credit Funding LLC,Quayside Asset Management LLC,corporate_credit
Quayside Specialty Asset Trust,QAYR,1724128,Quayside Specialty Finance LLC,QAYSF,1724111,Quayside Structured Capital LLC,QAYSC,1724116,Quayside Specialty Funding LLC,Quayside Specialty Finance LLC,esoteric
Rockvale Auto Receivables Trust,ROCA,1724152,Rockvale Auto Finance LLC,ROCAF,1724135,Rockvale Capital Markets LLC,ROCCM,1724140,Rockvale Auto Receivables Depositor LLC,Rockvale Auto Finance LLC,auto
Rockvale Credit Card Master Trust,ROCC,1724176,Rockvale Card Services LLC,ROCCS,1724159,Rockvale Payments Holdings LLC,ROCPH,1724164,Rockvale Card Funding LLC,Rockvale Card Services LLC,card
Rockvale Consumer Loan Trust,ROCU,1724200,Rockvale Consumer Finance LLC,ROCCF,1724183,Rockvale Consumer Capital LLC,ROCCC,1724188,Rockvale Consumer Receivables Depositor LLC,Rockvale Consumer Finance LLC,consumer
Rockvale Student Loan Trust,ROCS,1724224,Rockvale Student Lending LLC,ROCSL,1724207,Rockvale Education Capital LLC,ROCEC,1724212,Rockvale Student Funding LLC,Rockvale Student Lending LLC,student
Rockvale Equipment Lease Trust,ROCE,1724248,Rockvale Equipment Finance LLC,ROCEF,1724231,Rockvale Leasing Holdings LLC,ROCLH,1724236,Rockvale Equipment Receivables Depositor LLC,Cenlar FSB,equipment
Rockvale Mortgage Trust,ROCM,1724272,Rockvale Mortgage Company LLC,ROCMC,1724255,Rockvale Residential Capital LLC,ROCRC,1724260,Rockvale Mortgage Depositor LLC,Rockvale Mortgage Company LLC,mortgage
Rockvale Commercial Mortgage Trust,ROCK,1724296,Rockvale Commercial Realty Capital LLC,ROCRE,1724279,Rockvale Commercial Capital LLC,ROCKC,1724284,Rockvale Commercial Mortgage Depositor LLC,Rockvale Commercial Realty Capital LLC,commercial
Rockvale Corporate Credit Trust,ROCP,1724320,Rockvale Asset Management LLC,ROCAM,1724303,Rockvale Credit Partners LLC,ROCCP,1724308,Rockvale Credit Funding LLC,Rockvale Asset Management LLC,corporate_credit
Rockvale Specialty Asset Trust,ROCR,1724344,Rockvale Specialty Finance LLC,ROCSF,1724327,Rockvale Structured Capital LLC,ROCSC,1724332,Rockvale Specialty Funding LLC,Rockvale Specialty Finance LLC,esoteric
Sedgewick Auto Receivables Trust,SEDA,1724368,Sedgewick Auto Finance LLC,SEDAF,1724351,Sedgewick Capital Markets LLC,SEDCM,1724356,Sedgewick Auto Receivables Depositor LLC,Sedgewick Auto Finance LLC,auto
Sedgewick Credit Card Master Trust,SEDC,1724392,Sedgewick Card Services LLC,SEDCS,1724375,Sedgewick Payments Holdings LLC,SEDPH,1724380,Sedgewick Card Funding LLC,Sedgewick Card Services LLC,card
Sedgewick Consumer Loan Trust,SEDU,1724416,Sedgewick Consumer Finance LLC,SEDCF,1724399,Sedgewick Consumer Capital LLC,SEDCC,1724404,Sedgewick Consumer Receivables Depositor LLC,Sedgewick Consumer Finance LLC,consumer
Sedgewick Student Loan Trust,SEDS,1724440,Sedgewick Student Lending LLC,SEDSL,1724423,Sedgewick Education Capital LLC,SEDEC,1724428,Sedgewick Student Funding LLC,Sedgewick Student Lending LLC,student
Sedgewick Equipment Lease Trust,SEDE,1724464,Sedgewick Equipment Finance LLC,SEDEF,1724447,Sedgewick Leasing Holdings LLC,SEDLH,1724452,Sedgewick Equipment Receivables Depositor LLC,Sedgewick Equipment Finance LLC,equipment
Sedgewick Mortgage Trust,SEDM,1724488,Sedgewick Mortgage Company LLC,SEDMC,1724471,Sedgewick Residential Capital LLC,SEDRC,1724476,Sedgewick Mortgage Depositor LLC,"Systems & Services Technologies, Inc.",mortgage
Sedgewick Commercial Mortgage Trust,SEDK,1724512,Sedgewick Commercial Realty Capital LLC,SEDRE,1724495,Sedgewick Commercial Capital LLC,SEDKC,1724500,Sedgewick Commercial Mortgage Depositor LLC,Sedgewick Commercial Realty Capital LLC,commercial
Sedgewick Corporate Credit Trust,SEDP,1724536,Sedgewick Asset Management LLC,SEDAM,1724519,Sedgewick Credit Partners LLC,SEDCP,1724524,Sedgewick Credit Funding LLC,Sedgewick Asset Management LLC,corporate_credit
Sedgewick Specialty Asset Trust,SEDR,1724560,Sedgewick Specialty Finance LLC,SEDSF,1724543,Sedgewick Structured Capital LLC,SEDSC,1724548,Sedgewick Specialty Funding LLC,Sedgewick Specialty Finance LLC,esoteric
Tanglewood Auto Receivables Trust,TANA,1724584,Tanglewood Auto Finance LLC,TANAF,1724567,Tanglewood Capital Markets LLC,TANCM,1724572,Tanglewood Auto Receivables Depositor LLC,Tanglewood Auto Finance LLC,auto
Tanglewood Credit Card Master Trust,TANC,1724608,Tanglewood Card Services LLC,TANCS,1724591,Tanglewood Payments Holdings LLC,TANPH,1724596,Tanglewood Card Funding LLC,Tanglewood Card Services LLC,card
Tanglewood Consumer Loan Trust,TANU,1724632,Tanglewood Consumer Finance LLC,TANCF,1724615,Tanglewood Consumer Capital LLC,TANCC,1724620,Tanglewood Consumer Receivables Depositor LLC,Tanglewood Consumer Finance LLC,consumer
Tanglewood Student Loan Trust,TANS,1724656,Tanglewood Student Lending LLC,TANSL,1724639,Tanglewood Education Capital LLC,TANEC,1724644,Tanglewood Student Funding LLC,Tanglewood Student Lending LLC,student
Tanglewood Equipment Lease Trust,TANE,1724680,Tanglewood Equipment Finance LLC,TANEF,1724663,Tanglewood Leasing Holdings LLC,TANLH,1724668,Tanglewood Equipment Receivables Depositor LLC,Tanglewood Equipment Finance LLC,equipment
Tanglewood Mortgage Trust,TANM,1724704,Tanglewood Mortgage Company LLC,TANMC,1724687,Tanglewood Residential Capital LLC,TANRC,1724692,Tanglewood Mortgage Depositor LLC,Tanglewood Mortgage Company LLC,mortgage
Tanglewood Commercial Mortgage Trust,TANK,1724728,Tanglewood Commercial Realty Capital LLC,TANRE,1724711,Tanglewood Commercial Capital LLC,TANKC,1724716,Tanglewood Commercial Mortgage Depositor LLC,Rushmore Loan Management Services LLC,commercial
Tanglewood Corporate Credit Trust,TANP,1724752,Tanglewood Asset Management LLC,TANAM,1724735,Tanglewood Credit Partners LLC,TANCP,1724740,Tanglewood Credit Funding LLC,Tanglewood Asset Management LLC,corporate_credit
Tanglewood Specialty Asset Trust,TANR,1724776,Tanglewood Specialty Finance LLC,TANSF,1724759,Tanglewood Structured Capital LLC,TANSC,1724764,Tanglewood Specialty Funding LLC,Tanglewood Specialty Finance LLC,esoteric
Uxbridge Auto Receivables Trust,UXBA,1724800,Uxbridge Auto Finance LLC,UXBAF,1724783,Uxbridge Capital Markets LLC,UXBCM,1724788,Uxbridge Auto Receivables Depositor LLC,Uxbridge Auto Finance LLC,auto
Uxbridge Credit Card Master Trust,UXBC,1724824,Uxbridge Card Services LLC,UXBCS,1724807,Uxbridge Payments Holdings LLC,UXBPH,1724812,Uxbridge Card Funding LLC,Uxbridge Card Services LLC,card
Uxbridge Consumer Loan Trust,UXBU,1724848,Uxbridge Consumer Finance LLC,UXBCF,1724831,Uxbridge Consumer Capital LLC,UXBCC,1724836,Uxbridge Consumer Receivables Depositor LLC,Uxbridge Consumer Finance LLC,consumer
Uxbridge Student Loan Trust,UXBS,1724872,Uxbridge Student Lending LLC,UXBSL,1724855,Uxbridge Education Capital LLC,UXBEC,1724860,Uxbridge Student Funding LLC,Uxbridge Student Lending LLC,student
Uxbridge Equipment Lease Trust,UXBE,1724896,Uxbridge Equipment Finance LLC,UXBEF,1724879,Uxbridge Leasing Holdings LLC,UXBLH,1724884,Uxbridge Equipment Receivables Depositor LLC,Uxbridge Equipment Finance LLC,equipment
Uxbridge Mortgage Trust,UXBM,1724920,Uxbridge Mortgage Company LLC,UXBMC,1724903,Uxbridge Residential Capital LLC,UXBRC,1724908,Uxbridge Mortgage Depositor LLC,Uxbridge Mortgage Company LLC,mortgage
Uxbridge Commercial Mortgage Trust,UXBK,1724944,Uxbridge Commercial Realty Capital LLC,UXBRE,1724927,Uxbridge Commercial Capital LLC,UXBKC,1724932,Uxbridge Commercial Mortgage Depositor LLC,Uxbridge Commercial Realty Capital LLC,commercial
Uxbridge Corporate Credit Trust,UXBP,1724968,Uxbridge Asset Management LLC,UXBAM,1724951,Uxbridge Credit Partners LLC,UXBCP,1724956,Uxbridge Credit Funding LLC,Mr. Cooper Group Inc.,corporate_credit
Uxbridge Specialty Asset Trust,UXBR,1724992,Uxbridge Specialty Finance LLC,UXBSF,1724975,Uxbridge Structured Capital LLC,UXBSC,1724980,Uxbridge Specialty Funding LLC,Uxbridge Specialty Finance LLC,esoteric
Vandermeer Auto Receivables Trust,VANA,1725016,Vandermeer Auto Finance LLC,VANAF,1724999,Vandermeer Capital Markets LLC,VANCM,1725004,Vandermeer Auto Receivables Depositor LLC,Vandermeer Auto Finance LLC,auto
Vandermeer Credit Card Master Trust,VANC,1725040,Vandermeer Card Services LLC,VANCS,1725023,Vandermeer Payments Holdings LLC,VANPH,1725028,Vandermeer Card Funding LLC,Vandermeer Card Services LLC,card
Vandermeer Consumer Loan Trust,VANU,1725064,Vandermeer Consumer Finance LLC,VANCF,1725047,Vandermeer Consumer Capital LLC,VANCC,1725052,Vandermeer Consumer Receivables Depositor LLC,Vandermeer Consumer Finance LLC,consumer
Vandermeer Student Loan Trust,VANS,1725088,Vandermeer Student Lending LLC,VANSL,1725071,Vandermeer Education Capital LLC,VANEC,1725076,Vandermeer Student Funding LLC,Vandermeer Student Lending LLC,student
Vandermeer Equipment Lease Trust,VANE,1725112,Vandermeer Equipment Finance LLC,VANEF,1725095,Vandermeer Leasing Holdings LLC,VANLH,1725100,Vandermeer Equipment Receivables Depositor LLC,Vandermeer Equipment Finance LLC,equipment
Vandermeer Mortgage Trust,VANM,1725136,Vandermeer Mortgage Company LLC,VANMC,1725119,Vandermeer Residential Capital LLC,VANRC,1725124,Vandermeer Mortgage Depositor LLC,Vandermeer Mortgage Company LLC,mortgage
Vandermeer Commercial Mortgage Trust,VANK,1725160,Vandermeer Commercial Realty Capital LLC,VANRE,1725143,Vandermeer Commercial Capital LLC,VANKC,1725148,Vandermeer Commercial Mortgage Depositor LLC,Vandermeer Commercial Realty Capital LLC,commercial
Vandermeer Corporate Credit Trust,VANP,1725184,Vandermeer Asset Management LLC,VANAM,1725167,Vandermeer Credit Partners LLC,VANCP,1725172,Vandermeer Credit Funding LLC,Vandermeer Asset Management LLC,corporate_credit
Vandermeer Specialty Asset Trust,VANR,1725208,Vandermeer Specialty Finance LLC,VANSF,1725191,Vandermeer Structured Capital LLC,VANSC,1725196,Vandermeer Specialty Funding LLC,Mr. Cooper Group Inc.,esoteric
Westbourne Auto Receivables Trust,WSTA,1725232,Westbourne Auto Finance LLC,WSTAF,1725215,Westbourne Capital Markets LLC,WSTCM,1725220,Westbourne Auto Receivables Depositor LLC,Westbourne Auto Finance LLC,auto
Westbourne Credit Card Master Trust,WSTC,1725256,Westbourne Card Services LLC,WSTCS,1725239,Westbourne Payments Holdings LLC,WSTPH,1725244,Westbourne Card Funding LLC,Westbourne Card Services LLC,card
Westbourne Consumer Loan Trust,WSTU,1725280,Westbourne Consumer Finance LLC,WSTCF,1725263,Westbourne Consumer Capital LLC,WSTCC,1725268,Westbourne Consumer Receivables Depositor LLC,Westbourne Consumer Finance LLC,consumer
Westbourne Student Loan Trust,WSTS,1725304,Westbourne Student Lending LLC,WSTSL,1725287,Westbourne Education Capital LLC,WSTEC,1725292,Westbourne Student Funding LLC,Westbourne Student Lending LLC,student
Westbourne Equipment Lease Trust,WSTE,1725328,Westbourne Equipment Finance LLC,WSTEF,1725311,Westbourne Leasing Holdings LLC,WSTLH,1725316,Westbourne Equipment Receivables Depositor LLC,Westbourne Equipment Finance LLC,equipment
Westbourne Mortgage Trust,WSTM,1725352,Westbourne Mortgage Company LLC,WSTMC,1725335,Westbourne Residential Capital LLC,WSTRC,1725340,Westbourne Mortgage Depositor LLC,Westbourne Mortgage Company LLC,mortgage
Westbourne Commercial Mortgage Trust,WSTK,1725376,Westbourne Commercial Realty Capital LLC,WSTRE,1725359,Westbourne Commercial Capital LLC,WSTKC,1725364,Westbourne Commercial Mortgage Depositor LLC,Westbourne Commercial Realty Capital LLC,commercial
Westbourne Corporate Credit Trust,WSTP,1725400,Westbourne Asset Management LLC,WSTAM,1725383,Westbourne Credit Partners LLC,WSTCP,1725388,Westbourne Credit Funding LLC,Westbourne Asset Management LLC,corporate_credit
Westbourne Specialty Asset Trust,WSTR,1725424,Westbourne Specialty Finance LLC,WSTSF,1725407,Westbourne Structured Capital LLC,WSTSC,1725412,Westbourne Specialty Funding LLC,Westbourne Specialty Finance LLC,esoteric
Ashford Auto Receivables Trust,AHFA,1725448,Ashford Auto Finance LLC,AHFAF,1725431,Ashford Capital Markets LLC,AHFCM,1725436,Ashford Auto Receivables Depositor LLC,Wells Fargo Commercial Mortgage Servicing,auto
Ashford Credit Card Master Trust,AHFC,1725472,Ashford Card Services LLC,AHFCS,1725455,Ashford Payments Holdings LLC,AHFPH,1725460,Ashford Card Funding LLC,Ashford Card Services LLC,card
Ashford Consumer Loan Trust,AHFU,1725496,Ashford Consumer Finance LLC,AHFCF,1725479,Ashford Consumer Capital LLC,AHFCC,1725484,Ashford Consumer Receivables Depositor LLC,Ashford Consumer Finance LLC,consumer
Ashford Student Loan Trust,AHFS,1725520,Ashford Student Lending LLC,AHFSL,1725503,Ashford Education Capital LLC,AHFEC,1725508,Ashford Student Funding LLC,Ashford Student Lending LLC,student
Ashford Equipment Lease Trust,AHFE,1725544,Ashford Equipment Finance LLC,AHFEF,1725527,Ashford Leasing Holdings LLC,AHFLH,1725532,Ashford Equipment Receivables Depositor LLC,Ashford Equipment Finance LLC,equipment
Ashford Mortgage Trust,AHFM,1725568,Ashford Mortgage Company LLC,AHFMC,1725551,Ashford Residential Capital LLC,AHFRC,1725556,Ashford Mortgage Depositor LLC,Ashford Mortgage Company LLC,mortgage
Ashford Commercial Mortgage Trust,AHFK,1725592,Ashford Commercial Realty Capital LLC,AHFRE,1725575,Ashford Commercial Capital LLC,AHFKC,1725580,Ashford Commercial Mortgage Depositor LLC,Ashford Commercial Realty Capital LLC,commercial
Ashford Corporate Credit Trust,AHFP,1725616,Ashford Asset Management LLC,AHFAM,1725599,Ashford Credit Partners LLC,AHFCP,1725604,Ashford Credit Funding LLC,Ashford Asset Management LLC,corporate_credit
Ashford Specialty Asset Trust,AHFR,1725640,Ashford Specialty Finance LLC,AHFSF,1725623,Ashford Structured Capital LLC,AHFSC,1725628,Ashford Specialty Funding LLC,Ashford Specialty Finance LLC,esoteric
Belmont Auto Receivables Trust,BELA,1725664,Belmont Auto Finance LLC,BELAF,1725647,Belmont Capital Markets LLC,BELCM,1725652,Belmont Auto Receivables Depositor LLC,Belmont Auto Finance LLC,auto
Belmont Credit Card Master Trust,BELC,1725688,Belmont Card Services LLC,BELCS,1725671,Belmont Payments Holdings LLC,BELPH,1725676,Belmont Card Funding LLC,PHH Mortgage Corporation,card
Belmont Consumer Loan Trust,BELU,1725712,Belmont Consumer Finance LLC,BELCF,1725695,Belmont Consumer Capital LLC,BELCC,1725700,Belmont Consumer Receivables Depositor LLC,Belmont Consumer Finance LLC,consumer
Belmont Student Loan Trust,BELS,1725736,Belmont Student Lending LLC,BELSL,1725719,Belmont Education Capital LLC,BELEC,1725724,Belmont Student Funding LLC,Belmont Student Lending LLC,student
Belmont Equipment Lease Trust,BELE,1725760,Belmont Equipment Finance LLC,BELEF,1725743,Belmont Leasing Holdings LLC,BELLH,1725748,Belmont Equipment Receivables Depositor LLC,Belmont Equipment Finance LLC,equipment
Belmont Mortgage Trust,BELM,1725784,Belmont Mortgage Company LLC,BELMC,1725767,Belmont Residential Capital LLC,BELRC,1725772,Belmont Mortgage Depositor LLC,Belmont Mortgage Company LLC,mortgage
Belmont Commercial Mortgage Trust,BELK,1725808,Belmont Commercial Realty Capital LLC,BELRE,1725791,Belmont Commercial Capital LLC,BELKC,1725796,Belmont Commercial Mortgage Depositor LLC,Belmont Commercial Realty Capital LLC,commercial
Belmont Corporate Credit Trust,BELP,1725832,Belmont Asset Management LLC,BELAM,1725815,Belmont Credit Partners LLC,BELCP,1725820,Belmont Credit Funding LLC,Belmont Asset Management LLC,corporate_credit
Belmont Specialty Asset Trust,BELR,1725856,Belmont Specialty Finance LLC,BELSF,1725839,Belmont Structured Capital LLC,BELSC,1725844,Belmont Specialty Funding LLC,Belmont Specialty Finance LLC,esoteric
Colchester Auto Receivables Trust,COLA,1725880,Colchester Auto Finance LLC,COLAF,1725863,Colchester Capital Markets LLC,COLCM,1725868,Colchester Auto Receivables Depositor LLC,Colchester Auto Finance LLC,auto
Colchester Credit Card Master Trust,COLC,1725904,Colchester Card Services LLC,COLCS,1725887,Colchester Payments Holdings LLC,COLPH,1725892,Colchester Card Funding LLC,Colchester Card Services LLC,card
Colchester Consumer Loan Trust,COLU,1725928,Colchester Consumer Finance LLC,COLCF,1725911,Colchester Consumer Capital LLC,COLCC,1725916,Colchester Consumer Receivables Depositor LLC,Statebridge Company LLC,consumer
Colchester Student Loan Trust,COLS,1725952,Colchester Student Lending LLC,COLSL,1725935,Colchester Education Capital LLC,COLEC,1725940,Colchester Student Funding LLC,Colchester Student Lending LLC,student
Colchester Equipment Lease Trust,COLE,1725976,Colchester Equipment Finance LLC,COLEF,1725959,Colchester Leasing Holdings LLC,COLLH,1725964,Colchester Equipment Receivables Depositor LLC,Colchester Equipment Finance LLC,equipment
Colchester Mortgage Trust,COLM,1726000,Colchester Mortgage Company LLC,COLMC,1725983,Colchester Residential Capital LLC,COLRC,1725988,Colchester Mortgage Depositor LLC,Colchester Mortgage Company LLC,mortgage
Colchester Commercial Mortgage Trust,COLK,1726024,Colchester Commercial Realty Capital LLC,COLRE,1726007,Colchester Commercial Capital LLC,COLKC,1726012,Colchester Commercial Mortgage Depositor LLC,Colchester Commercial Realty Capital LLC,commercial
Colchester Corporate Credit Trust,COLP,1726048,Colchester Asset Management LLC,COLAM,1726031,Colchester Credit Partners LLC,COLCP,1726036,Colchester Credit Funding LLC,Colchester Asset Management LLC,corporate_credit
Colchester Specialty Asset Trust,COLR,1726072,Colchester Specialty Finance LLC,COLSF,1726055,Colchester Structured Capital LLC,COLSC,1726060,Colchester Specialty Funding LLC,Colchester Specialty Finance LLC,esoteric
Draycott Auto Receivables Trust,DRAA,1726096,Draycott Auto Finance LLC,DRAAF,1726079,Draycott Capital Markets LLC,DRACM,1726084,Draycott Auto Receivables Depositor LLC,Draycott Auto Finance LLC,auto
Draycott Credit Card Master Trust,DRAC,1726120,Draycott Card Services LLC,DRACS,1726103,Draycott Payments Holdings LLC,DRAPH,1726108,Draycott Card Funding LLC,Draycott Card Services LLC,card
Draycott Consumer Loan Trust,DRAU,1726144,Draycott Consumer Finance LLC,DRACF,1726127,Draycott Consumer Capital LLC,DRACC,1726132,Draycott Consumer Receivables Depositor LLC,Draycott Consumer Finance LLC,consumer
Draycott Student Loan Trust,DRAS,1726168,Draycott Student Lending LLC,DRASL,1726151,Draycott Education Capital LLC,DRAEC,1726156,Draycott Student Funding LLC,"Systems & Services Technologies, Inc.",student
Draycott Equipment Lease Trust,DRAE,1726192,Draycott Equipment Finance LLC,DRAEF,1726175,Draycott Leasing Holdings LLC,DRALH,1726180,Draycott Equipment Receivables Depositor LLC,Draycott Equipment Finance LLC,equipment
Draycott Mortgage Trust,DRAM,1726216,Draycott Mortgage Company LLC,DRAMC,1726199,Draycott Residential Capital LLC,DRARC,1726204,Draycott Mortgage Depositor LLC,Draycott Mortgage Company LLC,mortgage
Draycott Commercial Mortgage Trust,DRAK,1726240,Draycott Commercial Realty Capital LLC,DRARE,1726223,Draycott Commercial Capital LLC,DRAKC,1726228,Draycott Commercial Mortgage Depositor LLC,Draycott Commercial Realty Capital LLC,commercial
Draycott Corporate Credit Trust,DRAP,1726264,Draycott Asset Management LLC,DRAAM,1726247,Draycott Credit Partners LLC,DRACP,1726252,Draycott Credit Funding LLC,Draycott Asset Management LLC,corporate_credit
Draycott Specialty Asset Trust,DRAR,1726288,Draycott Specialty Finance LLC,DRASF,1726271,Draycott Structured Capital LLC,DRASC,1726276,Draycott Specialty Funding LLC,Draycott Specialty Finance LLC,esoteric
Ellesmere Auto Receivables Trust,ELLA,1726312,Ellesmere Auto Finance LLC,ELLAF,1726295,Ellesmere Capital Markets LLC,ELLCM,1726300,Ellesmere Auto Receivables Depositor LLC,Ellesmere Auto Finance LLC,auto
Ellesmere Credit Card Master Trust,ELLC,1726336,Ellesmere Card Services LLC,ELLCS,1726319,Ellesmere Payments Holdings LLC,ELLPH,1726324,Ellesmere Card Funding LLC,Ellesmere Card Services LLC,card
Ellesmere Consumer Loan Trust,ELLU,1726360,Ellesmere Consumer Finance LLC,ELLCF,1726343,Ellesmere Consumer Capital LLC,ELLCC,1726348,Ellesmere Consumer Receivables Depositor LLC,Ellesmere Consumer Finance LLC,consumer
Ellesmere Student Loan Trust,ELLS,1726384,Ellesmere Student Lending LLC,ELLSL,1726367,Ellesmere Education Capital LLC,ELLEC,1726372,Ellesmere Student Funding LLC,Ellesmere Student Lending LLC,student
Ellesmere Equipment Lease Trust,ELLE,1726408,Ellesmere Equipment Finance LLC,ELLEF,1726391,Ellesmere Leasing Holdings LLC,ELLLH,1726396,Ellesmere Equipment Receivables Depositor LLC,Vervent Inc.,equipment
Ellesmere Mortgage Trust,ELLM,1726432,Ellesmere Mortgage Company LLC,ELLMC,1726415,Ellesmere Residential Capital LLC,ELLRC,1726420,Ellesmere Mortgage Depositor LLC,Ellesmere Mortgage Company LLC,mortgage
Ellesmere Commercial Mortgage Trust,ELLK,1726456,Ellesmere Commercial Realty Capital LLC,ELLRE,1726439,Ellesmere Commercial Capital LLC,ELLKC,1726444,Ellesmere Commercial Mortgage Depositor LLC,Ellesmere Commercial Realty Capital LLC,commercial
Ellesmere Corporate Credit Trust,ELLP,1726480,Ellesmere Asset Management LLC,ELLAM,1726463,Ellesmere Credit Partners LLC,ELLCP,1726468,Ellesmere Credit Funding LLC,Ellesmere Asset Management LLC,corporate_credit
Ellesmere Specialty Asset Trust,ELLR,1726504,Ellesmere Specialty Finance LLC,ELLSF,1726487,Ellesmere Structured Capital LLC,ELLSC,1726492,Ellesmere Specialty Funding LLC,Ellesmere Specialty Finance LLC,esoteric
Fairweather Auto Receivables Trust,FRWA,1726528,Fairweather Auto Finance LLC,FRWAF,1726511,Fairweather Capital Markets LLC,FRWCM,1726516,Fairweather Auto Receivables Depositor LLC,Fairweather Auto Finance LLC,auto
Fairweather Credit Card Master Trust,FRWC,1726552,Fairweather Card Services LLC,FRWCS,1726535,Fairweather Payments Holdings LLC,FRWPH,1726540,Fairweather Card Funding LLC,Fairweather Card Services LLC,card
Fairweather Consumer Loan Trust,FRWU,1726576,Fairweather Consumer Finance LLC,FRWCF,1726559,Fairweather Consumer Capital LLC,FRWCC,1726564,Fairweather Consumer Receivables Depositor LLC,Fairweather Consumer Finance LLC,consumer
Fairweather Student Loan Trust,FRWS,1726600,Fairweather Student Lending LLC,FRWSL,1726583,Fairweather Education Capital LLC,FRWEC,1726588,Fairweather Student Funding LLC,Fairweather Student Lending LLC,student
Fairweather Equipment Lease Trust,FRWE,1726624,Fairweather Equipment Finance LLC,FRWEF,1726607,Fairweather Leasing Holdings LLC,FRWLH,1726612,Fairweather Equipment Receivables Depositor LLC,Fairweather Equipment Finance LLC,equipment
Fairweather Mortgage Trust,FRWM,1726648,Fairweather Mortgage Company LLC,FRWMC,1726631,Fairweather Residential Capital LLC,FRWRC,1726636,Fairweather Mortgage Depositor LLC,Midland Loan Services,mortgage
Fairweather Commercial Mortgage Trust,FRWK,1726672,Fairweather Commercial Realty Capital LLC,FRWRE,1726655,Fairweather Commercial Capital LLC,FRWKC,1726660,Fairweather Commercial Mortgage Depositor LLC,Fairweather Commercial Realty Capital LLC,commercial
Fairweather Corporate Credit Trust,FRWP,1726696,Fairweather Asset Management LLC,FRWAM,1726679,Fairweather Credit Partners LLC,FRWCP,1726684,Fairweather Credit Funding LLC,Fairweather Asset Management LLC,corporate_credit
Fairweather Specialty Asset Trust,FRWR,1726720,Fairweather Specialty Finance LLC,FRWSF,1726703,Fairweather Structured Capital LLC,FRWSC,1726708,Fairweather Specialty Funding LLC,Fairweather Specialty Finance LLC,esoteric
Garrison Auto Receivables Trust,GARA,1726744,Garrison Auto Finance LLC,GARAF,1726727,Garrison Capital Markets LLC,GARCM,1726732,Garrison Auto Receivables Depositor LLC,Garrison Auto Finance LLC,auto
Garrison Credit Card Master Trust,GARC,1726768,Garrison Card Services LLC,GARCS,1726751,Garrison Payments Holdings LLC,GARPH,1726756,Garrison Card Funding LLC,Garrison Card Services LLC,card
Garrison Consumer Loan Trust,GARU,1726792,Garrison Consumer Finance LLC,GARCF,1726775,Garrison Consumer Capital LLC,GARCC,1726780,Garrison Consumer Receivables Depositor LLC,Garrison Consumer Finance LLC,consumer
Garrison Student Loan Trust,GARS,1726816,Garrison Student Lending LLC,GARSL,1726799,Garrison Education Capital LLC,GAREC,1726804,Garrison Student Funding LLC,Garrison Student Lending LLC,student
Garrison Equipment Lease Trust,GARE,1726840,Garrison Equipment Finance LLC,GAREF,1726823,Garrison Leasing Holdings LLC,GARLH,1726828,Garrison Equipment Receivables Depositor LLC,Garrison Equipment Finance LLC,equipment
Garrison Mortgage Trust,GARM,1726864,Garrison Mortgage Company LLC,GARMC,1726847,Garrison Residential Capital LLC,GARRC,1726852,Garrison Mortgage Depositor LLC,Garrison Mortgage Company LLC,mortgage
Garrison Commercial Mortgage Trust,GARK,1726888,Garrison Commercial Realty Capital LLC,GARRE,1726871,Garrison Commercial Capital LLC,GARKC,1726876,Garrison Commercial Mortgage Depositor LLC,Shellpoint Mortgage Servicing,commercial
Garrison Corporate Credit Trust,GARP,1726912,Garrison Asset Management LLC,GARAM,1726895,Garrison Credit Partners LLC,GARCP,1726900,Garrison Credit Funding LLC,Garrison Asset Management LLC,corporate_credit
Garrison Specialty Asset Trust,GARR,1726936,Garrison Specialty Finance LLC,GARSF,1726919,Garrison Structured Capital LLC,GARSC,1726924,Garrison Specialty Funding LLC,Garrison Specialty Finance LLC,esoteric
Hexham Auto Receivables Trust,HEXA,1726960,Hexham Auto Finance LLC,HEXAF,1726943,Hexham Capital Markets LLC,HEXCM,1726948,Hexham Auto Receivables Depositor LLC,Hexham Auto Finance LLC,auto
Hexham Credit Card Master Trust,HEXC,1726984,Hexham Card Services LLC,HEXCS,1726967,Hexham Payments Holdings LLC,HEXPH,1726972,Hexham Card Funding LLC,Hexham Card Services LLC,card
Hexham Consumer Loan Trust,HEXU,1727008,Hexham Consumer Finance LLC,HEXCF,1726991,Hexham Consumer Capital LLC,HEXCC,1726996,Hexham Consumer Receivables Depositor LLC,Hexham Consumer Finance LLC,consumer
Hexham Student Loan Trust,HEXS,1727032,Hexham Student Lending LLC,HEXSL,1727015,Hexham Education Capital LLC,HEXEC,1727020,Hexham Student Funding LLC,Hexham Student Lending LLC,student
Hexham Equipment Lease Trust,HEXE,1727056,Hexham Equipment Finance LLC,HEXEF,1727039,Hexham Leasing Holdings LLC,HEXLH,1727044,Hexham Equipment Receivables Depositor LLC,Hexham Equipment Finance LLC,equipment
Hexham Mortgage Trust,HEXM,1727080,Hexham Mortgage Company LLC,HEXMC,1727063,Hexham Residential Capital LLC,HEXRC,1727068,Hexham Mortgage Depositor LLC,Hexham Mortgage Company LLC,mortgage
Hexham Commercial Mortgage Trust,HEXK,1727104,Hexham Commercial Realty Capital LLC,HEXRE,1727087,Hexham Commercial Capital LLC,HEXKC,1727092,Hexham Commercial Mortgage Depositor LLC,Hexham Commercial Realty Capital LLC,commercial
Hexham Corporate Credit Trust,HEXP,1727128,Hexham Asset Management LLC,HEXAM,1727111,Hexham Credit Partners LLC,HEXCP,1727116,Hexham Credit Funding LLC,"Select Portfolio Servicing, Inc.",corporate_credit
Hexham Specialty Asset Trust,HEXR,1727152,Hexham Specialty Finance LLC,HEXSF,1727135,Hexham Structured Capital LLC,HEXSC,1727140,Hexham Specialty Funding LLC,Hexham Specialty Finance LLC,esoteric
Ilkley Auto Receivables Trust,ILKA,1727176,Ilkley Auto Finance LLC,ILKAF,1727159,Ilkley Capital Markets LLC,ILKCM,1727164,Ilkley Auto Receivables Depositor LLC,Ilkley Auto Finance LLC,auto
Ilkley Credit Card Master Trust,ILKC,1727200,Ilkley Card Services LLC,ILKCS,1727183,Ilkley Payments Holdings LLC,ILKPH,1727188,Ilkley Card Funding LLC,Ilkley Card Services LLC,card
Ilkley Consumer Loan Trust,ILKU,1727224,Ilkley Consumer Finance LLC,ILKCF,1727207,Ilkley Consumer Capital LLC,ILKCC,1727212,Ilkley Consumer Receivables Depositor LLC,Ilkley Consumer Finance LLC,consumer
Ilkley Student Loan Trust,ILKS,1727248,Ilkley Student Lending LLC,ILKSL,1727231,Ilkley Education Capital LLC,ILKEC,1727236,Ilkley Student Funding LLC,Ilkley Student Lending LLC,student
Ilkley Equipment Lease Trust,ILKE,1727272,Ilkley Equipment Finance LLC,ILKEF,1727255,Ilkley Leasing Holdings LLC,ILKLH,1727260,Ilkley Equipment Receivables Depositor LLC,Ilkley Equipment Finance LLC,equipment
Ilkley Mortgage Trust,ILKM,1727296,Ilkley Mortgage Company LLC,ILKMC,1727279,Ilkley Residential Capital LLC,ILKRC,1727284,Ilkley Mortgage Depositor LLC,Ilkley Mortgage Company LLC,mortgage
Ilkley Commercial Mortgage Trust,ILKK,1727320,Ilkley Commercial Realty Capital LLC,ILKRE,1727303,Ilkley Commercial Capital LLC,ILKKC,1727308,Ilkley Commercial Mortgage Depositor LLC,Ilkley Commercial Realty Capital LLC,commercial
Ilkley Corporate Credit Trust,ILKP,1727344,Ilkley Asset Management LLC,ILKAM,1727327,Ilkley Credit Partners LLC,ILKCP,1727332,Ilkley Credit Funding LLC,Ilkley Asset Management LLC,corporate_credit
Ilkley Specialty Asset Trust,ILKR,1727368,Ilkley Specialty Finance LLC,ILKSF,1727351,Ilkley Structured Capital LLC,ILKSC,1727356,Ilkley Specialty Funding LLC,KeyBank Real Estate Capital,esoteric
Jedburgh Auto Receivables Trust,JEDA,1727392,Jedburgh Auto Finance LLC,JEDAF,1727375,Jedburgh Capital Markets LLC,JEDCM,1727380,Jedburgh Auto Receivables Depositor LLC,Jedburgh Auto Finance LLC,auto
Jedburgh Credit Card Master Trust,JEDC,1727416,Jedburgh Card Services LLC,JEDCS,1727399,Jedburgh Payments Holdings LLC,JEDPH,1727404,Jedburgh Card Funding LLC,Jedburgh Card Services LLC,card
Jedburgh Consumer Loan Trust,JEDU,1727440,Jedburgh Consumer Finance LLC,JEDCF,1727423,Jedburgh Consumer Capital LLC,JEDCC,1727428,Jedburgh Consumer Receivables Depositor LLC,Jedburgh Consumer Finance LLC,consumer
Jedburgh Student Loan Trust,JEDS,1727464,Jedburgh Student Lending LLC,JEDSL,1727447,Jedburgh Education Capital LLC,JEDEC,1727452,Jedburgh Student Funding LLC,Jedburgh Student Lending LLC,student
Jedburgh Equipment Lease Trust,JEDE,1727488,Jedburgh Equipment Finance LLC,JEDEF,1727471,Jedburgh Leasing Holdings LLC,JEDLH,1727476,Jedburgh Equipment Receivables Depositor LLC,Jedburgh Equipment Finance LLC,equipment
Jedburgh Mortgage Trust,JEDM,1727512,Jedburgh Mortgage Company LLC,JEDMC,1727495,Jedburgh Residential Capital LLC,JEDRC,1727500,Jedburgh Mortgage Depositor LLC,Jedburgh Mortgage Company LLC,mortgage
Jedburgh Commercial Mortgage Trust,JEDK,1727536,Jedburgh Commercial Realty Capital LLC,JEDRE,1727519,Jedburgh Commercial Capital LLC,JEDKC,1727524,Jedburgh Commercial Mortgage Depositor LLC,Jedburgh Commercial Realty Capital LLC,commercial
Jedburgh Corporate Credit Trust,JEDP,1727560,Jedburgh Asset Management LLC,JEDAM,1727543,Jedburgh Credit Partners LLC,JEDCP,1727548,Jedburgh Credit Funding LLC,Jedburgh Asset Management LLC,corporate_credit
Jedburgh Specialty Asset Trust,JEDR,1727584,Jedburgh Specialty Finance LLC,JEDSF,1727567,Jedburgh Structured Capital LLC,JEDSC,1727572,Jedburgh Specialty Funding LLC,Jedburgh Specialty Finance LLC,esoteric
Kenmore Auto Receivables Trust,KNMA,1727608,Kenmore Auto Finance LLC,KNMAF,1727591,Kenmore Capital Markets LLC,KNMCM,1727596,Kenmore Auto Receivables Depositor LLC,"Select Portfolio Servicing, Inc.",auto
Kenmore Credit Card Master Trust,KNMC,1727632,Kenmore Card Services LLC,KNMCS,1727615,Kenmore Payments Holdings LLC,KNMPH,1727620,Kenmore Card Funding LLC,Kenmore Card Services LLC,card
Kenmore Consumer Loan Trust,KNMU,1727656,Kenmore Consumer Finance LLC,KNMCF,1727639,Kenmore Consumer Capital LLC,KNMCC,1727644,Kenmore Consumer Receivables Depositor LLC,Kenmore Consumer Finance LLC,consumer
Kenmore Student Loan Trust,KNMS,1727680,Kenmore Student Lending LLC,KNMSL,1727663,Kenmore Education Capital LLC,KNMEC,1727668,Kenmore Student Funding LLC,Kenmore Student Lending LLC,student
Kenmore Equipment Lease Trust,KNME,1727704,Kenmore Equipment Finance LLC,KNMEF,1727687,Kenmore Leasing Holdings LLC,KNMLH,1727692,Kenmore Equipment Receivables Depositor LLC,Kenmore Equipment Finance LLC,equipment
Kenmore Mortgage Trust,KNMM,1727728,Kenmore Mortgage Company LLC,KNMMC,1727711,Kenmore Residential Capital LLC,KNMRC,1727716,Kenmore Mortgage Depositor LLC,Kenmore Mortgage Company LLC,mortgage
Kenmore Commercial Mortgage Trust,KNMK,1727752,Kenmore Commercial Realty Capital LLC,KNMRE,1727735,Kenmore Commercial Capital LLC,KNMKC,1727740,Kenmore Commercial Mortgage Depositor LLC,Kenmore Commercial Realty Capital LLC,commercial
Kenmore Corporate Credit Trust,KNMP,1727776,Kenmore Asset Management LLC,KNMAM,1727759,Kenmore Credit Partners LLC,KNMCP,1727764,Kenmore Credit Funding LLC,Kenmore Asset Management LLC,corporate_credit
Kenmore Specialty Asset Trust,KNMR,1727800,Kenmore Specialty Finance LLC,KNMSF,1727783,Kenmore Structured Capital LLC,KNMSC,1727788,Kenmore Specialty Funding LLC,Kenmore Specialty Finance LLC,esoteric
Lancaster Auto Receivables Trust,LANA,1727824,Lancaster Auto Finance LLC,LANAF,1727807,Lancaster Capital Markets LLC,LANCM,1727812,Lancaster Auto Receivables Depositor LLC,Lancaster Auto Finance LLC,auto
Lancaster Credit Card Master Trust,LANC,1727848,Lancaster Card Services LLC,LANCS,1727831,Lancaster Payments Holdings LLC,LANPH,1727836,Lancaster Card Funding LLC,Vervent Inc.,card
Lancaster Consumer Loan Trust,LANU,1727872,Lancaster Consumer Finance LLC,LANCF,1727855,Lancaster Consumer Capital LLC,LANCC,1727860,Lancaster Consumer Receivables Depositor LLC,Lancaster Consumer Finance LLC,consumer
Lancaster Student Loan Trust,LANS,1727896,Lancaster Student Lending LLC,LANSL,1727879,Lancaster Education Capital LLC,LANEC,1727884,Lancaster Student Funding LLC,Lancaster Student Lending LLC,student
Lancaster Equipment Lease Trust,LANE,1727920,Lancaster Equipment Finance LLC,LANEF,1727903,Lancaster Leasing Holdings LLC,LANLH,1727908,Lancaster Equipment Receivables Depositor LLC,Lancaster Equipment Finance LLC,equipment
Lancaster Mortgage Trust,LANM,1727944,Lancaster Mortgage Company LLC,LANMC,1727927,Lancaster Residential Capital LLC,LANRC,1727932,Lancaster Mortgage Depositor LLC,Lancaster Mortgage Company LLC,mortgage
Lancaster Commercial Mortgage Trust,LANK,1727968,Lancaster Commercial Realty Capital LLC,LANRE,1727951,Lancaster Commercial Capital LLC,LANKC,1727956,Lancaster Commercial Mortgage Depositor LLC,Lancaster Commercial Realty Capital LLC,commercial
Lancaster Corporate Credit Trust,LANP,1727992,Lancaster Asset Management LLC,LANAM,1727975,Lancaster Credit Partners LLC,LANCP,1727980,Lancaster Credit Funding LLC,Lancaster Asset Management LLC,corporate_credit
Lancaster Specialty Asset Trust,LANR,1728016,Lancaster Specialty Finance LLC,LANSF,1727999,Lancaster Structured Capital LLC,LANSC,1728004,Lancaster Specialty Funding LLC,Lancaster Specialty Finance LLC,esoteric
Marlowe Auto Receivables Trust,MRLA,1728040,Marlowe Auto Finance LLC,MRLAF,1728023,Marlowe Capital Markets LLC,MRLCM,1728028,Marlowe Auto Receivables Depositor LLC,Marlowe Auto Finance LLC,auto
Marlowe Credit Card Master Trust,MRLC,1728064,Marlowe Card Services LLC,MRLCS,1728047,Marlowe Payments Holdings LLC,MRLPH,1728052,Marlowe Card Funding LLC,Marlowe Card Services LLC,card
Marlowe Consumer Loan Trust,MRLU,1728088,Marlowe Consumer Finance LLC,MRLCF,1728071,Marlowe Consumer Capital LLC,MRLCC,1728076,Marlowe Consumer Receivables Depositor LLC,"Select Portfolio Servicing, Inc.",consumer
Marlowe Student Loan Trust,MRLS,1728112,Marlowe Student Lending LLC,MRLSL,1728095,Marlowe Education Capital LLC,MRLEC,1728100,Marlowe Student Funding LLC,Marlowe Student Lending LLC,student
Marlowe Equipment Lease Trust,MRLE,1728136,Marlowe Equipment Finance LLC,MRLEF,1728119,Marlowe Leasing Holdings LLC,MRLLH,1728124,Marlowe Equipment Receivables Depositor LLC,Marlowe Equipment Finance LLC,equipment
Marlowe Mortgage Trust,MRLM,1728160,Marlowe Mortgage Company LLC,MRLMC,1728143,Marlowe Residential Capital LLC,MRLRC,1728148,Marlowe Mortgage Depositor LLC,Marlowe Mortgage Company LLC,mortgage
Marlowe Commercial Mortgage Trust,MRLK,1728184,Marlowe Commercial Realty Capital LLC,MRLRE,1728167,Marlowe Commercial Capital LLC,MRLKC,1728172,Marlowe Commercial Mortgage Depositor LLC,Marlowe Commercial Realty Capital LLC,commercial
Marlowe Corporate Credit Trust,MRLP,1728208,Marlowe Asset Management LLC,MRLAM,1728191,Marlowe Credit Partners LLC,MRLCP,1728196,Marlowe Credit Funding LLC,Marlowe Asset Management LLC,corporate_credit
Marlowe Specialty Asset Trust,MRLR,1728232,Marlowe Specialty Finance LLC,MRLSF,1728215,Marlowe Structured Capital LLC,MRLSC,1728220,Marlowe Specialty Funding LLC,Marlowe Specialty Finance LLC,esoteric
Northfield Auto Receivables Trust,NTHA,1728256,Northfield Auto Finance LLC,NTHAF,1728239,Northfield Capital Markets LLC,NTHCM,1728244,Northfield Auto Receivables Depositor LLC,Northfield Auto Finance LLC,auto
Northfield Credit Card Master Trust,NTHC,1728280,Northfield Card Services LLC,NTHCS,1728263,Northfield Payments Holdings LLC,NTHPH,1728268,Northfield Card Funding LLC,Northfield Card Services LLC,card
Northfield Consumer Loan Trust,NTHU,1728304,Northfield Consumer Finance LLC,NTHCF,1728287,Northfield Consumer Capital LLC,NTHCC,1728292,Northfield Consumer Receivables Depositor LLC,Northfield Consumer Finance LLC,consumer
Northfield Student Loan Trust,NTHS,1728328,Northfield Student Lending LLC,NTHSL,1728311,Northfield Education Capital LLC,NTHEC,1728316,Northfield Student Funding LLC,Wells Fargo Commercial Mortgage Servicing,student
Northfield Equipment Lease Trust,NTHE,1728352,Northfield Equipment Finance LLC,NTHEF,1728335,Northfield Leasing Holdings LLC,NTHLH,1728340,Northfield Equipment Receivables Depositor LLC,Northfield Equipment Finance LLC,equipment
Northfield Mortgage Trust,NTHM,1728376,Northfield Mortgage Company LLC,NTHMC,1728359,Northfield Residential Capital LLC,NTHRC,1728364,Northfield Mortgage Depositor LLC,Northfield Mortgage Company LLC,mortgage
Northfield Commercial Mortgage Trust,NTHK,1728400,Northfield Commercial Realty Capital LLC,NTHRE,1728383,Northfield Commercial Capital LLC,NTHKC,1728388,Northfield Commercial Mortgage Depositor LLC,Northfield Commercial Realty Capital LLC,commercial
Northfield Corporate Credit Trust,NTHP,1728424,Northfield Asset Management LLC,NTHAM,1728407,Northfield Credit Partners LLC,NTHCP,1728412,Northfield Credit Funding LLC,Northfield Asset Management LLC,corporate_credit
Northfield Specialty Asset Trust,NTHR,1728448,Northfield Specialty Finance LLC,NTHSF,1728431,Northfield Structured Capital LLC,NTHSC,1728436,Northfield Specialty Funding LLC,Northfield Specialty Finance LLC,esoteric
Oakmere Auto Receivables Trust,OKMA,1728472,Oakmere Auto Finance LLC,OKMAF,1728455,Oakmere Capital Markets LLC,OKMCM,1728460,Oakmere Auto Receivables Depositor LLC,Oakmere Auto Finance LLC,auto
Oakmere Credit Card Master Trust,OKMC,1728496,Oakmere Card Services LLC,OKMCS,1728479,Oakmere Payments Holdings LLC,OKMPH,1728484,Oakmere Card Funding LLC,Oakmere Card Services LLC,card
Oakmere Consumer Loan Trust,OKMU,1728520,Oakmere Consumer Finance LLC,OKMCF,1728503,Oakmere Consumer Capital LLC,OKMCC,1728508,Oakmere Consumer Receivables Depositor LLC,Oakmere Consumer Finance LLC,consumer
Oakmere Student Loan Trust,OKMS,1728544,Oakmere Student Lending LLC,OKMSL,1728527,Oakmere Education Capital LLC,OKMEC,1728532,Oakmere Student Funding LLC,Oakmere Student Lending LLC,student
Oakmere Equipment Lease Trust,OKME,1728568,Oakmere Equipment Finance LLC,OKMEF,1728551,Oakmere Leasing Holdings LLC,OKMLH,1728556,Oakmere Equipment Receivables Depositor LLC,Situs Asset Management LLC,equipment
Oakmere Mortgage Trust,OKMM,1728592,Oakmere Mortgage Company LLC,OKMMC,1728575,Oakmere Residential Capital LLC,OKMRC,1728580,Oakmere Mortgage Depositor LLC,Oakmere Mortgage Company LLC,mortgage
Oakmere Commercial Mortgage Trust,OKMK,1728616,Oakmere Commercial Realty Capital LLC,OKMRE,1728599,Oakmere Commercial Capital LLC,OKMKC,1728604,Oakmere Commercial Mortgage Depositor LLC,Oakmere Commercial Realty Capital LLC,commercial
Oakmere Corporate Credit Trust,OKMP,1728640,Oakmere Asset Management LLC,OKMAM,1728623,Oakmere Credit Partners LLC,OKMCP,1728628,Oakmere Credit Funding LLC,Oakmere Asset Management LLC,corporate_credit
Oakmere Specialty Asset Trust,OKMR,1728664,Oakmere Specialty Finance LLC,OKMSF,1728647,Oakmere Structured Capital LLC,OKMSC,1728652,Oakmere Specialty Funding LLC,Oakmere Specialty Finance LLC,esoteric
Pendleton Auto Receivables Trust,PENA,1728688,Pendleton Auto Finance LLC,PENAF,1728671,Pendleton Capital Markets LLC,PENCM,1728676,Pendleton Auto Receivables Depositor LLC,Pendleton Auto Finance LLC,auto
Pendleton Credit Card Master Trust,PENC,1728712,Pendleton Card Services LLC,PENCS,1728695,Pendleton Payments Holdings LLC,PENPH,1728700,Pendleton Card Funding LLC,Pendleton Card Services LLC,card
Pendleton Consumer Loan Trust,PENU,1728736,Pendleton Consumer Finance LLC,PENCF,1728719,Pendleton Consumer Capital LLC,PENCC,1728724,Pendleton Consumer Receivables Depositor LLC,Pendleton Consumer Finance LLC,consumer
Pendleton Student Loan Trust,PENS,1728760,Pendleton Student Lending LLC,PENSL,1728743,Pendleton Education Capital LLC,PENEC,1728748,Pendleton Student Funding LLC,Pendleton Student Lending LLC,student
Pendleton Equipment Lease Trust,PENE,1728784,Pendleton Equipment Finance LLC,PENEF,1728767,Pendleton Leasing Holdings LLC,PENLH,1728772,Pendleton Equipment Receivables Depositor LLC,Pendleton Equipment Finance LLC,equipment
Pendleton Mortgage Trust,PENM,1728808,Pendleton Mortgage Company LLC,PENMC,1728791,Pendleton Residential Capital LLC,PENRC,1728796,Pendleton Mortgage Depositor LLC,Midland Loan Services,mortgage
Pendleton Commercial Mortgage Trust,PENK,1728832,Pendleton Commercial Realty Capital LLC,PENRE,1728815,Pendleton Commercial Capital LLC,PENKC,1728820,Pendleton Commercial Mortgage Depositor LLC,Pendleton Commercial Realty Capital LLC,commercial
Pendleton Corporate Credit Trust,PENP,1728856,Pendleton Asset Management LLC,PENAM,1728839,Pendleton Credit Partners LLC,PENCP,1728844,Pendleton Credit Funding LLC,Pendleton Asset Management LLC,corporate_credit
Pendleton Specialty Asset Trust,PENR,1728880,Pendleton Specialty Finance LLC,PENSF,1728863,Pendleton Structured Capital LLC,PENSC,1728868,Pendleton Specialty Funding LLC,Pendleton Specialty Finance LLC,esoteric
Queenscliff Auto Receivables Trust,QEEA,1728904,Queenscliff Auto Finance LLC,QEEAF,1728887,Queenscliff Capital Markets LLC,QEECM,1728892,Queenscliff Auto Receivables Depositor LLC,Queenscliff Auto Finance LLC,auto
Queenscliff Credit Card Master Trust,QEEC,1728928,Queenscliff Card Services LLC,QEECS,1728911,Queenscliff Payments Holdings LLC,QEEPH,1728916,Queenscliff Card Funding LLC,Queenscliff Card Services LLC,card
Queenscliff Consumer Loan Trust,QEEU,1728952,Queenscliff Consumer Finance LLC,QEECF,1728935,Queenscliff Consumer Capital LLC,QEECC,1728940,Queenscliff Consumer Receivables Depositor LLC,Queenscliff Consumer Finance LLC,consumer
Queenscliff Student Loan Trust,QEES,1728976,Queenscliff Student Lending LLC,QEESL,1728959,Queenscliff Education Capital LLC,QEEEC,1728964,Queenscliff Student Funding LLC,Queenscliff Student Lending LLC,student
Queenscliff Equipment Lease Trust,QEEE,1729000,Queenscliff Equipment Finance LLC,QEEEF,1728983,Queenscliff Leasing Holdings LLC,QEELH,1728988,Queenscliff Equipment Receivables Depositor LLC,Queenscliff Equipment Finance LLC,equipment
Queenscliff Mortgage Trust,QEEM,1729024,Queenscliff Mortgage Company LLC,QEEMC,1729007,Queenscliff Residential Capital LLC,QEERC,1729012,Queenscliff Mortgage Depositor LLC,Queenscliff Mortgage Company LLC,mortgage
Queenscliff Commercial Mortgage Trust,QEEK,1729048,Queenscliff Commercial Realty Capital LLC,QEERE,1729031,Queenscliff Commercial Capital LLC,QEEKC,1729036,Queenscliff Commercial Mortgage Depositor LLC,KeyBank Real Estate Capital,commercial
Queenscliff Corporate Credit Trust,QEEP,1729072,Queenscliff Asset Management LLC,QEEAM,1729055,Queenscliff Credit Partners LLC,QEECP,1729060,Queenscliff Credit Funding LLC,Queenscliff Asset Management LLC,corporate_credit
Queenscliff Specialty Asset Trust,QEER,1729096,Queenscliff Specialty Finance LLC,QEESF,1729079,Queenscliff Structured Capital LLC,QEESC,1729084,Queenscliff Specialty Funding LLC,Queenscliff Specialty Finance LLC,esoteric
Rothwell Auto Receivables Trust,ROTA,1729120,Rothwell Auto Finance LLC,ROTAF,1729103,Rothwell Capital Markets LLC,ROTCM,1729108,Rothwell Auto Receivables Depositor LLC,Rothwell Auto Finance LLC,auto
Rothwell Credit Card Master Trust,ROTC,1729144,Rothwell Card Services LLC,ROTCS,1729127,Rothwell Payments Holdings LLC,ROTPH,1729132,Rothwell Card Funding LLC,Rothwell Card Services LLC,card
Rothwell Consumer Loan Trust,ROTU,1729168,Rothwell Consumer Finance LLC,ROTCF,1729151,Rothwell Consumer Capital LLC,ROTCC,1729156,Rothwell Consumer Receivables Depositor LLC,Rothwell Consumer Finance LLC,consumer
Rothwell Student Loan Trust,ROTS,1729192,Rothwell Student Lending LLC,ROTSL,1729175,Rothwell Education Capital LLC,ROTEC,1729180,Rothwell Student Funding LLC,Rothwell Student Lending LLC,student
Rothwell Equipment Lease Trust,ROTE,1729216,Rothwell Equipment Finance LLC,ROTEF,1729199,Rothwell Leasing Holdings LLC,ROTLH,1729204,Rothwell Equipment Receivables Depositor LLC,Rothwell Equipment Finance LLC,equipment
Rothwell Mortgage Trust,ROTM,1729240,Rothwell Mortgage Company LLC,ROTMC,1729223,Rothwell Residential Capital LLC,ROTRC,1729228,Rothwell Mortgage Depositor LLC,Rothwell Mortgage Company LLC,mortgage
Rothwell Commercial Mortgage Trust,ROTK,1729264,Rothwell Commercial Realty Capital LLC,ROTRE,1729247,Rothwell Commercial Capital LLC,ROTKC,1729252,Rothwell Commercial Mortgage Depositor LLC,Rothwell Commercial Realty Capital LLC,commercial
Rothwell Corporate Credit Trust,ROTP,1729288,Rothwell Asset Management LLC,ROTAM,1729271,Rothwell Credit Partners LLC,ROTCP,1729276,Rothwell Credit Funding LLC,Shellpoint Mortgage Servicing,corporate_credit
Rothwell Specialty Asset Trust,ROTR,1729312,Rothwell Specialty Finance LLC,ROTSF,1729295,Rothwell Structured Capital LLC,ROTSC,1729300,Rothwell Specialty Funding LLC,Rothwell Specialty Finance LLC,esoteric
Selkirk Auto Receivables Trust,SELA,1729336,Selkirk Auto Finance LLC,SELAF,1729319,Selkirk Capital Markets LLC,SELCM,1729324,Selkirk Auto Receivables Depositor LLC,Selkirk Auto Finance LLC,auto
Selkirk Credit Card Master Trust,SELC,1729360,Selkirk Card Services LLC,SELCS,1729343,Selkirk Payments Holdings LLC,SELPH,1729348,Selkirk Card Funding LLC,Selkirk Card Services LLC,card
Selkirk Consumer Loan Trust,SELU,1729384,Selkirk Consumer Finance LLC,SELCF,1729367,Selkirk Consumer Capital LLC,SELCC,1729372,Selkirk Consumer Receivables Depositor LLC,Selkirk Consumer Finance LLC,consumer
Selkirk Student Loan Trust,SELS,1729408,Selkirk Student Lending LLC,SELSL,1729391,Selkirk Education Capital LLC,SELEC,1729396,Selkirk Student Funding LLC,Selkirk Student Lending LLC,student
Selkirk Equipment Lease Trust,SELE,1729432,Selkirk Equipment Finance LLC,SELEF,1729415,Selkirk Leasing Holdings LLC,SELLH,1729420,Selkirk Equipment Receivables Depositor LLC,Selkirk Equipment Finance LLC,equipment
Selkirk Mortgage Trust,SELM,1729456,Selkirk Mortgage Company LLC,SELMC,1729439,Selkirk Residential Capital LLC,SELRC,1729444,Selkirk Mortgage Depositor LLC,Selkirk Mortgage Company LLC,mortgage
Selkirk Commercial Mortgage Trust,SELK,1729480,Selkirk Commercial Realty Capital LLC,SELRE,1729463,Selkirk Commercial Capital LLC,SELKC,1729468,Selkirk Commercial Mortgage Depositor LLC,Selkirk Commercial Realty Capital LLC,commercial
Selkirk Corporate Credit Trust,SELP,1729504,Selkirk Asset Management LLC,SELAM,1729487,Selkirk Credit Partners LLC,SELCP,1729492,Selkirk Credit Funding LLC,Selkirk Asset Management LLC,corporate_credit
Selkirk Specialty Asset Trust,SELR,1729528,Selkirk Specialty Finance LLC,SELSF,1729511,Selkirk Structured Capital LLC,SELSC,1729516,Selkirk Specialty Funding LLC,Shellpoint Mortgage Servicing,esoteric
Tregarth Auto Receivables Trust,TEGA,1729552,Tregarth Auto Finance LLC,TEGAF,1729535,Tregarth Capital Markets LLC,TEGCM,1729540,Tregarth Auto Receivables Depositor LLC,Tregarth Auto Finance LLC,auto
Tregarth Credit Card Master Trust,TEGC,1729576,Tregarth Card Services LLC,TEGCS,1729559,Tregarth Payments Holdings LLC,TEGPH,1729564,Tregarth Card Funding LLC,Tregarth Card Services LLC,card
Tregarth Consumer Loan Trust,TEGU,1729600,Tregarth Consumer Finance LLC,TEGCF,1729583,Tregarth Consumer Capital LLC,TEGCC,1729588,Tregarth Consumer Receivables Depositor LLC,Tregarth Consumer Finance LLC,consumer
Tregarth Student Loan Trust,TEGS,1729624,Tregarth Student Lending LLC,TEGSL,1729607,Tregarth Education Capital LLC,TEGEC,1729612,Tregarth Student Funding LLC,Tregarth Student Lending LLC,student
Tregarth Equipment Lease Trust,TEGE,1729648,Tregarth Equipment Finance LLC,TEGEF,1729631,Tregarth Leasing Holdings LLC,TEGLH,1729636,Tregarth Equipment Receivables Depositor LLC,Tregarth Equipment Finance LLC,equipment
Tregarth Mortgage Trust,TEGM,1729672,Tregarth Mortgage Company LLC,TEGMC,1729655,Tregarth Residential Capital LLC,TEGRC,1729660,Tregarth Mortgage Depositor LLC,Tregarth Mortgage Company LLC,mortgage
Tregarth Commercial Mortgage Trust,TEGK,1729696,Tregarth Commercial Realty Capital LLC,TEGRE,1729679,Tregarth Commercial Capital LLC,TEGKC,1729684,Tregarth Commercial Mortgage Depositor LLC,Tregarth Commercial Realty Capital LLC,commercial
Tregarth Corporate Credit Trust,TEGP,1729720,Tregarth Asset Management LLC,TEGAM,1729703,Tregarth Credit Partners LLC,TEGCP,1729708,Tregarth Credit Funding LLC,Tregarth Asset Management LLC,corporate_credit
Tregarth Specialty Asset Trust,TEGR,1729744,Tregarth Specialty Finance LLC,TEGSF,1729727,Tregarth Structured Capital LLC,TEGSC,1729732,Tregarth Specialty Funding LLC,Tregarth Specialty Finance LLC,esoteric
Ulverston Auto Receivables Trust,ULVA,1729768,Ulverston Auto Finance LLC,ULVAF,1729751,Ulverston Capital Markets LLC,ULVCM,1729756,Ulverston Auto Receivables Depositor LLC,"Select Portfolio Servicing, Inc.",auto
Ulverston Credit Card Master Trust,ULVC,1729792,Ulverston Card Services LLC,ULVCS,1729775,Ulverston Payments Holdings LLC,ULVPH,1729780,Ulverston Card Funding LLC,Ulverston Card Services LLC,card
Ulverston Consumer Loan Trust,ULVU,1729816,Ulverston Consumer Finance LLC,ULVCF,1729799,Ulverston Consumer Capital LLC,ULVCC,1729804,Ulverston Consumer Receivables Depositor LLC,Ulverston Consumer Finance LLC,consumer
Ulverston Student Loan Trust,ULVS,1729840,Ulverston Student Lending LLC,ULVSL,1729823,Ulverston Education Capital LLC,ULVEC,1729828,Ulverston Student Funding LLC,Ulverston Student Lending LLC,student
Ulverston Equipment Lease Trust,ULVE,1729864,Ulverston Equipment Finance LLC,ULVEF,1729847,Ulverston Leasing Holdings LLC,ULVLH,1729852,Ulverston Equipment Receivables Depositor LLC,Ulverston Equipment Finance LLC,equipment
Ulverston Mortgage Trust,ULVM,1729888,Ulverston Mortgage Company LLC,ULVMC,1729871,Ulverston Residential Capital LLC,ULVRC,1729876,Ulverston Mortgage Depositor LLC,Ulverston Mortgage Company LLC,mortgage
Ulverston Commercial Mortgage Trust,ULVK,1729912,Ulverston Commercial Realty Capital LLC,ULVRE,1729895,Ulverston Commercial Capital LLC,ULVKC,1729900,Ulverston Commercial Mortgage Depositor LLC,Ulverston Commercial Realty Capital LLC,commercial
Ulverston Corporate Credit Trust,ULVP,1729936,Ulverston Asset Management LLC,ULVAM,1729919,Ulverston Credit Partners LLC,ULVCP,1729924,Ulverston Credit Funding LLC,Ulverston Asset Management LLC,corporate_credit
Ulverston Specialty Asset Trust,ULVR,1729960,Ulverston Specialty Finance LLC,ULVSF,1729943,Ulverston Structured Capital LLC,ULVSC,1729948,Ulverston Specialty Funding LLC,Ulverston Specialty Finance LLC,esoteric
Verwood Auto Receivables Trust,VRWA,1729984,Verwood Auto Finance LLC,VRWAF,1729967,Verwood Capital Markets LLC,VRWCM,1729972,Verwood Auto Receivables Depositor LLC,Verwood Auto Finance LLC,auto
Verwood Credit Card Master Trust,VRWC,1730008,Verwood Card Services LLC,VRWCS,1729991,Verwood Payments Holdings LLC,VRWPH,1729996,Verwood Card Funding LLC,Rushmore Loan Management Services LLC,card
Verwood Consumer Loan Trust,VRWU,1730032,Verwood Consumer Finance LLC,VRWCF,1730015,Verwood Consumer Capital LLC,VRWCC,1730020,Verwood Consumer Receivables Depositor LLC,Verwood Consumer Finance LLC,consumer
Verwood Student Loan Trust,VRWS,1730056,Verwood Student Lending LLC,VRWSL,1730039,Verwood Education Capital LLC,VRWEC,1730044,Verwood Student Funding LLC,Verwood Student Lending LLC,student
Verwood Equipment Lease Trust,VRWE,1730080,Verwood Equipment Finance LLC,VRWEF,1730063,Verwood Leasing Holdings LLC,VRWLH,1730068,Verwood Equipment Receivables Depositor LLC,Verwood Equipment Finance LLC,equipment
Verwood Mortgage Trust,VRWM,1730104,Verwood Mortgage Company LLC,VRWMC,1730087,Verwood Residential Capital LLC,VRWRC,1730092,Verwood Mortgage Depositor LLC,Verwood Mortgage Company LLC,mortgage
Verwood Commercial Mortgage Trust,VRWK,1730128,Verwood Commercial Realty Capital LLC,VRWRE,1730111,Verwood Commercial Capital LLC,VRWKC,1730116,Verwood Commercial Mortgage Depositor LLC,Verwood Commercial Realty Capital LLC,commercial
Verwood Corporate Credit Trust,VRWP,1730152,Verwood Asset Management LLC,VRWAM,1730135,Verwood Credit Partners LLC,VRWCP,1730140,Verwood Credit Funding LLC,Verwood Asset Management LLC,corporate_credit
Verwood Specialty Asset Trust,VRWR,1730176,Verwood Specialty Finance LLC,VRWSF,1730159,Verwood Structured Capital LLC,VRWSC,1730164,Verwood Specialty Funding LLC,Verwood Specialty Finance LLC,esoteric
Wexford Auto Receivables Trust,WEXA,1730200,Wexford Auto Finance LLC,WEXAF,1730183,Wexford Capital Markets LLC,WEXCM,1730188,Wexford Auto Receivables Depositor LLC,Wexford Auto Finance LLC,auto
Wexford Credit Card Master Trust,WEXC,1730224,Wexford Card Services LLC,WEXCS,1730207,Wexford Payments Holdings LLC,WEXPH,1730212,Wexford Card Funding LLC,Wexford Card Services LLC,card
Wexford Consumer Loan Trust,WEXU,1730248,Wexford Consumer Finance LLC,WEXCF,1730231,Wexford Consumer Capital LLC,WEXCC,1730236,Wexford Consumer Receivables Depositor LLC,Situs Asset Management LLC,consumer
Wexford Student Loan Trust,WEXS,1730272,Wexford Student Lending LLC,WEXSL,1730255,Wexford Education Capital LLC,WEXEC,1730260,Wexford Student Funding LLC,Wexford Student Lending LLC,student
Wexford Equipment Lease Trust,WEXE,1730296,Wexford Equipment Finance LLC,WEXEF,1730279,Wexford Leasing Holdings LLC,WEXLH,1730284,Wexford Equipment Receivables Depositor LLC,Wexford Equipment Finance LLC,equipment
Wexford Mortgage Trust,WEXM,1730320,Wexford Mortgage Company LLC,WEXMC,1730303,Wexford Residential Capital LLC,WEXRC,1730308,Wexford Mortgage Depositor LLC,Wexford Mortgage Company LLC,mortgage
Wexford Commercial Mortgage Trust,WEXK,1730344,Wexford Commercial Realty Capital LLC,WEXRE,1730327,Wexford Commercial Capital LLC,WEXKC,1730332,Wexford Commercial Mortgage Depositor LLC,Wexford Commercial Realty Capital LLC,commercial
Wexford Corporate Credit Trust,WEXP,1730368,Wexford Asset Management LLC,WEXAM,1730351,Wexford Credit Partners LLC,WEXCP,1730356,Wexford Credit Funding LLC,Wexford Asset Management LLC,corporate_credit
Wexford Specialty Asset Trust,WEXR,1730392,Wexford Specialty Finance LLC,WEXSF,1730375,Wexford Structured Capital LLC,WEXSC,1730380,Wexford Specialty Funding LLC,Wexford Specialty Finance LLC,esoteric
Aldridge Auto Receivables Trust,ADRA,1730416,Aldridge Auto Finance LLC,ADRAF,1730399,Aldridge Capital Markets LLC,ADRCM,1730404,Aldridge Auto Receivables Depositor LLC,Aldridge Auto Finance LLC,auto
Aldridge Credit Card Master Trust,ADRC,1730440,Aldridge Card Services LLC,ADRCS,1730423,Aldridge Payments Holdings LLC,ADRPH,1730428,Aldridge Card Funding LLC,Aldridge Card Services LLC,card
Aldridge Consumer Loan Trust,ADRU,1730464,Aldridge Consumer Finance LLC,ADRCF,1730447,Aldridge Consumer Capital LLC,ADRCC,1730452,Aldridge Consumer Receivables Depositor LLC,Aldridge Consumer Finance LLC,consumer
Aldridge Student Loan Trust,ADRS,1730488,Aldridge Student Lending LLC,ADRSL,1730471,Aldridge Education Capital LLC,ADREC,1730476,Aldridge Student Funding LLC,Cenlar FSB,student
Aldridge Equipment Lease Trust,ADRE,1730512,Aldridge Equipment Finance LLC,ADREF,1730495,Aldridge Leasing Holdings LLC,ADRLH,1730500,Aldridge Equipment Receivables Depositor LLC,Aldridge Equipment Finance LLC,equipment
Aldridge Mortgage Trust,ADRM,1730536,Aldridge Mortgage Company LLC,ADRMC,1730519,Aldridge Residential Capital LLC,ADRRC,1730524,Aldridge Mortgage Depositor LLC,Aldridge Mortgage Company LLC,mortgage
Aldridge Commercial Mortgage Trust,ADRK,1730560,Aldridge Commercial Realty Capital LLC,ADRRE,1730543,Aldridge Commercial Capital LLC,ADRKC,1730548,Aldridge Commercial Mortgage Depositor LLC,Aldridge Commercial Realty Capital LLC,commercial
Aldridge Corporate Credit Trust,ADRP,1730584,Aldridge Asset Management LLC,ADRAM,1730567,Aldridge Credit Partners LLC,ADRCP,1730572,Aldridge Credit Funding LLC,Aldridge Asset Management LLC,corporate_credit
Aldridge Specialty Asset Trust,ADRR,1730608,Aldridge Specialty Finance LLC,ADRSF,1730591,Aldridge Structured Capital LLC,ADRSC,1730596,Aldridge Specialty Funding LLC,Aldridge Specialty Finance LLC,esoteric
Bramwell Auto Receivables Trust,BAMA,1730632,Bramwell Auto Finance LLC,BAMAF,1730615,Bramwell Capital Markets LLC,BAMCM,1730620,Bramwell Auto Receivables Depositor LLC,Bramwell Auto Finance LLC,auto
Bramwell Credit Card Master Trust,BAMC,1730656,Bramwell Card Services LLC,BAMCS,1730639,Bramwell Payments Holdings LLC,BAMPH,1730644,Bramwell Card Funding LLC,Bramwell Card Services LLC,card
Bramwell Consumer Loan Trust,BAMU,1730680,Bramwell Consumer Finance LLC,BAMCF,1730663,Bramwell Consumer Capital LLC,BAMCC,1730668,Bramwell Consumer Receivables Depositor LLC,Bramwell Consumer Finance LLC,consumer
Bramwell Student Loan Trust,BAMS,1730704,Bramwell Student Lending LLC,BAMSL,1730687,Bramwell Education Capital LLC,BAMEC,1730692,Bramwell Student Funding LLC,Bramwell Student Lending LLC,student
Bramwell Equipment Lease Trust,BAME,1730728,Bramwell Equipment Finance LLC,BAMEF,1730711,Bramwell Leasing Holdings LLC,BAMLH,1730716,Bramwell Equipment Receivables Depositor LLC,KeyBank Real Estate Capital,equipment
Bramwell Mortgage Trust,BAMM,1730752,Bramwell Mortgage Company LLC,BAMMC,1730735,Bramwell Residential Capital LLC,BAMRC,1730740,Bramwell Mortgage Depositor LLC,Bramwell Mortgage Company LLC,mortgage
Bramwell Commercial Mortgage Trust,BAMK,1730776,Bramwell Commercial Realty Capital LLC,BAMRE,1730759,Bramwell Commercial Capital LLC,BAMKC,1730764,Bramwell Commercial Mortgage Depositor LLC,Bramwell Commercial Realty Capital LLC,commercial
Bramwell Corporate Credit Trust,BAMP,1730800,Bramwell Asset Management LLC,BAMAM,1730783,Bramwell Credit Partners LLC,BAMCP,1730788,Bramwell Credit Funding LLC,Bramwell Asset Management LLC,corporate_credit
Bramwell Specialty Asset Trust,BAMR,1730824,Bramwell Specialty Finance LLC,BAMSF,1730807,Bramwell Structured Capital LLC,BAMSC,1730812,Bramwell Specialty Funding LLC,Bramwell Specialty Finance LLC,esoteric
Cranleigh Auto Receivables Trust,CRAA,1730848,Cranleigh Auto Finance LLC,CRAAF,1730831,Cranleigh Capital Markets LLC,CRACM,1730836,Cranleigh Auto Receivables Depositor LLC,Cranleigh Auto Finance LLC,auto
Cranleigh Credit Card Master Trust,CRAC,1730872,Cranleigh Card Services LLC,CRACS,1730855,Cranleigh Payments Holdings LLC,CRAPH,1730860,Cranleigh Card Funding LLC,Cranleigh Card Services LLC,card
Cranleigh Consumer Loan Trust,CRAU,1730896,Cranleigh Consumer Finance LLC,CRACF,1730879,Cranleigh Consumer Capital LLC,CRACC,1730884,Cranleigh Consumer Receivables Depositor LLC,Cranleigh Consumer Finance LLC,consumer
Cranleigh Student Loan Trust,CRAS,1730920,Cranleigh Student Lending LLC,CRASL,1730903,Cranleigh Education Capital LLC,CRAEC,1730908,Cranleigh Student Funding LLC,Cranleigh Student Lending LLC,student
Cranleigh Equipment Lease Trust,CRAE,1730944,Cranleigh Equipment Finance LLC,CRAEF,1730927,Cranleigh Leasing Holdings LLC,CRALH,1730932,Cranleigh Equipment Receivables Depositor LLC,Cranleigh Equipment Finance LLC,equipment
Cranleigh Mortgage Trust,CRAM,1730968,Cranleigh Mortgage Company LLC,CRAMC,1730951,Cranleigh Residential Capital LLC,CRARC,1730956,Cranleigh Mortgage Depositor LLC,Statebridge Company LLC,mortgage
Cranleigh Commercial Mortgage Trust,CRAK,1730992,Cranleigh Commercial Realty Capital LLC,CRARE,1730975,Cranleigh Commercial Capital LLC,CRAKC,1730980,Cranleigh Commercial Mortgage Depositor LLC,Cranleigh Commercial Realty Capital LLC,commercial
Cranleigh Corporate Credit Trust,CRAP,1731016,Cranleigh Asset Management LLC,CRAAM,1730999,Cranleigh Credit Partners LLC,CRACP,1731004,Cranleigh Credit Funding LLC,Cranleigh Asset Management LLC,corporate_credit
Cranleigh Specialty Asset Trust,CRAR,1731040,Cranleigh Specialty Finance LLC,CRASF,1731023,Cranleigh Structured Capital LLC,CRASC,1731028,Cranleigh Specialty Funding LLC,Cranleigh Specialty Finance LLC,esoteric
Dunsmore Auto Receivables Trust,DNSA,1731064,Dunsmore Auto Finance LLC,DNSAF,1731047,Dunsmore Capital Markets LLC,DNSCM,1731052,Dunsmore Auto Receivables Depositor LLC,Dunsmore Auto Finance LLC,auto
Dunsmore Credit Card Master Trust,DNSC,1731088,Dunsmore Card Services LLC,DNSCS,1731071,Dunsmore Payments Holdings LLC,DNSPH,1731076,Dunsmore Card Funding LLC,Dunsmore Card Services LLC,card
Dunsmore Consumer Loan Trust,DNSU,1731112,Dunsmore Consumer Finance LLC,DNSCF,1731095,Dunsmore Consumer Capital LLC,DNSCC,1731100,Dunsmore Consumer Receivables Depositor LLC,Dunsmore Consumer Finance LLC,consumer
Dunsmore Student Loan Trust,DNSS,1731136,Dunsmore Student Lending LLC,DNSSL,1731119,Dunsmore Education Capital LLC,DNSEC,1731124,Dunsmore Student Funding LLC,Dunsmore Student Lending LLC,student
Dunsmore Equipment Lease Trust,DNSE,1731160,Dunsmore Equipment Finance LLC,DNSEF,1731143,Dunsmore Leasing Holdings LLC,DNSLH,1731148,Dunsmore Equipment Receivables Depositor LLC,Dunsmore Equipment Finance LLC,equipment
Dunsmore Mortgage Trust,DNSM,1731184,Dunsmore Mortgage Company LLC,DNSMC,1731167,Dunsmore Residential Capital LLC,DNSRC,1731172,Dunsmore Mortgage Depositor LLC,Dunsmore Mortgage Company LLC,mortgage
Dunsmore Commercial Mortgage Trust,DNSK,1731208,Dunsmore Commercial Realty Capital LLC,DNSRE,1731191,Dunsmore Commercial Capital LLC,DNSKC,1731196,Dunsmore Commercial Mortgage Depositor LLC,Computershare Loan Services,commercial
Dunsmore Corporate Credit Trust,DNSP,1731232,Dunsmore Asset Management LLC,DNSAM,1731215,Dunsmore Credit Partners LLC,DNSCP,1731220,Dunsmore Credit Funding LLC,Dunsmore Asset Management LLC,corporate_credit
Dunsmore Specialty Asset Trust,DNSR,1731256,Dunsmore Specialty Finance LLC,DNSSF,1731239,Dunsmore Structured Capital LLC,DNSSC,1731244,Dunsmore Specialty Funding LLC,Dunsmore Specialty Finance LLC,esoteric
Eastvale Auto Receivables Trust,ESTA,1731280,Eastvale Auto Finance LLC,ESTAF,1731263,Eastvale Capital Markets LLC,ESTCM,1731268,Eastvale Auto Receivables Depositor LLC,Eastvale Auto Finance LLC,auto
Eastvale Credit Card Master Trust,ESTC,1731304,Eastvale Card Services LLC,ESTCS,1731287,Eastvale Payments Holdings LLC,ESTPH,1731292,Eastvale Card Funding LLC,Eastvale Card Services LLC,card
Eastvale Consumer Loan Trust,ESTU,1731328,Eastvale Consumer Finance LLC,ESTCF,1731311,Eastvale Consumer Capital LLC,ESTCC,1731316,Eastvale Consumer Receivables Depositor LLC,Eastvale Consumer Finance LLC,consumer
Eastvale Student Loan Trust,ESTS,1731352,Eastvale Student Lending LLC,ESTSL,1731335,Eastvale Education Capital LLC,ESTEC,1731340,Eastvale Student Funding LLC,Eastvale Student Lending LLC,student
Eastvale Equipment Lease Trust,ESTE,1731376,Eastvale Equipment Finance LLC,ESTEF,1731359,Eastvale Leasing Holdings LLC,ESTLH,1731364,Eastvale Equipment Receivables Depositor LLC,Eastvale Equipment Finance LLC,equipment
Eastvale Mortgage Trust,ESTM,1731400,Eastvale Mortgage Company LLC,ESTMC,1731383,Eastvale Residential Capital LLC,ESTRC,1731388,Eastvale Mortgage Depositor LLC,Eastvale Mortgage Company LLC,mortgage
Eastvale Commercial Mortgage Trust,ESTK,1731424,Eastvale Commercial Realty Capital LLC,ESTRE,1731407,Eastvale Commercial Capital LLC,ESTKC,1731412,Eastvale Commercial Mortgage Depositor LLC,Eastvale Commercial Realty Capital LLC,commercial
Eastvale Corporate Credit Trust,ESTP,1731448,Eastvale Asset Management LLC,ESTAM,1731431,Eastvale Credit Partners LLC,ESTCP,1731436,Eastvale Credit Funding LLC,PHH Mortgage Corporation,corporate_credit
Eastvale Specialty Asset Trust,ESTR,1731472,Eastvale Specialty Finance LLC,ESTSF,1731455,Eastvale Structured Capital LLC,ESTSC,1731460,Eastvale Specialty Funding LLC,Eastvale Specialty Finance LLC,esoteric
Fordham Auto Receivables Trust,FORA,1731496,Fordham Auto Finance LLC,FORAF,1731479,Fordham Capital Markets LLC,FORCM,1731484,Fordham Auto Receivables Depositor LLC,Fordham Auto Finance LLC,auto
Fordham Credit Card Master Trust,FORC,1731520,Fordham Card Services LLC,FORCS,1731503,Fordham Payments Holdings LLC,FORPH,1731508,Fordham Card Funding LLC,Fordham Card Services LLC,card
Fordham Consumer Loan Trust,FORU,1731544,Fordham Consumer Finance LLC,FORCF,1731527,Fordham Consumer Capital LLC,FORCC,1731532,Fordham Consumer Receivables Depositor LLC,Fordham Consumer Finance LLC,consumer
Fordham Student Loan Trust,FORS,1731568,Fordham Student Lending LLC,FORSL,1731551,Fordham Education Capital LLC,FOREC,1731556,Fordham Student Funding LLC,Fordham Student Lending LLC,student
Fordham Equipment Lease Trust,FORE,1731592,Fordham Equipment Finance LLC,FOREF,1731575,Fordham Leasing Holdings LLC,FORLH,1731580,Fordham Equipment Receivables Depositor LLC,Fordham Equipment Finance LLC,equipment
Fordham Mortgage Trust,FORM,1731616,Fordham Mortgage Company LLC,FORMC,1731599,Fordham Residential Capital LLC,FORRC,1731604,Fordham Mortgage Depositor LLC,Fordham Mortgage Company LLC,mortgage
Fordham Commercial Mortgage Trust,FORK,1731640,Fordham Commercial Realty Capital LLC,FORRE,1731623,Fordham Commercial Capital LLC,FORKC,1731628,Fordham Commercial Mortgage Depositor LLC,Fordham Commercial Realty Capital LLC,commercial
Fordham Corporate Credit Trust,FORP,1731664,Fordham Asset Management LLC,FORAM,1731647,Fordham Credit Partners LLC,FORCP,1731652,Fordham Credit Funding LLC,Fordham Asset Management LLC,corporate_credit
Fordham Specialty Asset Trust,FORR,1731688,Fordham Specialty Finance LLC,FORSF,1731671,Fordham Structured Capital LLC,FORSC,1731676,Fordham Specialty Funding LLC,Situs Asset Management LLC,esoteric
Glenrock Auto Receivables Trust,GNRA,1731712,Glenrock Auto Finance LLC,GNRAF,1731695,Glenrock Capital Markets LLC,GNRCM,1731700,Glenrock Auto Receivables Depositor LLC,Glenrock Auto Finance LLC,auto
Glenrock Credit Card Master Trust,GNRC,1731736,Glenrock Card Services LLC,GNRCS,1731719,Glenrock Payments Holdings LLC,GNRPH,1731724,Glenrock Card Funding LLC,Glenrock Card Services LLC,card
Glenrock Consumer Loan Trust,GNRU,1731760,Glenrock Consumer Finance LLC,GNRCF,1731743,Glenrock Consumer Capital LLC,GNRCC,1731748,Glenrock Consumer Receivables Depositor LLC,Glenrock Consumer Finance LLC,consumer
Glenrock Student Loan Trust,GNRS,1731784,Glenrock Student Lending LLC,GNRSL,1731767,Glenrock Education Capital LLC,GNREC,1731772,Glenrock Student Funding LLC,Glenrock Student Lending LLC,student
Glenrock Equipment Lease Trust,GNRE,1731808,Glenrock Equipment Finance LLC,GNREF,1731791,Glenrock Leasing Holdings LLC,GNRLH,1731796,Glenrock Equipment Receivables Depositor LLC,Glenrock Equipment Finance LLC,equipment
Glenrock Mortgage Trust,GNRM,1731832,Glenrock Mortgage Company LLC,GNRMC,1731815,Glenrock Residential Capital LLC,GNRRC,1731820,Glenrock Mortgage Depositor LLC,Glenrock Mortgage Company LLC,mortgage
Glenrock Commercial Mortgage Trust,GNRK,1731856,Glenrock Commercial Realty Capital LLC,GNRRE,1731839,Glenrock Commercial Capital LLC,GNRKC,1731844,Glenrock Commercial Mortgage Depositor LLC,Glenrock Commercial Realty Capital LLC,commercial
Glenrock Corporate Credit Trust,GNRP,1731880,Glenrock Asset Management LLC,GNRAM,1731863,Glenrock Credit Partners LLC,GNRCP,1731868,Glenrock Credit Funding LLC,Glenrock Asset Management LLC,corporate_credit
Glenrock Specialty Asset Trust,GNRR,1731904,Glenrock Specialty Finance LLC,GNRSF,1731887,Glenrock Structured Capital LLC,GNRSC,1731892,Glenrock Specialty Funding LLC,Glenrock Specialty Finance LLC,esoteric
Hazelmere Auto Receivables Trust,HAZA,1731928,Hazelmere Auto Finance LLC,HAZAF,1731911,Hazelmere Capital Markets LLC,HAZCM,1731916,Hazelmere Auto Receivables Depositor LLC,Statebridge Company LLC,auto
Hazelmere Credit Card Master Trust,HAZC,1731952,Hazelmere Card Services LLC,HAZCS,1731935,Hazelmere Payments Holdings LLC,HAZPH,1731940,Hazelmere Card Funding LLC,Hazelmere Card Services LLC,card
Hazelmere Consumer Loan Trust,HAZU,1731976,Hazelmere Consumer Finance LLC,HAZCF,1731959,Hazelmere Consumer Capital LLC,HAZCC,1731964,Hazelmere Consumer Receivables Depositor LLC,Hazelmere Consumer Finance LLC,consumer
Hazelmere Student Loan Trust,HAZS,1732000,Hazelmere Student Lending LLC,HAZSL,1731983,Hazelmere Education Capital LLC,HAZEC,1731988,Hazelmere Student Funding LLC,Hazelmere Student Lending LLC,student
Hazelmere Equipment Lease Trust,HAZE,1732024,Hazelmere Equipment Finance LLC,HAZEF,1732007,Hazelmere Leasing Holdings LLC,HAZLH,1732012,Hazelmere Equipment Receivables Depositor LLC,Hazelmere Equipment Finance LLC,equipment
Hazelmere Mortgage Trust,HAZM,1732048,Hazelmere Mortgage Company LLC,HAZMC,1732031,Hazelmere Residential Capital LLC,HAZRC,1732036,Hazelmere Mortgage Depositor LLC,Hazelmere Mortgage Company LLC,mortgage
Hazelmere Commercial Mortgage Trust,HAZK,1732072,Hazelmere Commercial Realty Capital LLC,HAZRE,1732055,Hazelmere Commercial Capital LLC,HAZKC,1732060,Hazelmere Commercial Mortgage Depositor LLC,Hazelmere Commercial Realty Capital LLC,commercial
Hazelmere Corporate Credit Trust,HAZP,1732096,Hazelmere Asset Management LLC,HAZAM,1732079,Hazelmere Credit Partners LLC,HAZCP,1732084,Hazelmere Credit Funding LLC,Hazelmere Asset Management LLC,corporate_credit
Hazelmere Specialty Asset Trust,HAZR,1732120,Hazelmere Specialty Finance LLC,HAZSF,1732103,Hazelmere Structured Capital LLC,HAZSC,1732108,Hazelmere Specialty Funding LLC,Hazelmere Specialty Finance LLC,esoteric
Ipswich Auto Receivables Trust,IPSA,1732144,Ipswich Auto Finance LLC,IPSAF,1732127,Ipswich Capital Markets LLC,IPSCM,1732132,Ipswich Auto Receivables Depositor LLC,Ipswich Auto Finance LLC,auto
Ipswich Credit Card Master Trust,IPSC,1732168,Ipswich Card Services LLC,IPSCS,1732151,Ipswich Payments Holdings LLC,IPSPH,1732156,Ipswich Card Funding LLC,Nationstar Mortgage LLC,card
Ipswich Consumer Loan Trust,IPSU,1732192,Ipswich Consumer Finance LLC,IPSCF,1732175,Ipswich Consumer Capital LLC,IPSCC,1732180,Ipswich Consumer Receivables Depositor LLC,Ipswich Consumer Finance LLC,consumer
Ipswich Student Loan Trust,IPSS,1732216,Ipswich Student Lending LLC,IPSSL,1732199,Ipswich Education Capital LLC,IPSEC,1732204,Ipswich Student Funding LLC,Ipswich Student Lending LLC,student
Ipswich Equipment Lease Trust,IPSE,1732240,Ipswich Equipment Finance LLC,IPSEF,1732223,Ipswich Leasing Holdings LLC,IPSLH,1732228,Ipswich Equipment Receivables Depositor LLC,Ipswich Equipment Finance LLC,equipment
Ipswich Mortgage Trust,IPSM,1732264,Ipswich Mortgage Company LLC,IPSMC,1732247,Ipswich Residential Capital LLC,IPSRC,1732252,Ipswich Mortgage Depositor LLC,Ipswich Mortgage Company LLC,mortgage
Ipswich Commercial Mortgage Trust,IPSK,1732288,Ipswich Commercial Realty Capital LLC,IPSRE,1732271,Ipswich Commercial Capital LLC,IPSKC,1732276,Ipswich Commercial Mortgage Depositor LLC,Ipswich Commercial Realty Capital LLC,commercial
Ipswich Corporate Credit Trust,IPSP,1732312,Ipswich Asset Management LLC,IPSAM,1732295,Ipswich Credit Partners LLC,IPSCP,1732300,Ipswich Credit Funding LLC,Ipswich Asset Management LLC,corporate_credit
Ipswich Specialty Asset Trust,IPSR,1732336,Ipswich Specialty Finance LLC,IPSSF,1732319,Ipswich Structured Capital LLC,IPSSC,1732324,Ipswich Specialty Funding LLC,Ipswich Specialty Finance LLC,esoteric
Jorvik Auto Receivables Trust,JORA,1732360,Jorvik Auto Finance LLC,JORAF,1732343,Jorvik Capital Markets LLC,JORCM,1732348,Jorvik Auto Receivables Depositor LLC,Jorvik Auto Finance LLC,auto
Jorvik Credit Card Master Trust,JORC,1732384,Jorvik Card Services LLC,JORCS,1732367,Jorvik Payments Holdings LLC,JORPH,1732372,Jorvik Card Funding LLC,Jorvik Card Services LLC,card
Jorvik Consumer Loan Trust,JORU,1732408,Jorvik Consumer Finance LLC,JORCF,1732391,Jorvik Consumer Capital LLC,JORCC,1732396,Jorvik Consumer Receivables Depositor LLC,KeyBank Real Estate Capital,consumer
Jorvik Student Loan Trust,JORS,1732432,Jorvik Student Lending LLC,JORSL,1732415,Jorvik Education Capital LLC,JOREC,1732420,Jorvik Student Funding LLC,Jorvik Student Lending LLC,student
Jorvik Equipment Lease Trust,JORE,1732456,Jorvik Equipment Finance LLC,JOREF,1732439,Jorvik Leasing Holdings LLC,JORLH,1732444,Jorvik Equipment Receivables Depositor LLC,Jorvik Equipment Finance LLC,equipment
Jorvik Mortgage Trust,JORM,1732480,Jorvik Mortgage Company LLC,JORMC,1732463,Jorvik Residential Capital LLC,JORRC,1732468,Jorvik Mortgage Depositor LLC,Jorvik Mortgage Company LLC,mortgage
Jorvik Commercial Mortgage Trust,JORK,1732504,Jorvik Commercial Realty Capital LLC,JORRE,1732487,Jorvik Commercial Capital LLC,JORKC,1732492,Jorvik Commercial Mortgage Depositor LLC,Jorvik Commercial Realty Capital LLC,commercial
Jorvik Corporate Credit Trust,JORP,1732528,Jorvik Asset Management LLC,JORAM,1732511,Jorvik Credit Partners LLC,JORCP,1732516,Jorvik Credit Funding LLC,Jorvik Asset Management LLC,corporate_credit
Jorvik Specialty Asset Trust,JORR,1732552,Jorvik Specialty Finance LLC,JORSF,1732535,Jorvik Structured Capital LLC,JORSC,1732540,Jorvik Specialty Funding LLC,Jorvik Specialty Finance LLC,esoteric
Kirkstone Auto Receivables Trust,KRKA,1732576,Kirkstone Auto Finance LLC,KRKAF,1732559,Kirkstone Capital Markets LLC,KRKCM,1732564,Kirkstone Auto Receivables Depositor LLC,Kirkstone Auto Finance LLC,auto
Kirkstone Credit Card Master Trust,KRKC,1732600,Kirkstone Card Services LLC,KRKCS,1732583,Kirkstone Payments Holdings LLC,KRKPH,1732588,Kirkstone Card Funding LLC,Kirkstone Card Services LLC,card
Kirkstone Consumer Loan Trust,KRKU,1732624,Kirkstone Consumer Finance LLC,KRKCF,1732607,Kirkstone Consumer Capital LLC,KRKCC,1732612,Kirkstone Consumer Receivables Depositor LLC,Kirkstone Consumer Finance LLC,consumer
Kirkstone Student Loan Trust,KRKS,1732648,Kirkstone Student Lending LLC,KRKSL,1732631,Kirkstone Education Capital LLC,KRKEC,1732636,Kirkstone Student Funding LLC,Mr. Cooper Group Inc.,student
Kirkstone Equipment Lease Trust,KRKE,1732672,Kirkstone Equipment Finance LLC,KRKEF,1732655,Kirkstone Leasing Holdings LLC,KRKLH,1732660,Kirkstone Equipment Receivables Depositor LLC,Kirkstone Equipment Finance LLC,equipment
Kirkstone Mortgage Trust,KRKM,1732696,Kirkstone Mortgage Company LLC,KRKMC,1732679,Kirkstone Residential Capital LLC,KRKRC,1732684,Kirkstone Mortgage Depositor LLC,Kirkstone Mortgage Company LLC,mortgage
Kirkstone Commercial Mortgage Trust,KRKK,1732720,Kirkstone Commercial Realty Capital LLC,KRKRE,1732703,Kirkstone Commercial Capital LLC,KRKKC,1732708,Kirkstone Commercial Mortgage Depositor LLC,Kirkstone Commercial Realty Capital LLC,commercial
Kirkstone Corporate Credit Trust,KRKP,1732744,Kirkstone Asset Management LLC,KRKAM,1732727,Kirkstone Credit Partners LLC,KRKCP,1732732,Kirkstone Credit Funding LLC,Kirkstone Asset Management LLC,corporate_credit
Kirkstone Specialty Asset Trust,KRKR,1732768,Kirkstone Specialty Finance LLC,KRKSF,1732751,Kirkstone Structured Capital LLC,KRKSC,1732756,Kirkstone Specialty Funding LLC,Kirkstone Specialty Finance LLC,esoteric
Lambourne Auto Receivables Trust,LAMA,1732792,Lambourne Auto Finance LLC,LAMAF,1732775,Lambourne Capital Markets LLC,LAMCM,1732780,Lambourne Auto Receivables Depositor LLC,Lambourne Auto Finance LLC,auto
Lambourne Credit Card Master Trust,LAMC,1732816,Lambourne Card Services LLC,LAMCS,1732799,Lambourne Payments Holdings LLC,LAMPH,1732804,Lambourne Card Funding LLC,Lambourne Card Services LLC,card
Lambourne Consumer Loan Trust,LAMU,1732840,Lambourne Consumer Finance LLC,LAMCF,1732823,Lambourne Consumer Capital LLC,LAMCC,1732828,Lambourne Consumer Receivables Depositor LLC,Lambourne Consumer Finance LLC,consumer
Lambourne Student Loan Trust,LAMS,1732864,Lambourne Student Lending LLC,LAMSL,1732847,Lambourne Education Capital LLC,LAMEC,1732852,Lambourne Student Funding LLC,Lambourne Student Lending LLC,student
Lambourne Equipment Lease Trust,LAME,1732888,Lambourne Equipment Finance LLC,LAMEF,1732871,Lambourne Leasing Holdings LLC,LAMLH,1732876,Lambourne Equipment Receivables Depositor LLC,Shellpoint Mortgage Servicing,equipment
Lambourne Mortgage Trust,LAMM,1732912,Lambourne Mortgage Company LLC,LAMMC,1732895,Lambourne Residential Capital LLC,LAMRC,1732900,Lambourne Mortgage Depositor LLC,Lambourne Mortgage Company LLC,mortgage
Lambourne Commercial Mortgage Trust,LAMK,1732936,Lambourne Commercial Realty Capital LLC,LAMRE,1732919,Lambourne Commercial Capital LLC,LAMKC,1732924,Lambourne Commercial Mortgage Depositor LLC,Lambourne Commercial Realty Capital LLC,commercial
Lambourne Corporate Credit Trust,LAMP,1732960,Lambourne Asset Management LLC,LAMAM,1732943,Lambourne Credit Partners LLC,LAMCP,1732948,Lambourne Credit Funding LLC,Lambourne Asset Management LLC,corporate_credit
Lambourne Specialty Asset Trust,LAMR,1732984,Lambourne Specialty Finance LLC,LAMSF,1732967,Lambourne Structured Capital LLC,LAMSC,1732972,Lambourne Specialty Funding LLC,Lambourne Specialty Finance LLC,esoteric
Middleton Auto Receivables Trust,MIDA,1733008,Middleton Auto Finance LLC,MIDAF,1732991,Middleton Capital Markets LLC,MIDCM,1732996,Middleton Auto Receivables Depositor LLC,Middleton Auto Finance LLC,auto
Middleton Credit Card Master Trust,MIDC,1733032,Middleton Card Services LLC,MIDCS,1733015,Middleton Payments Holdings LLC,MIDPH,1733020,Middleton Card Funding LLC,Middleton Card Services LLC,card
Middleton Consumer Loan Trust,MIDU,1733056,Middleton Consumer Finance LLC,MIDCF,1733039,Middleton Consumer Capital LLC,MIDCC,1733044,Middleton Consumer Receivables Depositor LLC,Middleton Consumer Finance LLC,consumer
Middleton Student Loan Trust,MIDS,1733080,Middleton Student Lending LLC,MIDSL,1733063,Middleton Education Capital LLC,MIDEC,1733068,Middleton Student Funding LLC,Middleton Student Lending LLC,student
Middleton Equipment Lease Trust,MIDE,1733104,Middleton Equipment Finance LLC,MIDEF,1733087,Middleton Leasing Holdings LLC,MIDLH,1733092,Middleton Equipment Receivables Depositor LLC,Middleton Equipment Finance LLC,equipment
Middleton Mortgage Trust,MIDM,1733128,Middleton Mortgage Company LLC,MIDMC,1733111,Middleton Residential Capital LLC,MIDRC,1733116,Middleton Mortgage Depositor LLC,Situs Asset Management LLC,mortgage
Middleton Commercial Mortgage Trust,MIDK,1733152,Middleton Commercial Realty Capital LLC,MIDRE,1733135,Middleton Commercial Capital LLC,MIDKC,1733140,Middleton Commercial Mortgage Depositor LLC,Middleton Commercial Realty Capital LLC,commercial
Middleton Corporate Credit Trust,MIDP,1733176,Middleton Asset Management LLC,MIDAM,1733159,Middleton Credit Partners LLC,MIDCP,1733164,Middleton Credit Funding LLC,Middleton Asset Management LLC,corporate_credit
Middleton Specialty Asset Trust,MIDR,1733200,Middleton Specialty Finance LLC,MIDSF,1733183,Middleton Structured Capital LLC,MIDSC,1733188,Middleton Specialty Funding LLC,Middleton Specialty Finance LLC,esoteric
Netherby Auto Receivables Trust,NETA,1733224,Netherby Auto Finance LLC,NETAF,1733207,Netherby Capital Markets LLC,NETCM,1733212,Netherby Auto Receivables Depositor LLC,Netherby Auto Finance LLC,auto
Netherby Credit Card Master Trust,NETC,1733248,Netherby Card Services LLC,NETCS,1733231,Netherby Payments Holdings LLC,NETPH,1733236,Netherby Card Funding LLC,Netherby Card Services LLC,card
Netherby Consumer Loan Trust,NETU,1733272,Netherby Consumer Finance LLC,NETCF,1733255,Netherby Consumer Capital LLC,NETCC,1733260,Netherby Consumer Receivables Depositor LLC,Netherby Consumer Finance LLC,consumer
Netherby Student Loan Trust,NETS,1733296,Netherby Student Lending LLC,NETSL,1733279,Netherby Education Capital LLC,NETEC,1733284,Netherby Student Funding LLC,Netherby Student Lending LLC,student
Netherby Equipment Lease Trust,NETE,1733320,Netherby Equipment Finance LLC,NETEF,1733303,Netherby Leasing Holdings LLC,NETLH,1733308,Netherby Equipment Receivables Depositor LLC,Netherby Equipment Finance LLC,equipment
Netherby Mortgage Trust,NETM,1733344,Netherby Mortgage Company LLC,NETMC,1733327,Netherby Residential Capital LLC,NETRC,1733332,Netherby Mortgage Depositor LLC,Netherby Mortgage Company LLC,mortgage
Netherby Commercial Mortgage Trust,NETK,1733368,Netherby Commercial Realty Capital LLC,NETRE,1733351,Netherby Commercial Capital LLC,NETKC,1733356,Netherby Commercial Mortgage Depositor LLC,Computershare Loan Services,commercial
Netherby Corporate Credit Trust,NETP,1733392,Netherby Asset Management LLC,NETAM,1733375,Netherby Credit Partners LLC,NETCP,1733380,Netherby Credit Funding LLC,Netherby Asset Management LLC,corporate_credit
Netherby Specialty Asset Trust,NETR,1733416,Netherby Specialty Finance LLC,NETSF,1733399,Netherby Structured Capital LLC,NETSC,1733404,Netherby Specialty Funding LLC,Netherby Specialty Finance LLC,esoteric
Oldbury Auto Receivables Trust,OLDA,1733440,Oldbury Auto Finance LLC,OLDAF,1733423,Oldbury Capital Markets LLC,OLDCM,1733428,Oldbury Auto Receivables Depositor LLC,Oldbury Auto Finance LLC,auto
Oldbury Credit Card Master Trust,OLDC,1733464,Oldbury Card Services LLC,OLDCS,1733447,Oldbury Payments Holdings LLC,OLDPH,1733452,Oldbury Card Funding LLC,Oldbury Card Services LLC,card
Oldbury Consumer Loan Trust,OLDU,1733488,Oldbury Consumer Finance LLC,OLDCF,1733471,Oldbury Consumer Capital LLC,OLDCC,1733476,Oldbury Consumer Receivables Depositor LLC,Oldbury Consumer Finance LLC,consumer
Oldbury Student Loan Trust,OLDS,1733512,Oldbury Student Lending LLC,OLDSL,1733495,Oldbury Education Capital LLC,OLDEC,1733500,Oldbury Student Funding LLC,Oldbury Student Lending LLC,student
Oldbury Equipment Lease Trust,OLDE,1733536,Oldbury Equipment Finance LLC,OLDEF,1733519,Oldbury Leasing Holdings LLC,OLDLH,1733524,Oldbury Equipment Receivables Depositor LLC,Oldbury Equipment Finance LLC,equipment
Oldbury Mortgage Trust,OLDM,1733560,Oldbury Mortgage Company LLC,OLDMC,1733543,Oldbury Residential Capital LLC,OLDRC,1733548,Oldbury Mortgage Depositor LLC,Oldbury Mortgage Company LLC,mortgage
Oldbury Commercial Mortgage Trust,OLDK,1733584,Oldbury Commercial Realty Capital LLC,OLDRE,1733567,Oldbury Commercial Capital LLC,OLDKC,1733572,Oldbury Commercial Mortgage Depositor LLC,Oldbury Commercial Realty Capital LLC,commercial
Oldbury Corporate Credit Trust,OLDP,1733608,Oldbury Asset Management LLC,OLDAM,1733591,Oldbury Credit Partners LLC,OLDCP,1733596,Oldbury Credit Funding LLC,Situs Asset Management LLC,corporate_credit
Oldbury Specialty Asset Trust,OLDR,1733632,Oldbury Specialty Finance LLC,OLDSF,1733615,Oldbury Structured Capital LLC,OLDSC,1733620,Oldbury Specialty Funding LLC,Oldbury Specialty Finance LLC,esoteric
Padstow Auto Receivables Trust,PADA,1733656,Padstow Auto Finance LLC,PADAF,1733639,Padstow Capital Markets LLC,PADCM,1733644,Padstow Auto Receivables Depositor LLC,Padstow Auto Finance LLC,auto
Padstow Credit Card Master Trust,PADC,1733680,Padstow Card Services LLC,PADCS,1733663,Padstow Payments Holdings LLC,PADPH,1733668,Padstow Card Funding LLC,Padstow Card Services LLC,card
Padstow Consumer Loan Trust,PADU,1733704,Padstow Consumer Finance LLC,PADCF,1733687,Padstow Consumer Capital LLC,PADCC,1733692,Padstow Consumer Receivables Depositor LLC,Padstow Consumer Finance LLC,consumer
Padstow Student Loan Trust,PADS,1733728,Padstow Student Lending LLC,PADSL,1733711,Padstow Education Capital LLC,PADEC,1733716,Padstow Student Funding LLC,Padstow Student Lending LLC,student
Padstow Equipment Lease Trust,PADE,1733752,Padstow Equipment Finance LLC,PADEF,1733735,Padstow Leasing Holdings LLC,PADLH,1733740,Padstow Equipment Receivables Depositor LLC,Padstow Equipment Finance LLC,equipment
Padstow Mortgage Trust,PADM,1733776,Padstow Mortgage Company LLC,PADMC,1733759,Padstow Residential Capital LLC,PADRC,1733764,Padstow Mortgage Depositor LLC,Padstow Mortgage Company LLC,mortgage
Padstow Commercial Mortgage Trust,PADK,1733800,Padstow Commercial Realty Capital LLC,PADRE,1733783,Padstow Commercial Capital LLC,PADKC,1733788,Padstow Commercial Mortgage Depositor LLC,Padstow Commercial Realty Capital LLC,commercial
Padstow Corporate Credit Trust,PADP,1733824,Padstow Asset Management LLC,PADAM,1733807,Padstow Credit Partners LLC,PADCP,1733812,Padstow Credit Funding LLC,Padstow Asset Management LLC,corporate_credit
Padstow Specialty Asset Trust,PADR,1733848,Padstow Specialty Finance LLC,PADSF,1733831,Padstow Structured Capital LLC,PADSC,1733836,Padstow Specialty Funding LLC,Computershare Loan Services,esoteric
Quenby Auto Receivables Trust,QENA,1733872,Quenby Auto Finance LLC,QENAF,1733855,Quenby Capital Markets LLC,QENCM,1733860,Quenby Auto Receivables Depositor LLC,Quenby Auto Finance LLC,auto
Quenby Credit Card Master Trust,QENC,1733896,Quenby Card Services LLC,QENCS,1733879,Quenby Payments Holdings LLC,QENPH,1733884,Quenby Card Funding LLC,Quenby Card Services LLC,card
Quenby Consumer Loan Trust,QENU,1733920,Quenby Consumer Finance LLC,QENCF,1733903,Quenby Consumer Capital LLC,QENCC,1733908,Quenby Consumer Receivables Depositor LLC,Quenby Consumer Finance LLC,consumer
Quenby Student Loan Trust,QENS,1733944,Quenby Student Lending LLC,QENSL,1733927,Quenby Education Capital LLC,QENEC,1733932,Quenby Student Funding LLC,Quenby Student Lending LLC,student
Quenby Equipment Lease Trust,QENE,1733968,Quenby Equipment Finance LLC,QENEF,1733951,Quenby Leasing Holdings LLC,QENLH,1733956,Quenby Equipment Receivables Depositor LLC,Quenby Equipment Finance LLC,equipment
Quenby Mortgage Trust,QENM,1733992,Quenby Mortgage Company LLC,QENMC,1733975,Quenby Residential Capital LLC,QENRC,1733980,Quenby Mortgage Depositor LLC,Quenby Mortgage Company LLC,mortgage
Quenby Commercial Mortgage Trust,QENK,1734016,Quenby Commercial Realty Capital LLC,QENRE,1733999,Quenby Commercial Capital LLC,QENKC,1734004,Quenby Commercial Mortgage Depositor LLC,Quenby Commercial Realty Capital LLC,commercial
Quenby Corporate Credit Trust,QENP,1734040,Quenby Asset Management LLC,QENAM,1734023,Quenby Credit Partners LLC,QENCP,1734028,Quenby Credit Funding LLC,Quenby Asset Management LLC,corporate_credit
Quenby Specialty Asset Trust,QENR,1734064,Quenby Specialty Finance LLC,QENSF,1734047,Quenby Structured Capital LLC,QENSC,1734052,Quenby Specialty Funding LLC,Quenby Specialty Finance LLC,esoteric
Redmarsh Auto Receivables Trust,RDMA,1734088,Redmarsh Auto Finance LLC,RDMAF,1734071,Redmarsh Capital Markets LLC,RDMCM,1734076,Redmarsh Auto Receivables Depositor LLC,"Systems & Services Technologies, Inc.",auto
Redmarsh Credit Card Master Trust,RDMC,1734112,Redmarsh Card Services LLC,RDMCS,1734095,Redmarsh Payments Holdings LLC,RDMPH,1734100,Redmarsh Card Funding LLC,Redmarsh Card Services LLC,card
Redmarsh Consumer Loan Trust,RDMU,1734136,Redmarsh Consumer Finance LLC,RDMCF,1734119,Redmarsh Consumer Capital LLC,RDMCC,1734124,Redmarsh Consumer Receivables Depositor LLC,Redmarsh Consumer Finance LLC,consumer
Redmarsh Student Loan Trust,RDMS,1734160,Redmarsh Student Lending LLC,RDMSL,1734143,Redmarsh Education Capital LLC,RDMEC,1734148,Redmarsh Student Funding LLC,Redmarsh Student Lending LLC,student
Redmarsh Equipment Lease Trust,RDME,1734184,Redmarsh Equipment Finance LLC,RDMEF,1734167,Redmarsh Leasing Holdings LLC,RDMLH,1734172,Redmarsh Equipment Receivables Depositor LLC,Redmarsh Equipment Finance LLC,equipment
Redmarsh Mortgage Trust,RDMM,1734208,Redmarsh Mortgage Company LLC,RDMMC,1734191,Redmarsh Residential Capital LLC,RDMRC,1734196,Redmarsh Mortgage Depositor LLC,Redmarsh Mortgage Company LLC,mortgage
Redmarsh Commercial Mortgage Trust,RDMK,1734232,Redmarsh Commercial Realty Capital LLC,RDMRE,1734215,Redmarsh Commercial Capital LLC,RDMKC,1734220,Redmarsh Commercial Mortgage Depositor LLC,Redmarsh Commercial Realty Capital LLC,commercial
Redmarsh Corporate Credit Trust,RDMP,1734256,Redmarsh Asset Management LLC,RDMAM,1734239,Redmarsh Credit Partners LLC,RDMCP,1734244,Redmarsh Credit Funding LLC,Redmarsh Asset Management LLC,corporate_credit
Redmarsh Specialty Asset Trust,RDMR,1734280,Redmarsh Specialty Finance LLC,RDMSF,1734263,Redmarsh Structured Capital LLC,RDMSC,1734268,Redmarsh Specialty Funding LLC,Redmarsh Specialty Finance LLC,esoteric
Stroud Auto Receivables Trust,STRA,1734304,Stroud Auto Finance LLC,STRAF,1734287,Stroud Capital Markets LLC,STRCM,1734292,Stroud Auto Receivables Depositor LLC,Stroud Auto Finance LLC,auto
Stroud Credit Card Master Trust,STRC,1734328,Stroud Card Services LLC,STRCS,1734311,Stroud Payments Holdings LLC,STRPH,1734316,Stroud Card Funding LLC,Vervent Inc.,card
Stroud Consumer Loan Trust,STRU,1734352,Stroud Consumer Finance LLC,STRCF,1734335,Stroud Consumer Capital LLC,STRCC,1734340,Stroud Consumer Receivables Depositor LLC,Stroud Consumer Finance LLC,consumer
Stroud Student Loan Trust,STRS,1734376,Stroud Student Lending LLC,STRSL,1734359,Stroud Education Capital LLC,STREC,1734364,Stroud Student Funding LLC,Stroud Student Lending LLC,student
Stroud Equipment Lease Trust,STRE,1734400,Stroud Equipment Finance LLC,STREF,1734383,Stroud Leasing Holdings LLC,STRLH,1734388,Stroud Equipment Receivables Depositor LLC,Stroud Equipment Finance LLC,equipment
Stroud Mortgage Trust,STRM,1734424,Stroud Mortgage Company LLC,STRMC,1734407,Stroud Residential Capital LLC,STRRC,1734412,Stroud Mortgage Depositor LLC,Stroud Mortgage Company LLC,mortgage
Stroud Commercial Mortgage Trust,STRK,1734448,Stroud Commercial Realty Capital LLC,STRRE,1734431,Stroud Commercial Capital LLC,STRKC,1734436,Stroud Commercial Mortgage Depositor LLC,Stroud Commercial Realty Capital LLC,commercial
Stroud Corporate Credit Trust,STRP,1734472,Stroud Asset Management LLC,STRAM,1734455,Stroud Credit Partners LLC,STRCP,1734460,Stroud Credit Funding LLC,Stroud Asset Management LLC,corporate_credit
Stroud Specialty Asset Trust,STRR,1734496,Stroud Specialty Finance LLC,STRSF,1734479,Stroud Structured Capital LLC,STRSC,1734484,Stroud Specialty Funding LLC,Stroud Specialty Finance LLC,esoteric
Thirlmere Auto Receivables Trust,THIA,1734520,Thirlmere Auto Finance LLC,THIAF,1734503,Thirlmere Capital Markets LLC,THICM,1734508,Thirlmere Auto Receivables Depositor LLC,Thirlmere Auto Finance LLC,auto
Thirlmere Credit Card Master Trust,THIC,1734544,Thirlmere Card Services LLC,THICS,1734527,Thirlmere Payments Holdings LLC,THIPH,1734532,Thirlmere Card Funding LLC,Thirlmere Card Services LLC,card
Thirlmere Consumer Loan Trust,THIU,1734568,Thirlmere Consumer Finance LLC,THICF,1734551,Thirlmere Consumer Capital LLC,THICC,1734556,Thirlmere Consumer Receivables Depositor LLC,PHH Mortgage Corporation,consumer
Thirlmere Student Loan Trust,THIS,1734592,Thirlmere Student Lending LLC,THISL,1734575,Thirlmere Education Capital LLC,THIEC,1734580,Thirlmere Student Funding LLC,Thirlmere Student Lending LLC,student
Thirlmere Equipment Lease Trust,THIE,1734616,Thirlmere Equipment Finance LLC,THIEF,1734599,Thirlmere Leasing Holdings LLC,THILH,1734604,Thirlmere Equipment Receivables Depositor LLC,Thirlmere Equipment Finance LLC,equipment
Thirlmere Mortgage Trust,THIM,1734640,Thirlmere Mortgage Company LLC,THIMC,1734623,Thirlmere Residential Capital LLC,THIRC,1734628,Thirlmere Mortgage Depositor LLC,Thirlmere Mortgage Company LLC,mortgage
Thirlmere Commercial Mortgage Trust,THIK,1734664,Thirlmere Commercial Realty Capital LLC,THIRE,1734647,Thirlmere Commercial Capital LLC,THIKC,1734652,Thirlmere Commercial Mortgage Depositor LLC,Thirlmere Commercial Realty Capital LLC,commercial
Thirlmere Corporate Credit Trust,THIP,1734688,Thirlmere Asset Management LLC,THIAM,1734671,Thirlmere Credit Partners LLC,THICP,1734676,Thirlmere Credit Funding LLC,Thirlmere Asset Management LLC,corporate_credit
Thirlmere Specialty Asset Trust,THIR,1734712,Thirlmere Specialty Finance LLC,THISF,1734695,Thirlmere Structured Capital LLC,THISC,1734700,Thirlmere Specialty Funding LLC,Thirlmere Specialty Finance LLC,esoteric
Ustonbury Auto Receivables Trust,USTA,1734736,Ustonbury Auto Finance LLC,USTAF,1734719,Ustonbury Capital Markets LLC,USTCM,1734724,Ustonbury Auto Receivables Depositor LLC,Ustonbury Auto Finance LLC,auto
Ustonbury Credit Card Master Trust,USTC,1734760,Ustonbury Card Services LLC,USTCS,1734743,Ustonbury Payments Holdings LLC,USTPH,1734748,Ustonbury Card Funding LLC,Ustonbury Card Services LLC,card
Ustonbury Consumer Loan Trust,USTU,1734784,Ustonbury Consumer Finance LLC,USTCF,1734767,Ustonbury Consumer Capital LLC,USTCC,1734772,Ustonbury Consumer Receivables Depositor LLC,Ustonbury Consumer Finance LLC,consumer
Ustonbury Student Loan Trust,USTS,1734808,Ustonbury Student Lending LLC,USTSL,1734791,Ustonbury Education Capital LLC,USTEC,1734796,Ustonbury Student Funding LLC,Rushmore Loan Management Services LLC,student
Ustonbury Equipment Lease Trust,USTE,1734832,Ustonbury Equipment Finance LLC,USTEF,1734815,Ustonbury Leasing Holdings LLC,USTLH,1734820,Ustonbury Equipment Receivables Depositor LLC,Ustonbury Equipment Finance LLC,equipment
Ustonbury Mortgage Trust,USTM,1734856,Ustonbury Mortgage Company LLC,USTMC,1734839,Ustonbury Residential Capital LLC,USTRC,1734844,Ustonbury Mortgage Depositor LLC,Ustonbury Mortgage Company LLC,mortgage
Ustonbury Commercial Mortgage Trust,USTK,1734880,Ustonbury Commercial Realty Capital LLC,USTRE,1734863,Ustonbury Commercial Capital LLC,USTKC,1734868,Ustonbury Commercial Mortgage Depositor LLC,Ustonbury Commercial Realty Capital LLC,commercial
Ustonbury Corporate Credit Trust,USTP,1734904,Ustonbury Asset Management LLC,USTAM,1734887,Ustonbury Credit Partners LLC,USTCP,1734892,Ustonbury Credit Funding LLC,Ustonbury Asset Management LLC,corporate_credit
Ustonbury Specialty Asset Trust,USTR,1734928,Ustonbury Specialty Finance LLC,USTSF,1734911,Ustonbury Structured Capital LLC,USTSC,1734916,Ustonbury Specialty Funding LLC,Ustonbury Specialty Finance LLC,esoteric
Valeworth Auto Receivables Trust,VLEA,1734952,Valeworth Auto Finance LLC,VLEAF,1734935,Valeworth Capital Markets LLC,VLECM,1734940,Valeworth Auto Receivables Depositor LLC,Valeworth Auto Finance LLC,auto
Valeworth Credit Card Master Trust,VLEC,1734976,Valeworth Card Services LLC,VLECS,1734959,Valeworth Payments Holdings LLC,VLEPH,1734964,Valeworth Card Funding LLC,Valeworth Card Services LLC,card
Valeworth Consumer Loan Trust,VLEU,1735000,Valeworth Consumer Finance LLC,VLECF,1734983,Valeworth Consumer Capital LLC,VLECC,1734988,Valeworth Consumer Receivables Depositor LLC,Valeworth Consumer Finance LLC,consumer
Valeworth Student Loan Trust,VLES,1735024,Valeworth Student Lending LLC,VLESL,1735007,Valeworth Education Capital LLC,VLEEC,1735012,Valeworth Student Funding LLC,Valeworth Student Lending LLC,student
Valeworth Equipment Lease Trust,VLEE,1735048,Valeworth Equipment Finance LLC,VLEEF,1735031,Valeworth Leasing Holdings LLC,VLELH,1735036,Valeworth Equipment Receivables Depositor LLC,Vervent Inc.,equipment
Valeworth Mortgage Trust,VLEM,1735072,Valeworth Mortgage Company LLC,VLEMC,1735055,Valeworth Residential Capital LLC,VLERC,1735060,Valeworth Mortgage Depositor LLC,Valeworth Mortgage Company LLC,mortgage
Valeworth Commercial Mortgage Trust,VLEK,1735096,Valeworth Commercial Realty Capital LLC,VLERE,1735079,Valeworth Commercial Capital LLC,VLEKC,1735084,Valeworth Commercial Mortgage Depositor LLC,Valeworth Commercial Realty Capital LLC,commercial
Valeworth Corporate Credit Trust,VLEP,1735120,Valeworth Asset Management LLC,VLEAM,1735103,Valeworth Credit Partners LLC,VLECP,1735108,Valeworth Credit Funding LLC,Valeworth Asset Management LLC,corporate_credit
Valeworth Specialty Asset Trust,VLER,1735144,Valeworth Specialty Finance LLC,VLESF,1735127,Valeworth Structured Capital LLC,VLESC,1735132,Valeworth Specialty Funding LLC,Valeworth Specialty Finance LLC,esoteric
Wenlock Auto Receivables Trust,WENA,1735168,Wenlock Auto Finance LLC,WENAF,1735151,Wenlock Capital Markets LLC,WENCM,1735156,Wenlock Auto Receivables Depositor LLC,Wenlock Auto Finance LLC,auto
Wenlock Credit Card Master Trust,WENC,1735192,Wenlock Card Services LLC,WENCS,1735175,Wenlock Payments Holdings LLC,WENPH,1735180,Wenlock Card Funding LLC,Wenlock Card Services LLC,card
Wenlock Consumer Loan Trust,WENU,1735216,Wenlock Consumer Finance LLC,WENCF,1735199,Wenlock Consumer Capital LLC,WENCC,1735204,Wenlock Consumer Receivables Depositor LLC,Wenlock Consumer Finance LLC,consumer
Wenlock Student Loan Trust,WENS,1735240,Wenlock Student Lending LLC,WENSL,1735223,Wenlock Education Capital LLC,WENEC,1735228,Wenlock Student Funding LLC,Wenlock Student Lending LLC,student
Wenlock Equipment Lease Trust,WENE,1735264,Wenlock Equipment Finance LLC,WENEF,1735247,Wenlock Leasing Holdings LLC,WENLH,1735252,Wenlock Equipment Receivables Depositor LLC,Wenlock Equipment Finance LLC,equipment
Wenlock Mortgage Trust,WENM,1735288,Wenlock Mortgage Company LLC,WENMC,1735271,Wenlock Residential Capital LLC,WENRC,1735276,Wenlock Mortgage Depositor LLC,Mr. Cooper Group Inc.,mortgage
Wenlock Commercial Mortgage Trust,WENK,1735312,Wenlock Commercial Realty Capital LLC,WENRE,1735295,Wenlock Commercial Capital LLC,WENKC,1735300,Wenlock Commercial Mortgage Depositor LLC,Wenlock Commercial Realty Capital LLC,commercial
Wenlock Corporate Credit Trust,WENP,1735336,Wenlock Asset Management LLC,WENAM,1735319,Wenlock Credit Partners LLC,WENCP,1735324,Wenlock Credit Funding LLC,Wenlock Asset Management LLC,corporate_credit
Wenlock Specialty Asset Trust,WENR,1735360,Wenlock Specialty Finance LLC,WENSF,1735343,Wenlock Structured Capital LLC,WENSC,1735348,Wenlock Specialty Funding LLC,Wenlock Specialty Finance LLC,esoteric
Ashbourne Auto Receivables Trust,AHBA,1735384,Ashbourne Auto Finance LLC,AHBAF,1735367,Ashbourne Capital Markets LLC,AHBCM,1735372,Ashbourne Auto Receivables Depositor LLC,Ashbourne Auto Finance LLC,auto
Ashbourne Credit Card Master Trust,AHBC,1735408,Ashbourne Card Services LLC,AHBCS,1735391,Ashbourne Payments Holdings LLC,AHBPH,1735396,Ashbourne Card Funding LLC,Ashbourne Card Services LLC,card
Ashbourne Consumer Loan Trust,AHBU,1735432,Ashbourne Consumer Finance LLC,AHBCF,1735415,Ashbourne Consumer Capital LLC,AHBCC,1735420,Ashbourne Consumer Receivables Depositor LLC,Ashbourne Consumer Finance LLC,consumer
Ashbourne Student Loan Trust,AHBS,1735456,Ashbourne Student Lending LLC,AHBSL,1735439,Ashbourne Education Capital LLC,AHBEC,1735444,Ashbourne Student Funding LLC,Ashbourne Student Lending LLC,student
Ashbourne Equipment Lease Trust,AHBE,1735480,Ashbourne Equipment Finance LLC,AHBEF,1735463,Ashbourne Leasing Holdings LLC,AHBLH,1735468,Ashbourne Equipment Receivables Depositor LLC,Ashbourne Equipment Finance LLC,equipment
Ashbourne Mortgage Trust,AHBM,1735504,Ashbourne Mortgage Company LLC,AHBMC,1735487,Ashbourne Residential Capital LLC,AHBRC,1735492,Ashbourne Mortgage Depositor LLC,Ashbourne Mortgage Company LLC,mortgage
Ashbourne Commercial Mortgage Trust,AHBK,1735528,Ashbourne Commercial Realty Capital LLC,AHBRE,1735511,Ashbourne Commercial Capital LLC,AHBKC,1735516,Ashbourne Commercial Mortgage Depositor LLC,Statebridge Company LLC,commercial
Ashbourne Corporate Credit Trust,AHBP,1735552,Ashbourne Asset Management LLC,AHBAM,1735535,Ashbourne Credit Partners LLC,AHBCP,1735540,Ashbourne Credit Funding LLC,Ashbourne Asset Management LLC,corporate_credit
Ashbourne Specialty Asset Trust,AHBR,1735576,Ashbourne Specialty Finance LLC,AHBSF,1735559,Ashbourne Structured Capital LLC,AHBSC,1735564,Ashbourne Specialty Funding LLC,Ashbourne Specialty Finance LLC,esoteric
Berkeley Auto Receivables Trust,BERA,1735600,Berkeley Auto Finance LLC,BERAF,1735583,Berkeley Capital Markets LLC,BERCM,1735588,Berkeley Auto Receivables Depositor LLC,Berkeley Auto Finance LLC,auto
Berkeley Credit Card Master Trust,BERC,1735624,Berkeley Card Services LLC,BERCS,1735607,Berkeley Payments Holdings LLC,BERPH,1735612,Berkeley Card Funding LLC,Berkeley Card Services LLC,card
Berkeley Consumer Loan Trust,BERU,1735648,Berkeley Consumer Finance LLC,BERCF,1735631,Berkeley Consumer Capital LLC,BERCC,1735636,Berkeley Consumer Receivables Depositor LLC,Berkeley Consumer Finance LLC,consumer
Berkeley Student Loan Trust,BERS,1735672,Berkeley Student Lending LLC,BERSL,1735655,Berkeley Education Capital LLC,BEREC,1735660,Berkeley Student Funding LLC,Berkeley Student Lending LLC,student
Berkeley Equipment Lease Trust,BERE,1735696,Berkeley Equipment Finance LLC,BEREF,1735679,Berkeley Leasing Holdings LLC,BERLH,1735684,Berkeley Equipment Receivables Depositor LLC,Berkeley Equipment Finance LLC,equipment
Berkeley Mortgage Trust,BERM,1735720,Berkeley Mortgage Company LLC,BERMC,1735703,Berkeley Residential Capital LLC,BERRC,1735708,Berkeley Mortgage Depositor LLC,Berkeley Mortgage Company LLC,mortgage
Berkeley Commercial Mortgage Trust,BERK,1735744,Berkeley Commercial Realty Capital LLC,BERRE,1735727,Berkeley Commercial Capital LLC,BERKC,1735732,Berkeley Commercial Mortgage Depositor LLC,Berkeley Commercial Realty Capital LLC,commercial
Berkeley Corporate Credit Trust,BERP,1735768,Berkeley Asset Management LLC,BERAM,1735751,Berkeley Credit Partners LLC,BERCP,1735756,Berkeley Credit Funding LLC,Cenlar FSB,corporate_credit
Berkeley Specialty Asset Trust,BERR,1735792,Berkeley Specialty Finance LLC,BERSF,1735775,Berkeley Structured Capital LLC,BERSC,1735780,Berkeley Specialty Funding LLC,Berkeley Specialty Finance LLC,esoteric
Cobham Auto Receivables Trust,COBA,1735816,Cobham Auto Finance LLC,COBAF,1735799,Cobham Capital Markets LLC,COBCM,1735804,Cobham Auto Receivables Depositor LLC,Cobham Auto Finance LLC,auto
Cobham Credit Card Master Trust,COBC,1735840,Cobham Card Services LLC,COBCS,1735823,Cobham Payments Holdings LLC,COBPH,1735828,Cobham Card Funding LLC,Cobham Card Services LLC,card
Cobham Consumer Loan Trust,COBU,1735864,Cobham Consumer Finance LLC,COBCF,1735847,Cobham Consumer Capital LLC,COBCC,1735852,Cobham Consumer Receivables Depositor LLC,Cobham Consumer Finance LLC,consumer
Cobham Student Loan Trust,COBS,1735888,Cobham Student Lending LLC,COBSL,1735871,Cobham Education Capital LLC,COBEC,1735876,Cobham Student Funding LLC,Cobham Student Lending LLC,student
Cobham Equipment Lease Trust,COBE,1735912,Cobham Equipment Finance LLC,COBEF,1735895,Cobham Leasing Holdings LLC,COBLH,1735900,Cobham Equipment Receivables Depositor LLC,Cobham Equipment Finance LLC,equipment
Cobham Mortgage Trust,COBM,1735936,Cobham Mortgage Company LLC,COBMC,1735919,Cobham Residential Capital LLC,COBRC,1735924,Cobham Mortgage Depositor LLC,Cobham Mortgage Company LLC,mortgage
Cobham Commercial Mortgage Trust,COBK,1735960,Cobham Commercial Realty Capital LLC,COBRE,1735943,Cobham Commercial Capital LLC,COBKC,1735948,Cobham Commercial Mortgage Depositor LLC,Cobham Commercial Realty Capital LLC,commercial
Cobham Corporate Credit Trust,COBP,1735984,Cobham Asset Management LLC,COBAM,1735967,Cobham Credit Partners LLC,COBCP,1735972,Cobham Credit Funding LLC,Cobham Asset Management LLC,corporate_credit
Cobham Specialty Asset Trust,COBR,1736008,Cobham Specialty Finance LLC,COBSF,1735991,Cobham Structured Capital LLC,COBSC,1735996,Cobham Specialty Funding LLC,PHH Mortgage Corporation,esoteric
Denby Auto Receivables Trust,DENA,1736032,Denby Auto Finance LLC,DENAF,1736015,Denby Capital Markets LLC,DENCM,1736020,Denby Auto Receivables Depositor LLC,Denby Auto Finance LLC,auto
Denby Credit Card Master Trust,DENC,1736056,Denby Card Services LLC,DENCS,1736039,Denby Payments Holdings LLC,DENPH,1736044,Denby Card Funding LLC,Denby Card Services LLC,card
Denby Consumer Loan Trust,DENU,1736080,Denby Consumer Finance LLC,DENCF,1736063,Denby Consumer Capital LLC,DENCC,1736068,Denby Consumer Receivables Depositor LLC,Denby Consumer Finance LLC,consumer
Denby Student Loan Trust,DENS,1736104,Denby Student Lending LLC,DENSL,1736087,Denby Education Capital LLC,DENEC,1736092,Denby Student Funding LLC,Denby Student Lending LLC,student
Denby Equipment Lease Trust,DENE,1736128,Denby Equipment Finance LLC,DENEF,1736111,Denby Leasing Holdings LLC,DENLH,1736116,Denby Equipment Receivables Depositor LLC,Denby Equipment Finance LLC,equipment
Denby Mortgage Trust,DENM,1736152,Denby Mortgage Company LLC,DENMC,1736135,Denby Residential Capital LLC,DENRC,1736140,Denby Mortgage Depositor LLC,Denby Mortgage Company LLC,mortgage
Denby Commercial Mortgage Trust,DENK,1736176,Denby Commercial Realty Capital LLC,DENRE,1736159,Denby Commercial Capital LLC,DENKC,1736164,Denby Commercial Mortgage Depositor LLC,Denby Commercial Realty Capital LLC,commercial
Denby Corporate Credit Trust,DENP,1736200,Denby Asset Management LLC,DENAM,1736183,Denby Credit Partners LLC,DENCP,1736188,Denby Credit Funding LLC,Denby Asset Management LLC,corporate_credit
Denby Specialty Asset Trust,DENR,1736224,Denby Specialty Finance LLC,DENSF,1736207,Denby Structured Capital LLC,DENSC,1736212,Denby Specialty Funding LLC,Denby Specialty Finance LLC,esoteric
Eltham Auto Receivables Trust,ELTA,1736248,Eltham Auto Finance LLC,ELTAF,1736231,Eltham Capital Markets LLC,ELTCM,1736236,Eltham Auto Receivables Depositor LLC,Nationstar Mortgage LLC,auto
Eltham Credit Card Master Trust,ELTC,1736272,Eltham Card Services LLC,ELTCS,1736255,Eltham Payments Holdings LLC,ELTPH,1736260,Eltham Card Funding LLC,Eltham Card Services LLC,card
Eltham Consumer Loan Trust,ELTU,1736296,Eltham Consumer Finance LLC,ELTCF,1736279,Eltham Consumer Capital LLC,ELTCC,1736284,Eltham Consumer Receivables Depositor LLC,Eltham Consumer Finance LLC,consumer
Eltham Student Loan Trust,ELTS,1736320,Eltham Student Lending LLC,ELTSL,1736303,Eltham Education Capital LLC,ELTEC,1736308,Eltham Student Funding LLC,Eltham Student Lending LLC,student
Eltham Equipment Lease Trust,ELTE,1736344,Eltham Equipment Finance LLC,ELTEF,1736327,Eltham Leasing Holdings LLC,ELTLH,1736332,Eltham Equipment Receivables Depositor LLC,Eltham Equipment Finance LLC,equipment
Eltham Mortgage Trust,ELTM,1736368,Eltham Mortgage Company LLC,ELTMC,1736351,Eltham Residential Capital LLC,ELTRC,1736356,Eltham Mortgage Depositor LLC,Eltham Mortgage Company LLC,mortgage
Eltham Commercial Mortgage Trust,ELTK,1736392,Eltham Commercial Realty Capital LLC,ELTRE,1736375,Eltham Commercial Capital LLC,ELTKC,1736380,Eltham Commercial Mortgage Depositor LLC,Eltham Commercial Realty Capital LLC,commercial
Eltham Corporate Credit Trust,ELTP,1736416,Eltham Asset Management LLC,ELTAM,1736399,Eltham Credit Partners LLC,ELTCP,1736404,Eltham Credit Funding LLC,Eltham Asset Management LLC,corporate_credit
Eltham Specialty Asset Trust,ELTR,1736440,Eltham Specialty Finance LLC,ELTSF,1736423,Eltham Structured Capital LLC,ELTSC,1736428,Eltham Specialty Funding LLC,Eltham Specialty Finance LLC,esoteric
Frampton Auto Receivables Trust,FRAA,1736464,Frampton Auto Finance LLC,FRAAF,1736447,Frampton Capital Markets LLC,FRACM,1736452,Frampton Auto Receivables Depositor LLC,Frampton Auto Finance LLC,auto
Frampton Credit Card Master Trust,FRAC,1736488,Frampton Card Services LLC,FRACS,1736471,Frampton Payments Holdings LLC,FRAPH,1736476,Frampton Card Funding LLC,"Systems & Services Technologies, Inc.",card
Frampton Consumer Loan Trust,FRAU,1736512,Frampton Consumer Finance LLC,FRACF,1736495,Frampton Consumer Capital LLC,FRACC,1736500,Frampton Consumer Receivables Depositor LLC,Frampton Consumer Finance LLC,consumer
Frampton Student Loan Trust,FRAS,1736536,Frampton Student Lending LLC,FRASL,1736519,Frampton Education Capital LLC,FRAEC,1736524,Frampton Student Funding LLC,Frampton Student Lending LLC,student
Frampton Equipment Lease Trust,FRAE,1736560,Frampton Equipment Finance LLC,FRAEF,1736543,Frampton Leasing Holdings LLC,FRALH,1736548,Frampton Equipment Receivables Depositor LLC,Frampton Equipment Finance LLC,equipment
Frampton Mortgage Trust,FRAM,1736584,Frampton Mortgage Company LLC,FRAMC,1736567,Frampton Residential Capital LLC,FRARC,1736572,Frampton Mortgage Depositor LLC,Frampton Mortgage Company LLC,mortgage
Frampton Commercial Mortgage Trust,FRAK,1736608,Frampton Commercial Realty Capital LLC,FRARE,1736591,Frampton Commercial Capital LLC,FRAKC,1736596,Frampton Commercial Mortgage Depositor LLC,Frampton Commercial Realty Capital LLC,commercial
Frampton Corporate Credit Trust,FRAP,1736632,Frampton Asset Management LLC,FRAAM,1736615,Frampton Credit Partners LLC,FRACP,1736620,Frampton Credit Funding LLC,Frampton Asset Management LLC,corporate_credit
Frampton Specialty Asset Trust,FRAR,1736656,Frampton Specialty Finance LLC,FRASF,1736639,Frampton Structured Capital LLC,FRASC,1736644,Frampton Specialty Funding LLC,Frampton Specialty Finance LLC,esoteric
Gladstone Auto Receivables Trust,GLAA,1736680,Gladstone Auto Finance LLC,GLAAF,1736663,Gladstone Capital Markets LLC,GLACM,1736668,Gladstone Auto Receivables Depositor LLC,Gladstone Auto Finance LLC,auto
Gladstone Credit Card Master Trust,GLAC,1736704,Gladstone Card Services LLC,GLACS,1736687,Gladstone Payments Holdings LLC,GLAPH,1736692,Gladstone Card Funding LLC,Gladstone Card Services LLC,card
Gladstone Consumer Loan Trust,GLAU,1736728,Gladstone Consumer Finance LLC,GLACF,1736711,Gladstone Consumer Capital LLC,GLACC,1736716,Gladstone Consumer Receivables Depositor LLC,Midland Loan Services,consumer
Gladstone Student Loan Trust,GLAS,1736752,Gladstone Student Lending LLC,GLASL,1736735,Gladstone Education Capital LLC,GLAEC,1736740,Gladstone Student Funding LLC,Gladstone Student Lending LLC,student
Gladstone Equipment Lease Trust,GLAE,1736776,Gladstone Equipment Finance LLC,GLAEF,1736759,Gladstone Leasing Holdings LLC,GLALH,1736764,Gladstone Equipment Receivables Depositor LLC,Gladstone Equipment Finance LLC,equipment
Gladstone Mortgage Trust,GLAM,1736800,Gladstone Mortgage Company LLC,GLAMC,1736783,Gladstone Residential Capital LLC,GLARC,1736788,Gladstone Mortgage Depositor LLC,Gladstone Mortgage Company LLC,mortgage
Gladstone Commercial Mortgage Trust,GLAK,1736824,Gladstone Commercial Realty Capital LLC,GLARE,1736807,Gladstone Commercial Capital LLC,GLAKC,1736812,Gladstone Commercial Mortgage Depositor LLC,Gladstone Commercial Realty Capital LLC,commercial
Gladstone Corporate Credit Trust,GLAP,1736848,Gladstone Asset Management LLC,GLAAM,1736831,Gladstone Credit Partners LLC,GLACP,1736836,Gladstone Credit Funding LLC,Gladstone Asset Management LLC,corporate_credit
Gladstone Specialty Asset Trust,GLAR,1736872,Gladstone Specialty Finance LLC,GLASF,1736855,Gladstone Structured Capital LLC,GLASC,1736860,Gladstone Specialty Funding LLC,Gladstone Specialty Finance LLC,esoteric
Henley Auto Receivables Trust,HENA,1736896,Henley Auto Finance LLC,HENAF,1736879,Henley Capital Markets LLC,HENCM,1736884,Henley Auto Receivables Depositor LLC,Henley Auto Finance LLC,auto
Henley Credit Card Master Trust,HENC,1736920,Henley Card Services LLC,HENCS,1736903,Henley Payments Holdings LLC,HENPH,1736908,Henley Card Funding LLC,Henley Card Services LLC,card
Henley Consumer Loan Trust,HENU,1736944,Henley Consumer Finance LLC,HENCF,1736927,Henley Consumer Capital LLC,HENCC,1736932,Henley Consumer Receivables Depositor LLC,Henley Consumer Finance LLC,consumer
Henley Student Loan Trust,HENS,1736968,Henley Student Lending LLC,HENSL,1736951,Henley Education Capital LLC,HENEC,1736956,Henley Student Funding LLC,Vervent Inc.,student
Henley Equipment Lease Trust,HENE,1736992,Henley Equipment Finance LLC,HENEF,1736975,Henley Leasing Holdings LLC,HENLH,1736980,Henley Equipment Receivables Depositor LLC,Henley Equipment Finance LLC,equipment
Henley Mortgage Trust,HENM,1737016,Henley Mortgage Company LLC,HENMC,1736999,Henley Residential Capital LLC,HENRC,1737004,Henley Mortgage Depositor LLC,Henley Mortgage Company LLC,mortgage
Henley Commercial Mortgage Trust,HENK,1737040,Henley Commercial Realty Capital LLC,HENRE,1737023,Henley Commercial Capital LLC,HENKC,1737028,Henley Commercial Mortgage Depositor LLC,Henley Commercial Realty Capital LLC,commercial
Henley Corporate Credit Trust,HENP,1737064,Henley Asset Management LLC,HENAM,1737047,Henley Credit Partners LLC,HENCP,1737052,Henley Credit Funding LLC,Henley Asset Management LLC,corporate_credit
Henley Specialty Asset Trust,HENR,1737088,Henley Specialty Finance LLC,HENSF,1737071,Henley Structured Capital LLC,HENSC,1737076,Henley Specialty Funding LLC,Henley Specialty Finance LLC,esoteric
Islington Auto Receivables Trust,ISLA,1737112,Islington Auto Finance LLC,ISLAF,1737095,Islington Capital Markets LLC,ISLCM,1737100,Islington Auto Receivables Depositor LLC,Islington Auto Finance LLC,auto
Islington Credit Card Master Trust,ISLC,1737136,Islington Card Services LLC,ISLCS,1737119,Islington Payments Holdings LLC,ISLPH,1737124,Islington Card Funding LLC,Islington Card Services LLC,card
Islington Consumer Loan Trust,ISLU,1737160,Islington Consumer Finance LLC,ISLCF,1737143,Islington Consumer Capital LLC,ISLCC,1737148,Islington Consumer Receivables Depositor LLC,Islington Consumer Finance LLC,consumer
Islington Student Loan Trust,ISLS,1737184,Islington Student Lending LLC,ISLSL,1737167,Islington Education Capital LLC,ISLEC,1737172,Islington Student Funding LLC,Islington Student Lending LLC,student
Islington Equipment Lease Trust,ISLE,1737208,Islington Equipment Finance LLC,ISLEF,1737191,Islington Leasing Holdings LLC,ISLLH,1737196,Islington Equipment Receivables Depositor LLC,KeyBank Real Estate Capital,equipment
Islington Mortgage Trust,ISLM,1737232,Islington Mortgage Company LLC,ISLMC,1737215,Islington Residential Capital LLC,ISLRC,1737220,Islington Mortgage Depositor LLC,Islington Mortgage Company LLC,mortgage
Islington Commercial Mortgage Trust,ISLK,1737256,Islington Commercial Realty Capital LLC,ISLRE,1737239,Islington Commercial Capital LLC,ISLKC,1737244,Islington Commercial Mortgage Depositor LLC,Islington Commercial Realty Capital LLC,commercial
Islington Corporate Credit Trust,ISLP,1737280,Islington Asset Management LLC,ISLAM,1737263,Islington Credit Partners LLC,ISLCP,1737268,Islington Credit Funding LLC,Islington Asset Management LLC,corporate_credit
Islington Specialty Asset Trust,ISLR,1737304,Islington Specialty Finance LLC,ISLSF,1737287,Islington Structured Capital LLC,ISLSC,1737292,Islington Specialty Funding LLC,Islington Specialty Finance LLC,esoteric
Jesmond Auto Receivables Trust,JESA,1737328,Jesmond Auto Finance LLC,JESAF,1737311,Jesmond Capital Markets LLC,JESCM,1737316,Jesmond Auto Receivables Depositor LLC,Jesmond Auto Finance LLC,auto
Jesmond Credit Card Master Trust,JESC,1737352,Jesmond Card Services LLC,JESCS,1737335,Jesmond Payments Holdings LLC,JESPH,1737340,Jesmond Card Funding LLC,Jesmond Card Services LLC,card
Jesmond Consumer Loan Trust,JESU,1737376,Jesmond Consumer Finance LLC,JESCF,1737359,Jesmond Consumer Capital LLC,JESCC,1737364,Jesmond Consumer Receivables Depositor LLC,Jesmond Consumer Finance LLC,consumer
Jesmond Student Loan Trust,JESS,1737400,Jesmond Student Lending LLC,JESSL,1737383,Jesmond Education Capital LLC,JESEC,1737388,Jesmond Student Funding LLC,Jesmond Student Lending LLC,student
Jesmond Equipment Lease Trust,JESE,1737424,Jesmond Equipment Finance LLC,JESEF,1737407,Jesmond Leasing Holdings LLC,JESLH,1737412,Jesmond Equipment Receivables Depositor LLC,Jesmond Equipment Finance LLC,equipment
Jesmond Mortgage Trust,JESM,1737448,Jesmond Mortgage Company LLC,JESMC,1737431,Jesmond Residential Capital LLC,JESRC,1737436,Jesmond Mortgage Depositor LLC,Wells Fargo Commercial Mortgage Servicing,mortgage
Jesmond Commercial Mortgage Trust,JESK,1737472,Jesmond Commercial Realty Capital LLC,JESRE,1737455,Jesmond Commercial Capital LLC,JESKC,1737460,Jesmond Commercial Mortgage Depositor LLC,Jesmond Commercial Realty Capital LLC,commercial
Jesmond Corporate Credit Trust,JESP,1737496,Jesmond Asset Management LLC,JESAM,1737479,Jesmond Credit Partners LLC,JESCP,1737484,Jesmond Credit Funding LLC,Jesmond Asset Management LLC,corporate_credit
Jesmond Specialty Asset Trust,JESR,1737520,Jesmond Specialty Finance LLC,JESSF,1737503,Jesmond Structured Capital LLC,JESSC,1737508,Jesmond Specialty Funding LLC,Jesmond Specialty Finance LLC,esoteric
Kelmscott Auto Receivables Trust,KLMA,1737544,Kelmscott Auto Finance LLC,KLMAF,1737527,Kelmscott Capital Markets LLC,KLMCM,1737532,Kelmscott Auto Receivables Depositor LLC,Kelmscott Auto Finance LLC,auto
Kelmscott Credit Card Master Trust,KLMC,1737568,Kelmscott Card Services LLC,KLMCS,1737551,Kelmscott Payments Holdings LLC,KLMPH,1737556,Kelmscott Card Funding LLC,Kelmscott Card Services LLC,card
Kelmscott Consumer Loan Trust,KLMU,1737592,Kelmscott Consumer Finance LLC,KLMCF,1737575,Kelmscott Consumer Capital LLC,KLMCC,1737580,Kelmscott Consumer Receivables Depositor LLC,Kelmscott Consumer Finance LLC,consumer
Kelmscott Student Loan Trust,KLMS,1737616,Kelmscott Student Lending LLC,KLMSL,1737599,Kelmscott Education Capital LLC,KLMEC,1737604,Kelmscott Student Funding LLC,Kelmscott Student Lending LLC,student
Kelmscott Equipment Lease Trust,KLME,1737640,Kelmscott Equipment Finance LLC,KLMEF,1737623,Kelmscott Leasing Holdings LLC,KLMLH,1737628,Kelmscott Equipment Receivables Depositor LLC,Kelmscott Equipment Finance LLC,equipment
Kelmscott Mortgage Trust,KLMM,1737664,Kelmscott Mortgage Company LLC,KLMMC,1737647,Kelmscott Residential Capital LLC,KLMRC,1737652,Kelmscott Mortgage Depositor LLC,Kelmscott Mortgage Company LLC,mortgage
Kelmscott Commercial Mortgage Trust,KLMK,1737688,Kelmscott Commercial Realty Capital LLC,KLMRE,1737671,Kelmscott Commercial Capital LLC,KLMKC,1737676,Kelmscott Commercial Mortgage Depositor LLC,Vervent Inc.,commercial
Kelmscott Corporate Credit Trust,KLMP,1737712,Kelmscott Asset Management LLC,KLMAM,1737695,Kelmscott Credit Partners LLC,KLMCP,1737700,Kelmscott Credit Funding LLC,Kelmscott Asset Management LLC,corporate_credit
Kelmscott Specialty Asset Trust,KLMR,1737736,Kelmscott Specialty Finance LLC,KLMSF,1737719,Kelmscott Structured Capital LLC,KLMSC,1737724,Kelmscott Specialty Funding LLC,Kelmscott Specialty Finance LLC,esoteric
Ludlow Auto Receivables Trust,LUDA,1737760,Ludlow Auto Finance LLC,LUDAF,1737743,Ludlow Capital Markets LLC,LUDCM,1737748,Ludlow Auto Receivables Depositor LLC,Ludlow Auto Finance LLC,auto
Ludlow Credit Card Master Trust,LUDC,1737784,Ludlow Card Services LLC,LUDCS,1737767,Ludlow Payments Holdings LLC,LUDPH,1737772,Ludlow Card Funding LLC,Ludlow Card Services LLC,card
Ludlow Consumer Loan Trust,LUDU,1737808,Ludlow Consumer Finance LLC,LUDCF,1737791,Ludlow Consumer Capital LLC,LUDCC,1737796,Ludlow Consumer Receivables Depositor LLC,Ludlow Consumer Finance LLC,consumer
Ludlow Student Loan Trust,LUDS,1737832,Ludlow Student Lending LLC,LUDSL,1737815,Ludlow Education Capital LLC,LUDEC,1737820,Ludlow Student Funding LLC,Ludlow Student Lending LLC,student
Ludlow Equipment Lease Trust,LUDE,1737856,Ludlow Equipment Finance LLC,LUDEF,1737839,Ludlow Leasing Holdings LLC,LUDLH,1737844,Ludlow Equipment Receivables Depositor LLC,Ludlow Equipment Finance LLC,equipment
Ludlow Mortgage Trust,LUDM,1737880,Ludlow Mortgage Company LLC,LUDMC,1737863,Ludlow Residential Capital LLC,LUDRC,1737868,Ludlow Mortgage Depositor LLC,Ludlow Mortgage Company LLC,mortgage
Ludlow Commercial Mortgage Trust,LUDK,1737904,Ludlow Commercial Realty Capital LLC,LUDRE,1737887,Ludlow Commercial Capital LLC,LUDKC,1737892,Ludlow Commercial Mortgage Depositor LLC,Ludlow Commercial Realty Capital LLC,commercial
Ludlow Corporate Credit Trust,LUDP,1737928,Ludlow Asset Management LLC,LUDAM,1737911,Ludlow Credit Partners LLC,LUDCP,1737916,Ludlow Credit Funding LLC,Computershare Loan Services,corporate_credit
Ludlow Specialty Asset Trust,LUDR,1737952,Ludlow Specialty Finance LLC,LUDSF,1737935,Ludlow Structured Capital LLC,LUDSC,1737940,Ludlow Specialty Funding LLC,Ludlow Specialty Finance LLC,esoteric
Mowbray Auto Receivables Trust,MOWA,1737976,Mowbray Auto Finance LLC,MOWAF,1737959,Mowbray Capital Markets LLC,MOWCM,1737964,Mowbray Auto Receivables Depositor LLC,Mowbray Auto Finance LLC,auto
Mowbray Credit Card Master Trust,MOWC,1738000,Mowbray Card Services LLC,MOWCS,1737983,Mowbray Payments Holdings LLC,MOWPH,1737988,Mowbray Card Funding LLC,Mowbray Card Services LLC,card
Mowbray Consumer Loan Trust,MOWU,1738024,Mowbray Consumer Finance LLC,MOWCF,1738007,Mowbray Consumer Capital LLC,MOWCC,1738012,Mowbray Consumer Receivables Depositor LLC,Mowbray Consumer Finance LLC,consumer
Mowbray Student Loan Trust,MOWS,1738048,Mowbray Student Lending LLC,MOWSL,1738031,Mowbray Education Capital LLC,MOWEC,1738036,Mowbray Student Funding LLC,Mowbray Student Lending LLC,student
Mowbray Equipment Lease Trust,MOWE,1738072,Mowbray Equipment Finance LLC,MOWEF,1738055,Mowbray Leasing Holdings LLC,MOWLH,1738060,Mowbray Equipment Receivables Depositor LLC,Mowbray Equipment Finance LLC,equipment
Mowbray Mortgage Trust,MOWM,1738096,Mowbray Mortgage Company LLC,MOWMC,1738079,Mowbray Residential Capital LLC,MOWRC,1738084,Mowbray Mortgage Depositor LLC,Mowbray Mortgage Company LLC,mortgage
Mowbray Commercial Mortgage Trust,MOWK,1738120,Mowbray Commercial Realty Capital LLC,MOWRE,1738103,Mowbray Commercial Capital LLC,MOWKC,1738108,Mowbray Commercial Mortgage Depositor LLC,Mowbray Commercial Realty Capital LLC,commercial
Mowbray Corporate Credit Trust,MOWP,1738144,Mowbray Asset Management LLC,MOWAM,1738127,Mowbray Credit Partners LLC,MOWCP,1738132,Mowbray Credit Funding LLC,Mowbray Asset Management LLC,corporate_credit
Mowbray Specialty Asset Trust,MOWR,1738168,Mowbray Specialty Finance LLC,MOWSF,1738151,Mowbray Structured Capital LLC,MOWSC,1738156,Mowbray Specialty Funding LLC,Cenlar FSB,esoteric
Newquay Auto Receivables Trust,NWQA,1738192,Newquay Auto Finance LLC,NWQAF,1738175,Newquay Capital Markets LLC,NWQCM,1738180,Newquay Auto Receivables Depositor LLC,Newquay Auto Finance LLC,auto
Newquay Credit Card Master Trust,NWQC,1738216,Newquay Card Services LLC,NWQCS,1738199,Newquay Payments Holdings LLC,NWQPH,1738204,Newquay Card Funding LLC,Newquay Card Services LLC,card
Newquay Consumer Loan Trust,NWQU,1738240,Newquay Consumer Finance LLC,NWQCF,1738223,Newquay Consumer Capital LLC,NWQCC,1738228,Newquay Consumer Receivables Depositor LLC,Newquay Consumer Finance LLC,consumer
Newquay Student Loan Trust,NWQS,1738264,Newquay Student Lending LLC,NWQSL,1738247,Newquay Education Capital LLC,NWQEC,1738252,Newquay Student Funding LLC,Newquay Student Lending LLC,student
Newquay Equipment Lease Trust,NWQE,1738288,Newquay Equipment Finance LLC,NWQEF,1738271,Newquay Leasing Holdings LLC,NWQLH,1738276,Newquay Equipment Receivables Depositor LLC,Newquay Equipment Finance LLC,equipment
Newquay Mortgage Trust,NWQM,1738312,Newquay Mortgage Company LLC,NWQMC,1738295,Newquay Residential Capital LLC,NWQRC,1738300,Newquay Mortgage Depositor LLC,Newquay Mortgage Company LLC,mortgage
Newquay Commercial Mortgage Trust,NWQK,1738336,Newquay Commercial Realty Capital LLC,NWQRE,1738319,Newquay Commercial Capital LLC,NWQKC,1738324,Newquay Commercial Mortgage Depositor LLC,Newquay Commercial Realty Capital LLC,commercial
Newquay Corporate Credit Trust,NWQP,1738360,Newquay Asset Management LLC,NWQAM,1738343,Newquay Credit Partners LLC,NWQCP,1738348,Newquay Credit Funding LLC,Newquay Asset Management LLC,corporate_credit
Newquay Specialty Asset Trust,NWQR,1738384,Newquay Specialty Finance LLC,NWQSF,1738367,Newquay Structured Capital LLC,NWQSC,1738372,Newquay Specialty Funding LLC,Newquay Specialty Finance LLC,esoteric
Osterley Auto Receivables Trust,OSTA,1738408,Osterley Auto Finance LLC,OSTAF,1738391,Osterley Capital Markets LLC,OSTCM,1738396,Osterley Auto Receivables Depositor LLC,"Select Portfolio Servicing, Inc.",auto
Osterley Credit Card Master Trust,OSTC,1738432,Osterley Card Services LLC,OSTCS,1738415,Osterley Payments Holdings LLC,OSTPH,1738420,Osterley Card Funding LLC,Osterley Card Services LLC,card
Osterley Consumer Loan Trust,OSTU,1738456,Osterley Consumer Finance LLC,OSTCF,1738439,Osterley Consumer Capital LLC,OSTCC,1738444,Osterley Consumer Receivables Depositor LLC,Osterley Consumer Finance LLC,consumer
Osterley Student Loan Trust,OSTS,1738480,Osterley Student Lending LLC,OSTSL,1738463,Osterley Education Capital LLC,OSTEC,1738468,Osterley Student Funding LLC,Osterley Student Lending LLC,student
Osterley Equipment Lease Trust,OSTE,1738504,Osterley Equipment Finance LLC,OSTEF,1738487,Osterley Leasing Holdings LLC,OSTLH,1738492,Osterley Equipment Receivables Depositor LLC,Osterley Equipment Finance LLC,equipment
Osterley Mortgage Trust,OSTM,1738528,Osterley Mortgage Company LLC,OSTMC,1738511,Osterley Residential Capital LLC,OSTRC,1738516,Osterley Mortgage Depositor LLC,Osterley Mortgage Company LLC,mortgage
Osterley Commercial Mortgage Trust,OSTK,1738552,Osterley Commercial Realty Capital LLC,OSTRE,1738535,Osterley Commercial Capital LLC,OSTKC,1738540,Osterley Commercial Mortgage Depositor LLC,Osterley Commercial Realty Capital LLC,commercial
Osterley Corporate Credit Trust,OSTP,1738576,Osterley Asset Management LLC,OSTAM,1738559,Osterley Credit Partners LLC,OSTCP,1738564,Osterley Credit Funding LLC,Osterley Asset Management LLC,corporate_credit
Osterley Specialty Asset Trust,OSTR,1738600,Osterley Specialty Finance LLC,OSTSF,1738583,Osterley Structured Capital LLC,OSTSC,1738588,Osterley Specialty Funding LLC,Osterley Specialty Finance LLC,esoteric
Petworth Auto Receivables Trust,PETA,1738624,Petworth Auto Finance LLC,PETAF,1738607,Petworth Capital Markets LLC,PETCM,1738612,Petworth Auto Receivables Depositor LLC,Petworth Auto Finance LLC,auto
Petworth Credit Card Master Trust,PETC,1738648,Petworth Card Services LLC,PETCS,1738631,Petworth Payments Holdings LLC,PETPH,1738636,Petworth Card Funding LLC,Computershare Loan Services,card
Petworth Consumer Loan Trust,PETU,1738672,Petworth Consumer Finance LLC,PETCF,1738655,Petworth Consumer Capital LLC,PETCC,1738660,Petworth Consumer Receivables Depositor LLC,Petworth Consumer Finance LLC,consumer
Petworth Student Loan Trust,PETS,1738696,Petworth Student Lending LLC,PETSL,1738679,Petworth Education Capital LLC,PETEC,1738684,Petworth Student Funding LLC,Petworth Student Lending LLC,student
Petworth Equipment Lease Trust,PETE,1738720,Petworth Equipment Finance LLC,PETEF,1738703,Petworth Leasing Holdings LLC,PETLH,1738708,Petworth Equipment Receivables Depositor LLC,Petworth Equipment Finance LLC,equipment
Petworth Mortgage Trust,PETM,1738744,Petworth Mortgage Company LLC,PETMC,1738727,Petworth Residential Capital LLC,PETRC,1738732,Petworth Mortgage Depositor LLC,Petworth Mortgage Company LLC,mortgage
Petworth Commercial Mortgage Trust,PETK,1738768,Petworth Commercial Realty Capital LLC,PETRE,1738751,Petworth Commercial Capital LLC,PETKC,1738756,Petworth Commercial Mortgage Depositor LLC,Petworth Commercial Realty Capital LLC,commercial
Petworth Corporate Credit Trust,PETP,1738792,Petworth Asset Management LLC,PETAM,1738775,Petworth Credit Partners LLC,PETCP,1738780,Petworth Credit Funding LLC,Petworth Asset Management LLC,corporate_credit
Petworth Specialty Asset Trust,PETR,1738816,Petworth Specialty Finance LLC,PETSF,1738799,Petworth Structured Capital LLC,PETSC,1738804,Petworth Specialty Funding LLC,Petworth Specialty Finance LLC,esoteric
Quorndon Auto Receivables Trust,QUOA,1738840,Quorndon Auto Finance LLC,QUOAF,1738823,Quorndon Capital Markets LLC,QUOCM,1738828,Quorndon Auto Receivables Depositor LLC,Quorndon Auto Finance LLC,auto
Quorndon Credit Card Master Trust,QUOC,1738864,Quorndon Card Services LLC,QUOCS,1738847,Quorndon Payments Holdings LLC,QUOPH,1738852,Quorndon Card Funding LLC,Quorndon Card Services LLC,card
Quorndon Consumer Loan Trust,QUOU,1738888,Quorndon Consumer Finance LLC,QUOCF,1738871,Quorndon Consumer Capital LLC,QUOCC,1738876,Quorndon Consumer Receivables Depositor LLC,Shellpoint Mortgage Servicing,consumer
Quorndon Student Loan Trust,QUOS,1738912,Quorndon Student Lending LLC,QUOSL,1738895,Quorndon Education Capital LLC,QUOEC,1738900,Quorndon Student Funding LLC,Quorndon Student Lending LLC,student
Quorndon Equipment Lease Trust,QUOE,1738936,Quorndon Equipment Finance LLC,QUOEF,1738919,Quorndon Leasing Holdings LLC,QUOLH,1738924,Quorndon Equipment Receivables Depositor LLC,Quorndon Equipment Finance LLC,equipment
Quorndon Mortgage Trust,QUOM,1738960,Quorndon Mortgage Company LLC,QUOMC,1738943,Quorndon Residential Capital LLC,QUORC,1738948,Quorndon Mortgage Depositor LLC,Quorndon Mortgage Company LLC,mortgage
Quorndon Commercial Mortgage Trust,QUOK,1738984,Quorndon Commercial Realty Capital LLC,QUORE,1738967,Quorndon Commercial Capital LLC,QUOKC,1738972,Quorndon Commercial Mortgage Depositor LLC,Quorndon Commercial Realty Capital LLC,commercial
Quorndon Corporate Credit Trust,QUOP,1739008,Quorndon Asset Management LLC,QUOAM,1738991,Quorndon Credit Partners LLC,QUOCP,1738996,Quorndon Credit Funding LLC,Quorndon Asset Management LLC,corporate_credit
Quorndon Specialty Asset Trust,QUOR,1739032,Quorndon Specialty Finance LLC,QUOSF,1739015,Quorndon Structured Capital LLC,QUOSC,1739020,Quorndon Specialty Funding LLC,Quorndon Specialty Finance LLC,esoteric
Radlett Auto Receivables Trust,RADA,1739056,Radlett Auto Finance LLC,RADAF,1739039,Radlett Capital Markets LLC,RADCM,1739044,Radlett Auto Receivables Depositor LLC,Radlett Auto Finance LLC,auto
Radlett Credit Card Master Trust,RADC,1739080,Radlett Card Services LLC,RADCS,1739063,Radlett Payments Holdings LLC,RADPH,1739068,Radlett Card Funding LLC,Radlett Card Services LLC,card
Radlett Consumer Loan Trust,RADU,1739104,Radlett Consumer Finance LLC,RADCF,1739087,Radlett Consumer Capital LLC,RADCC,1739092,Radlett Consumer Receivables Depositor LLC,Radlett Consumer Finance LLC,consumer
Radlett Student Loan Trust,RADS,1739128,Radlett Student Lending LLC,RADSL,1739111,Radlett Education Capital LLC,RADEC,1739116,Radlett Student Funding LLC,KeyBank Real Estate Capital,student
Radlett Equipment Lease Trust,RADE,1739152,Radlett Equipment Finance LLC,RADEF,1739135,Radlett Leasing Holdings LLC,RADLH,1739140,Radlett Equipment Receivables Depositor LLC,Radlett Equipment Finance LLC,equipment
Radlett Mortgage Trust,RADM,1739176,Radlett Mortgage Company LLC,RADMC,1739159,Radlett Residential Capital LLC,RADRC,1739164,Radlett Mortgage Depositor LLC,Radlett Mortgage Company LLC,mortgage
Radlett Commercial Mortgage Trust,RADK,1739200,Radlett Commercial Realty Capital LLC,RADRE,1739183,Radlett Commercial Capital LLC,RADKC,1739188,Radlett Commercial Mortgage Depositor LLC,Radlett Commercial Realty Capital LLC,commercial
Radlett Corporate Credit Trust,RADP,1739224,Radlett Asset Management LLC,RADAM,1739207,Radlett Credit Partners LLC,RADCP,1739212,Radlett Credit Funding LLC,Radlett Asset Management LLC,corporate_credit
Radlett Specialty Asset Trust,RADR,1739248,Radlett Specialty Finance LLC,RADSF,1739231,Radlett Structured Capital LLC,RADSC,1739236,Radlett Specialty Funding LLC,Radlett Specialty Finance LLC,esoteric
Saltburn Auto Receivables Trust,SALA,1739272,Saltburn Auto Finance LLC,SALAF,1739255,Saltburn Capital Markets LLC,SALCM,1739260,Saltburn Auto Receivables Depositor LLC,Saltburn Auto Finance LLC,auto
Saltburn Credit Card Master Trust,SALC,1739296,Saltburn Card Services LLC,SALCS,1739279,Saltburn Payments Holdings LLC,SALPH,1739284,Saltburn Card Funding LLC,Saltburn Card Services LLC,card
Saltburn Consumer Loan Trust,SALU,1739320,Saltburn Consumer Finance LLC,SALCF,1739303,Saltburn Consumer Capital LLC,SALCC,1739308,Saltburn Consumer Receivables Depositor LLC,Saltburn Consumer Finance LLC,consumer
Saltburn Student Loan Trust,SALS,1739344,Saltburn Student Lending LLC,SALSL,1739327,Saltburn Education Capital LLC,SALEC,1739332,Saltburn Student Funding LLC,Saltburn Student Lending LLC,student
Saltburn Equipment Lease Trust,SALE,1739368,Saltburn Equipment Finance LLC,SALEF,1739351,Saltburn Leasing Holdings LLC,SALLH,1739356,Saltburn Equipment Receivables Depositor LLC,"Select Portfolio Servicing, Inc.",equipment
Saltburn Mortgage Trust,SALM,1739392,Saltburn Mortgage Company LLC,SALMC,1739375,Saltburn Residential Capital LLC,SALRC,1739380,Saltburn Mortgage Depositor LLC,Saltburn Mortgage Company LLC,mortgage
Saltburn Commercial Mortgage Trust,SALK,1739416,Saltburn Commercial Realty Capital LLC,SALRE,1739399,Saltburn Commercial Capital LLC,SALKC,1739404,Saltburn Commercial Mortgage Depositor LLC,Saltburn Commercial Realty Capital LLC,commercial
Saltburn Corporate Credit Trust,SALP,1739440,Saltburn Asset Management LLC,SALAM,1739423,Saltburn Credit Partners LLC,SALCP,1739428,Saltburn Credit Funding LLC,Saltburn Asset Management LLC,corporate_credit
Saltburn Specialty Asset Trust,SALR,1739464,Saltburn Specialty Finance LLC,SALSF,1739447,Saltburn Structured Capital LLC,SALSC,1739452,Saltburn Specialty Funding LLC,Saltburn Specialty Finance LLC,esoteric
Tiverton Auto Receivables Trust,TIVA,1739488,Tiverton Auto Finance LLC,TIVAF,1739471,Tiverton Capital Markets LLC,TIVCM,1739476,Tiverton Auto Receivables Depositor LLC,Tiverton Auto Finance LLC,auto
Tiverton Credit Card Master Trust,TIVC,1739512,Tiverton Card Services LLC,TIVCS,1739495,Tiverton Payments Holdings LLC,TIVPH,1739500,Tiverton Card Funding LLC,Tiverton Card Services LLC,card
Tiverton Consumer Loan Trust,TIVU,1739536,Tiverton Consumer Finance LLC,TIVCF,1739519,Tiverton Consumer Capital LLC,TIVCC,1739524,Tiverton Consumer Receivables Depositor LLC,Tiverton Consumer Finance LLC,consumer
Tiverton Student Loan Trust,TIVS,1739560,Tiverton Student Lending LLC,TIVSL,1739543,Tiverton Education Capital LLC,TIVEC,1739548,Tiverton Student Funding LLC,Tiverton Student Lending LLC,student
Tiverton Equipment Lease Trust,TIVE,1739584,Tiverton Equipment Finance LLC,TIVEF,1739567,Tiverton Leasing Holdings LLC,TIVLH,1739572,Tiverton Equipment Receivables Depositor LLC,Tiverton Equipment Finance LLC,equipment
Tiverton Mortgage Trust,TIVM,1739608,Tiverton Mortgage Company LLC,TIVMC,1739591,Tiverton Residential Capital LLC,TIVRC,1739596,Tiverton Mortgage Depositor LLC,"Systems & Services Technologies, Inc.",mortgage
Tiverton Commercial Mortgage Trust,TIVK,1739632,Tiverton Commercial Realty Capital LLC,TIVRE,1739615,Tiverton Commercial Capital LLC,TIVKC,1739620,Tiverton Commercial Mortgage Depositor LLC,Tiverton Commercial Realty Capital LLC,commercial
Tiverton Corporate Credit Trust,TIVP,1739656,Tiverton Asset Management LLC,TIVAM,1739639,Tiverton Credit Partners LLC,TIVCP,1739644,Tiverton Credit Funding LLC,Tiverton Asset Management LLC,corporate_credit
Tiverton Specialty Asset Trust,TIVR,1739680,Tiverton Specialty Finance LLC,TIVSF,1739663,Tiverton Structured Capital LLC,TIVSC,1739668,Tiverton Specialty Funding LLC,Tiverton Specialty Finance LLC,esoteric
Upminster Auto Receivables Trust,UPMA,1739704,Upminster Auto Finance LLC,UPMAF,1739687,Upminster Capital Markets LLC,UPMCM,1739692,Upminster Auto Receivables Depositor LLC,Upminster Auto Finance LLC,auto
Upminster Credit Card Master Trust,UPMC,1739728,Upminster Card Services LLC,UPMCS,1739711,Upminster Payments Holdings LLC,UPMPH,1739716,Upminster Card Funding LLC,Upminster Card Services LLC,card
Upminster Consumer Loan Trust,UPMU,1739752,Upminster Consumer Finance LLC,UPMCF,1739735,Upminster Consumer Capital LLC,UPMCC,1739740,Upminster Consumer Receivables Depositor LLC,Upminster Consumer Finance LLC,consumer
Upminster Student Loan Trust,UPMS,1739776,Upminster Student Lending LLC,UPMSL,1739759,Upminster Education Capital LLC,UPMEC,1739764,Upminster Student Funding LLC,Upminster Student Lending LLC,student
Upminster Equipment Lease Trust,UPME,1739800,Upminster Equipment Finance LLC,UPMEF,1739783,Upminster Leasing Holdings LLC,UPMLH,1739788,Upminster Equipment Receivables Depositor LLC,Upminster Equipment Finance LLC,equipment
Upminster Mortgage Trust,UPMM,1739824,Upminster Mortgage Company LLC,UPMMC,1739807,Upminster Residential Capital LLC,UPMRC,1739812,Upminster Mortgage Depositor LLC,Upminster Mortgage Company LLC,mortgage
Upminster Commercial Mortgage Trust,UPMK,1739848,Upminster Commercial Realty Capital LLC,UPMRE,1739831,Upminster Commercial Capital LLC,UPMKC,1739836,Upminster Commercial Mortgage Depositor LLC,Vervent Inc.,commercial
Upminster Corporate Credit Trust,UPMP,1739872,Upminster Asset Management LLC,UPMAM,1739855,Upminster Credit Partners LLC,UPMCP,1739860,Upminster Credit Funding LLC,Upminster Asset Management LLC,corporate_credit
Upminster Specialty Asset Trust,UPMR,1739896,Upminster Specialty Finance LLC,UPMSF,1739879,Upminster Structured Capital LLC,UPMSC,1739884,Upminster Specialty Funding LLC,Upminster Specialty Finance LLC,esoteric
Vauxhall Auto Receivables Trust,VAUA,1739920,Vauxhall Auto Finance LLC,VAUAF,1739903,Vauxhall Capital Markets LLC,VAUCM,1739908,Vauxhall Auto Receivables Depositor LLC,Vauxhall Auto Finance LLC,auto
Vauxhall Credit Card Master Trust,VAUC,1739944,Vauxhall Card Services LLC,VAUCS,1739927,Vauxhall Payments Holdings LLC,VAUPH,1739932,Vauxhall Card Funding LLC,Vauxhall Card Services LLC,card
Vauxhall Consumer Loan Trust,VAUU,1739968,Vauxhall Consumer Finance LLC,VAUCF,1739951,Vauxhall Consumer Capital LLC,VAUCC,1739956,Vauxhall Consumer Receivables Depositor LLC,Vauxhall Consumer Finance LLC,consumer
Vauxhall Student Loan Trust,VAUS,1739992,Vauxhall Student Lending LLC,VAUSL,1739975,Vauxhall Education Capital LLC,VAUEC,1739980,Vauxhall Student Funding LLC,Vauxhall Student Lending LLC,student
Vauxhall Equipment Lease Trust,VAUE,1740016,Vauxhall Equipment Finance LLC,VAUEF,1739999,Vauxhall Leasing Holdings LLC,VAULH,1740004,Vauxhall Equipment Receivables Depositor LLC,Vauxhall Equipment Finance LLC,equipment
Vauxhall Mortgage Trust,VAUM,1740040,Vauxhall Mortgage Company LLC,VAUMC,1740023,Vauxhall Residential Capital LLC,VAURC,1740028,Vauxhall Mortgage Depositor LLC,Vauxhall Mortgage Company LLC,mortgage
Vauxhall Commercial Mortgage Trust,VAUK,1740064,Vauxhall Commercial Realty Capital LLC,VAURE,1740047,Vauxhall Commercial Capital LLC,VAUKC,1740052,Vauxhall Commercial Mortgage Depositor LLC,Vauxhall Commercial Realty Capital LLC,commercial
Vauxhall Corporate Credit Trust,VAUP,1740088,Vauxhall Asset Management LLC,VAUAM,1740071,Vauxhall Credit Partners LLC,VAUCP,1740076,Vauxhall Credit Funding LLC,Statebridge Company LLC,corporate_credit
Vauxhall Specialty Asset Trust,VAUR,1740112,Vauxhall Specialty Finance LLC,VAUSF,1740095,Vauxhall Structured Capital LLC,VAUSC,1740100,Vauxhall Specialty Funding LLC,Vauxhall Specialty Finance LLC,esoteric
Warkworth Auto Receivables Trust,WARA,1740136,Warkworth Auto Finance LLC,WARAF,1740119,Warkworth Capital Markets LLC,WARCM,1740124,Warkworth Auto Receivables Depositor LLC,Warkworth Auto Finance LLC,auto
Warkworth Credit Card Master Trust,WARC,1740160,Warkworth Card Services LLC,WARCS,1740143,Warkworth Payments Holdings LLC,WARPH,1740148,Warkworth Card Funding LLC,Warkworth Card Services LLC,card
Warkworth Consumer Loan Trust,WARU,1740184,Warkworth Consumer Finance LLC,WARCF,1740167,Warkworth Consumer Capital LLC,WARCC,1740172,Warkworth Consumer Receivables Depositor LLC,Warkworth Consumer Finance LLC,consumer
Warkworth Student Loan Trust,WARS,1740208,Warkworth Student Lending LLC,WARSL,1740191,Warkworth Education Capital LLC,WAREC,1740196,Warkworth Student Funding LLC,Warkworth Student Lending LLC,student
Warkworth Equipment Lease Trust,WARE,1740232,Warkworth Equipment Finance LLC,WAREF,1740215,Warkworth Leasing Holdings LLC,WARLH,1740220,Warkworth Equipment Receivables Depositor LLC,Warkworth Equipment Finance LLC,equipment
Warkworth Mortgage Trust,WARM,1740256,Warkworth Mortgage Company LLC,WARMC,1740239,Warkworth Residential Capital LLC,WARRC,1740244,Warkworth Mortgage Depositor LLC,Warkworth Mortgage Company LLC,mortgage
Warkworth Commercial Mortgage Trust,WARK,1740280,Warkworth Commercial Realty Capital LLC,WARRE,1740263,Warkworth Commercial Capital LLC,WARKC,1740268,Warkworth Commercial Mortgage Depositor LLC,Warkworth Commercial Realty Capital LLC,commercial
Warkworth Corporate Credit Trust,WARP,1740304,Warkworth Asset Management LLC,WARAM,1740287,Warkworth Credit Partners LLC,WARCP,1740292,Warkworth Credit Funding LLC,Warkworth Asset Management LLC,corporate_credit
Warkworth Specialty Asset Trust,WARR,1740328,Warkworth Specialty Finance LLC,WARSF,1740311,Warkworth Structured Capital LLC,WARSC,1740316,Warkworth Specialty Funding LLC,Computershare Loan Services,esoteric
Alnwick Auto Receivables Trust,ALNA,1740352,Alnwick Auto Finance LLC,ALNAF,1740335,Alnwick Capital Markets LLC,ALNCM,1740340,Alnwick Auto Receivables Depositor LLC,Alnwick Auto Finance LLC,auto
Alnwick Credit Card Master Trust,ALNC,1740376,Alnwick Card Services LLC,ALNCS,1740359,Alnwick Payments Holdings LLC,ALNPH,1740364,Alnwick Card Funding LLC,Alnwick Card Services LLC,card
Alnwick Consumer Loan Trust,ALNU,1740400,Alnwick Consumer Finance LLC,ALNCF,1740383,Alnwick Consumer Capital LLC,ALNCC,1740388,Alnwick Consumer Receivables Depositor LLC,Alnwick Consumer Finance LLC,consumer
Alnwick Student Loan Trust,ALNS,1740424,Alnwick Student Lending LLC,ALNSL,1740407,Alnwick Education Capital LLC,ALNEC,1740412,Alnwick Student Funding LLC,Alnwick Student Lending LLC,student
Alnwick Equipment Lease Trust,ALNE,1740448,Alnwick Equipment Finance LLC,ALNEF,1740431,Alnwick Leasing Holdings LLC,ALNLH,1740436,Alnwick Equipment Receivables Depositor LLC,Alnwick Equipment Finance LLC,equipment
Alnwick Mortgage Trust,ALNM,1740472,Alnwick Mortgage Company LLC,ALNMC,1740455,Alnwick Residential Capital LLC,ALNRC,1740460,Alnwick Mortgage Depositor LLC,Alnwick Mortgage Company LLC,mortgage
Alnwick Commercial Mortgage Trust,ALNK,1740496,Alnwick Commercial Realty Capital LLC,ALNRE,1740479,Alnwick Commercial Capital LLC,ALNKC,1740484,Alnwick Commercial Mortgage Depositor LLC,Alnwick Commercial Realty Capital LLC,commercial
Alnwick Corporate Credit Trust,ALNP,1740520,Alnwick Asset Management LLC,ALNAM,1740503,Alnwick Credit Partners LLC,ALNCP,1740508,Alnwick Credit Funding LLC,Alnwick Asset Management LLC,corporate_credit
Alnwick Specialty Asset Trust,ALNR,1740544,Alnwick Specialty Finance LLC,ALNSF,1740527,Alnwick Structured Capital LLC,ALNSC,1740532,Alnwick Specialty Funding LLC,Alnwick Specialty Finance LLC,esoteric
Bexley Auto Receivables Trust,BEXA,1740568,Bexley Auto Finance LLC,BEXAF,1740551,Bexley Capital Markets LLC,BEXCM,1740556,Bexley Auto Receivables Depositor LLC,PHH Mortgage Corporation,auto
Bexley Credit Card Master Trust,BEXC,1740592,Bexley Card Services LLC,BEXCS,1740575,Bexley Payments Holdings LLC,BEXPH,1740580,Bexley Card Funding LLC,Bexley Card Services LLC,card
Bexley Consumer Loan Trust,BEXU,1740616,Bexley Consumer Finance LLC,BEXCF,1740599,Bexley Consumer Capital LLC,BEXCC,1740604,Bexley Consumer Receivables Depositor LLC,Bexley Consumer Finance LLC,consumer
Bexley Student Loan Trust,BEXS,1740640,Bexley Student Lending LLC,BEXSL,1740623,Bexley Education Capital LLC,BEXEC,1740628,Bexley Student Funding LLC,Bexley Student Lending LLC,student
Bexley Equipment Lease Trust,BEXE,1740664,Bexley Equipment Finance LLC,BEXEF,1740647,Bexley Leasing Holdings LLC,BEXLH,1740652,Bexley Equipment Receivables Depositor LLC,Bexley Equipment Finance LLC,equipment
Bexley Mortgage Trust,BEXM,1740688,Bexley Mortgage Company LLC,BEXMC,1740671,Bexley Residential Capital LLC,BEXRC,1740676,Bexley Mortgage Depositor LLC,Bexley Mortgage Company LLC,mortgage
Bexley Commercial Mortgage Trust,BEXK,1740712,Bexley Commercial Realty Capital LLC,BEXRE,1740695,Bexley Commercial Capital LLC,BEXKC,1740700,Bexley Commercial Mortgage Depositor LLC,Bexley Commercial Realty Capital LLC,commercial
Bexley Corporate Credit Trust,BEXP,1740736,Bexley Asset Management LLC,BEXAM,1740719,Bexley Credit Partners LLC,BEXCP,1740724,Bexley Credit Funding LLC,Bexley Asset Management LLC,corporate_credit
Bexley Specialty Asset Trust,BEXR,1740760,Bexley Specialty Finance LLC,BEXSF,1740743,Bexley Structured Capital LLC,BEXSC,1740748,Bexley Specialty Funding LLC,Bexley Specialty Finance LLC,esoteric
Chorley Auto Receivables Trust,CHOA,1740784,Chorley Auto Finance LLC,CHOAF,1740767,Chorley Capital Markets LLC,CHOCM,1740772,Chorley Auto Receivables Depositor LLC,Chorley Auto Finance LLC,auto
Chorley Credit Card Master Trust,CHOC,1740808,Chorley Card Services LLC,CHOCS,1740791,Chorley Payments Holdings LLC,CHOPH,1740796,Chorley Card Funding LLC,Wells Fargo Commercial Mortgage Servicing,card
Chorley Consumer Loan Trust,CHOU,1740832,Chorley Consumer Finance LLC,CHOCF,1740815,Chorley Consumer Capital LLC,CHOCC,1740820,Chorley Consumer Receivables Depositor LLC,Chorley Consumer Finance LLC,consumer
Chorley Student Loan Trust,CHOS,1740856,Chorley Student Lending LLC,CHOSL,1740839,Chorley Education Capital LLC,CHOEC,1740844,Chorley Student Funding LLC,Chorley Student Lending LLC,student
Chorley Equipment Lease Trust,CHOE,1740880,Chorley Equipment Finance LLC,CHOEF,1740863,Chorley Leasing Holdings LLC,CHOLH,1740868,Chorley Equipment Receivables Depositor LLC,Chorley Equipment Finance LLC,equipment
Chorley Mortgage Trust,CHOM,1740904,Chorley Mortgage Company LLC,CHOMC,1740887,Chorley Residential Capital LLC,CHORC,1740892,Chorley Mortgage Depositor LLC,Chorley Mortgage Company LLC,mortgage
Chorley Commercial Mortgage Trust,CHOK,1740928,Chorley Commercial Realty Capital LLC,CHORE,1740911,Chorley Commercial Capital LLC,CHOKC,1740916,Chorley Commercial Mortgage Depositor LLC,Chorley Commercial Realty Capital LLC,commercial
Chorley Corporate Credit Trust,CHOP,1740952,Chorley Asset Management LLC,CHOAM,1740935,Chorley Credit Partners LLC,CHOCP,1740940,Chorley Credit Funding LLC,Chorley Asset Management LLC,corporate_credit
Chorley Specialty Asset Trust,CHOR,1740976,Chorley Specialty Finance LLC,CHOSF,1740959,Chorley Structured Capital LLC,CHOSC,1740964,Chorley Specialty Funding LLC,Chorley Specialty Finance LLC,esoteric
Dalkeith Auto Receivables Trust,DALA,1741000,Dalkeith Auto Finance LLC,DALAF,1740983,Dalkeith Capital Markets LLC,DALCM,1740988,Dalkeith Auto Receivables Depositor LLC,Dalkeith Auto Finance LLC,auto
Dalkeith Credit Card Master Trust,DALC,1741024,Dalkeith Card Services LLC,DALCS,1741007,Dalkeith Payments Holdings LLC,DALPH,1741012,Dalkeith Card Funding LLC,Dalkeith Card Services LLC,card
Dalkeith Consumer Loan Trust,DALU,1741048,Dalkeith Consumer Finance LLC,DALCF,1741031,Dalkeith Consumer Capital LLC,DALCC,1741036,Dalkeith Consumer Receivables Depositor LLC,KeyBank Real Estate Capital,consumer
Dalkeith Student Loan Trust,DALS,1741072,Dalkeith Student Lending LLC,DALSL,1741055,Dalkeith Education Capital LLC,DALEC,1741060,Dalkeith Student Funding LLC,Dalkeith Student Lending LLC,student
Dalkeith Equipment Lease Trust,DALE,1741096,Dalkeith Equipment Finance LLC,DALEF,1741079,Dalkeith Leasing Holdings LLC,DALLH,1741084,Dalkeith Equipment Receivables Depositor LLC,Dalkeith Equipment Finance LLC,equipment
Dalkeith Mortgage Trust,DALM,1741120,Dalkeith Mortgage Company LLC,DALMC,1741103,Dalkeith Residential Capital LLC,DALRC,1741108,Dalkeith Mortgage Depositor LLC,Dalkeith Mortgage Company LLC,mortgage
Dalkeith Commercial Mortgage Trust,DALK,1741144,Dalkeith Commercial Realty Capital LLC,DALRE,1741127,Dalkeith Commercial Capital LLC,DALKC,1741132,Dalkeith Commercial Mortgage Depositor LLC,Dalkeith Commercial Realty Capital LLC,commercial
Dalkeith Corporate Credit Trust,DALP,1741168,Dalkeith Asset Management LLC,DALAM,1741151,Dalkeith Credit Partners LLC,DALCP,1741156,Dalkeith Credit Funding LLC,Dalkeith Asset Management LLC,corporate_credit
Dalkeith Specialty Asset Trust,DALR,1741192,Dalkeith Specialty Finance LLC,DALSF,1741175,Dalkeith Structured Capital LLC,DALSC,1741180,Dalkeith Specialty Funding LLC,Dalkeith Specialty Finance LLC,esoteric
Earlsfield Auto Receivables Trust,EARA,1741216,Earlsfield Auto Finance LLC,EARAF,1741199,Earlsfield Capital Markets LLC,EARCM,1741204,Earlsfield Auto Receivables Depositor LLC,Earlsfield Auto Finance LLC,auto
Earlsfield Credit Card Master Trust,EARC,1741240,Earlsfield Card Services LLC,EARCS,1741223,Earlsfield Payments Holdings LLC,EARPH,1741228,Earlsfield Card Funding LLC,Earlsfield Card Services LLC,card
Earlsfield Consumer Loan Trust,EARU,1741264,Earlsfield Consumer Finance LLC,EARCF,1741247,Earlsfield Consumer Capital LLC,EARCC,1741252,Earlsfield Consumer Receivables Depositor LLC,Earlsfield Consumer Finance LLC,consumer
Earlsfield Student Loan Trust,EARS,1741288,Earlsfield Student Lending LLC,EARSL,1741271,Earlsfield Education Capital LLC,EAREC,1741276,Earlsfield Student Funding LLC,Mr. Cooper Group Inc.,student
Earlsfield Equipment Lease Trust,EARE,1741312,Earlsfield Equipment Finance LLC,EAREF,1741295,Earlsfield Leasing Holdings LLC,EARLH,1741300,Earlsfield Equipment Receivables Depositor LLC,Earlsfield Equipment Finance LLC,equipment
Earlsfield Mortgage Trust,EARM,1741336,Earlsfield Mortgage Company LLC,EARMC,1741319,Earlsfield Residential Capital LLC,EARRC,1741324,Earlsfield Mortgage Depositor LLC,Earlsfield Mortgage Company LLC,mortgage
Earlsfield Commercial Mortgage Trust,EARK,1741360,Earlsfield Commercial Realty Capital LLC,EARRE,1741343,Earlsfield Commercial Capital LLC,EARKC,1741348,Earlsfield Commercial Mortgage Depositor LLC,Earlsfield Commercial Realty Capital LLC,commercial
Earlsfield Corporate Credit Trust,EARP,1741384,Earlsfield Asset Management LLC,EARAM,1741367,Earlsfield Credit Partners LLC,EARCP,1741372,Earlsfield Credit Funding LLC,Earlsfield Asset Management LLC,corporate_credit
Earlsfield Specialty Asset Trust,EARR,1741408,Earlsfield Specialty Finance LLC,EARSF,1741391,Earlsfield Structured Capital LLC,EARSC,1741396,Earlsfield Specialty Funding LLC,Earlsfield Specialty Finance LLC,esoteric
Fairlight Auto Receivables Trust,FRLA,1741432,Fairlight Auto Finance LLC,FRLAF,1741415,Fairlight Capital Markets LLC,FRLCM,1741420,Fairlight Auto Receivables Depositor LLC,Fairlight Auto Finance LLC,auto
Fairlight Credit Card Master Trust,FRLC,1741456,Fairlight Card Services LLC,FRLCS,1741439,Fairlight Payments Holdings LLC,FRLPH,1741444,Fairlight Card Funding LLC,Fairlight Card Services LLC,card
Fairlight Consumer Loan Trust,FRLU,1741480,Fairlight Consumer Finance LLC,FRLCF,1741463,Fairlight Consumer Capital LLC,FRLCC,1741468,Fairlight Consumer Receivables Depositor LLC,Fairlight Consumer Finance LLC,consumer
Fairlight Student Loan Trust,FRLS,1741504,Fairlight Student Lending LLC,FRLSL,1741487,Fairlight Education Capital LLC,FRLEC,1741492,Fairlight Student Funding LLC,Fairlight Student Lending LLC,student
Fairlight Equipment Lease Trust,FRLE,1741528,Fairlight Equipment Finance LLC,FRLEF,1741511,Fairlight Leasing Holdings LLC,FRLLH,1741516,Fairlight Equipment Receivables Depositor LLC,"Systems & Services Technologies, Inc.",equipment
Fairlight Mortgage Trust,FRLM,1741552,Fairlight Mortgage Company LLC,FRLMC,1741535,Fairlight Residential Capital LLC,FRLRC,1741540,Fairlight Mortgage Depositor LLC,Fairlight Mortgage Company LLC,mortgage
Fairlight Commercial Mortgage Trust,FRLK,1741576,Fairlight Commercial Realty Capital LLC,FRLRE,1741559,Fairlight Commercial Capital LLC,FRLKC,1741564,Fairlight Commercial Mortgage Depositor LLC,Fairlight Commercial Realty Capital LLC,commercial
Fairlight Corporate Credit Trust,FRLP,1741600,Fairlight Asset Management LLC,FRLAM,1741583,Fairlight Credit Partners LLC,FRLCP,1741588,Fairlight Credit Funding LLC,Fairlight Asset Management LLC,corporate_credit
Fairlight Specialty Asset Trust,FRLR,1741624,Fairlight Specialty Finance LLC,FRLSF,1741607,Fairlight Structured Capital LLC,FRLSC,1741612,Fairlight Specialty Funding LLC,Fairlight Specialty Finance LLC,esoteric
Gosforth Auto Receivables Trust,GOSA,1741648,Gosforth Auto Finance LLC,GOSAF,1741631,Gosforth Capital Markets LLC,GOSCM,1741636,Gosforth Auto Receivables Depositor LLC,Gosforth Auto Finance LLC,auto
Gosforth Credit Card Master Trust,GOSC,1741672,Gosforth Card Services LLC,GOSCS,1741655,Gosforth Payments Holdings LLC,GOSPH,1741660,Gosforth Card Funding LLC,Gosforth Card Services LLC,card
Gosforth Consumer Loan Trust,GOSU,1741696,Gosforth Consumer Finance LLC,GOSCF,1741679,Gosforth Consumer Capital LLC,GOSCC,1741684,Gosforth Consumer Receivables Depositor LLC,Gosforth Consumer Finance LLC,consumer
Gosforth Student Loan Trust,GOSS,1741720,Gosforth Student Lending LLC,GOSSL,1741703,Gosforth Education Capital LLC,GOSEC,1741708,Gosforth Student Funding LLC,Gosforth Student Lending LLC,student
Gosforth Equipment Lease Trust,GOSE,1741744,Gosforth Equipment Finance LLC,GOSEF,1741727,Gosforth Leasing Holdings LLC,GOSLH,1741732,Gosforth Equipment Receivables Depositor LLC,Gosforth Equipment Finance LLC,equipment
Gosforth Mortgage Trust,GOSM,1741768,Gosforth Mortgage Company LLC,GOSMC,1741751,Gosforth Residential Capital LLC,GOSRC,1741756,Gosforth Mortgage Depositor LLC,Wells Fargo Commercial Mortgage Servicing,mortgage
Gosforth Commercial Mortgage Trust,GOSK,1741792,Gosforth Commercial Realty Capital LLC,GOSRE,1741775,Gosforth Commercial Capital LLC,GOSKC,1741780,Gosforth Commercial Mortgage Depositor LLC,Gosforth Commercial Realty Capital LLC,commercial
Gosforth Corporate Credit Trust,GOSP,1741816,Gosforth Asset Management LLC,GOSAM,1741799,Gosforth Credit Partners LLC,GOSCP,1741804,Gosforth Credit Funding LLC,Gosforth Asset Management LLC,corporate_credit
Gosforth Specialty Asset Trust,GOSR,1741840,Gosforth Specialty Finance LLC,GOSSF,1741823,Gosforth Structured Capital LLC,GOSSC,1741828,Gosforth Specialty Funding LLC,Gosforth Specialty Finance LLC,esoteric
Hessle Auto Receivables Trust,HESA,1741864,Hessle Auto Finance LLC,HESAF,1741847,Hessle Capital Markets LLC,HESCM,1741852,Hessle Auto Receivables Depositor LLC,Hessle Auto Finance LLC,auto
Hessle Credit Card Master Trust,HESC,1741888,Hessle Card Services LLC,HESCS,1741871,Hessle Payments Holdings LLC,HESPH,1741876,Hessle Card Funding LLC,Hessle Card Services LLC,card
Hessle Consumer Loan Trust,HESU,1741912,Hessle Consumer Finance LLC,HESCF,1741895,Hessle Consumer Capital LLC,HESCC,1741900,Hessle Consumer Receivables Depositor LLC,Hessle Consumer Finance LLC,consumer
Hessle Student Loan Trust,HESS,1741936,Hessle Student Lending LLC,HESSL,1741919,Hessle Education Capital LLC,HESEC,1741924,Hessle Student Funding LLC,Hessle Student Lending LLC,student
Hessle Equipment Lease Trust,HESE,1741960,Hessle Equipment Finance LLC,HESEF,1741943,Hessle Leasing Holdings LLC,HESLH,1741948,Hessle Equipment Receivables Depositor LLC,Hessle Equipment Finance LLC,equipment
Hessle Mortgage Trust,HESM,1741984,Hessle Mortgage Company LLC,HESMC,1741967,Hessle Residential Capital LLC,HESRC,1741972,Hessle Mortgage Depositor LLC,Hessle Mortgage Company LLC,mortgage
Hessle Commercial Mortgage Trust,HESK,1742008,Hessle Commercial Realty Capital LLC,HESRE,1741991,Hessle Commercial Capital LLC,HESKC,1741996,Hessle Commercial Mortgage Depositor LLC,Statebridge Company LLC,commercial
Hessle Corporate Credit Trust,HESP,1742032,Hessle Asset Management LLC,HESAM,1742015,Hessle Credit Partners LLC,HESCP,1742020,Hessle Credit Funding LLC,Hessle Asset Management LLC,corporate_credit
Hessle Specialty Asset Trust,HESR,1742056,Hessle Specialty Finance LLC,HESSF,1742039,Hessle Structured Capital LLC,HESSC,1742044,Hessle Specialty Funding LLC,Hessle Specialty Finance LLC,esoteric
Ingleby Auto Receivables Trust,IGLA,1742080,Ingleby Auto Finance LLC,IGLAF,1742063,Ingleby Capital Markets LLC,IGLCM,1742068,Ingleby Auto Receivables Depositor LLC,Ingleby Auto Finance LLC,auto
Ingleby Credit Card Master Trust,IGLC,1742104,Ingleby Card Services LLC,IGLCS,1742087,Ingleby Payments Holdings LLC,IGLPH,1742092,Ingleby Card Funding LLC,Ingleby Card Services LLC,card
Ingleby Consumer Loan Trust,IGLU,1742128,Ingleby Consumer Finance LLC,IGLCF,1742111,Ingleby Consumer Capital LLC,IGLCC,1742116,Ingleby Consumer Receivables Depositor LLC,Ingleby Consumer Finance LLC,consumer
Ingleby Student Loan Trust,IGLS,1742152,Ingleby Student Lending LLC,IGLSL,1742135,Ingleby Education Capital LLC,IGLEC,1742140,Ingleby Student Funding LLC,Ingleby Student Lending LLC,student
Ingleby Equipment Lease Trust,IGLE,1742176,Ingleby Equipment Finance LLC,IGLEF,1742159,Ingleby Leasing Holdings LLC,IGLLH,1742164,Ingleby Equipment Receivables Depositor LLC,Ingleby Equipment Finance LLC,equipment
Ingleby Mortgage Trust,IGLM,1742200,Ingleby Mortgage Company LLC,IGLMC,1742183,Ingleby Residential Capital LLC,IGLRC,1742188,Ingleby Mortgage Depositor LLC,Ingleby Mortgage Company LLC,mortgage
Ingleby Commercial Mortgage Trust,IGLK,1742224,Ingleby Commercial Realty Capital LLC,IGLRE,1742207,Ingleby Commercial Capital LLC,IGLKC,1742212,Ingleby Commercial Mortgage Depositor LLC,Ingleby Commercial Realty Capital LLC,commercial
Ingleby Corporate Credit Trust,IGLP,1742248,Ingleby Asset Management LLC,IGLAM,1742231,Ingleby Credit Partners LLC,IGLCP,1742236,Ingleby Credit Funding LLC,"Select Portfolio Servicing, Inc.",corporate_credit
Ingleby Specialty Asset Trust,IGLR,1742272,Ingleby Specialty Finance LLC,IGLSF,1742255,Ingleby Structured Capital LLC,IGLSC,1742260,Ingleby Specialty Funding LLC,Ingleby Specialty Finance LLC,esoteric
Jervaulx Auto Receivables Trust,JERA,1742296,Jervaulx Auto Finance LLC,JERAF,1742279,Jervaulx Capital Markets LLC,JERCM,1742284,Jervaulx Auto Receivables Depositor LLC,Jervaulx Auto Finance LLC,auto
Jervaulx Credit Card Master Trust,JERC,1742320,Jervaulx Card Services LLC,JERCS,1742303,Jervaulx Payments Holdings LLC,JERPH,1742308,Jervaulx Card Funding LLC,Jervaulx Card Services LLC,card
Jervaulx Consumer Loan Trust,JERU,1742344,Jervaulx Consumer Finance LLC,JERCF,1742327,Jervaulx Consumer Capital LLC,JERCC,1742332,Jervaulx Consumer Receivables Depositor LLC,Jervaulx Consumer Finance LLC,consumer
Jervaulx Student Loan Trust,JERS,1742368,Jervaulx Student Lending LLC,JERSL,1742351,Jervaulx Education Capital LLC,JEREC,1742356,Jervaulx Student Funding LLC,Jervaulx Student Lending LLC,student
Jervaulx Equipment Lease Trust,JERE,1742392,Jervaulx Equipment Finance LLC,JEREF,1742375,Jervaulx Leasing Holdings LLC,JERLH,1742380,Jervaulx Equipment Receivables Depositor LLC,Jervaulx Equipment Finance LLC,equipment
Jervaulx Mortgage Trust,JERM,1742416,Jervaulx Mortgage Company LLC,JERMC,1742399,Jervaulx Residential Capital LLC,JERRC,1742404,Jervaulx Mortgage Depositor LLC,Jervaulx Mortgage Company LLC,mortgage
Jervaulx Commercial Mortgage Trust,JERK,1742440,Jervaulx Commercial Realty Capital LLC,JERRE,1742423,Jervaulx Commercial Capital LLC,JERKC,1742428,Jervaulx Commercial Mortgage Depositor LLC,Jervaulx Commercial Realty Capital LLC,commercial
Jervaulx Corporate Credit Trust,JERP,1742464,Jervaulx Asset Management LLC,JERAM,1742447,Jervaulx Credit Partners LLC,JERCP,1742452,Jervaulx Credit Funding LLC,Jervaulx Asset Management LLC,corporate_credit
Jervaulx Specialty Asset Trust,JERR,1742488,Jervaulx Specialty Finance LLC,JERSF,1742471,Jervaulx Structured Capital LLC,JERSC,1742476,Jervaulx Specialty Funding LLC,Shellpoint Mortgage Servicing,esoteric
Knaresborough Auto Receivables Trust,KNAA,1742512,Knaresborough Auto Finance LLC,KNAAF,1742495,Knaresborough Capital Markets LLC,KNACM,1742500,Knaresborough Auto Receivables Depositor LLC,Knaresborough Auto Finance LLC,auto
Knaresborough Credit Card Master Trust,KNAC,1742536,Knaresborough Card Services LLC,KNACS,1742519,Knaresborough Payments Holdings LLC,KNAPH,1742524,Knaresborough Card Funding LLC,Knaresborough Card Services LLC,card
Knaresborough Consumer Loan Trust,KNAU,1742560,Knaresborough Consumer Finance LLC,KNACF,1742543,Knaresborough Consumer Capital LLC,KNACC,1742548,Knaresborough Consumer Receivables Depositor LLC,Knaresborough Consumer Finance LLC,consumer
Knaresborough Student Loan Trust,KNAS,1742584,Knaresborough Student Lending LLC,KNASL,1742567,Knaresborough Education Capital LLC,KNAEC,1742572,Knaresborough Student Funding LLC,Knaresborough Student Lending LLC,student
Knaresborough Equipment Lease Trust,KNAE,1742608,Knaresborough Equipment Finance LLC,KNAEF,1742591,Knaresborough Leasing Holdings LLC,KNALH,1742596,Knaresborough Equipment Receivables Depositor LLC,Knaresborough Equipment Finance LLC,equipment
Knaresborough Mortgage Trust,KNAM,1742632,Knaresborough Mortgage Company LLC,KNAMC,1742615,Knaresborough Residential Capital LLC,KNARC,1742620,Knaresborough Mortgage Depositor LLC,Knaresborough Mortgage Company LLC,mortgage
Knaresborough Commercial Mortgage Trust,KNAK,1742656,Knaresborough Commercial Realty Capital LLC,KNARE,1742639,Knaresborough Commercial Capital LLC,KNAKC,1742644,Knaresborough Commercial Mortgage Depositor LLC,Knaresborough Commercial Realty Capital LLC,commercial
Knaresborough Corporate Credit Trust,KNAP,1742680,Knaresborough Asset Management LLC,KNAAM,1742663,Knaresborough Credit Partners LLC,KNACP,1742668,Knaresborough Credit Funding LLC,Knaresborough Asset Management LLC,corporate_credit
Knaresborough Specialty Asset Trust,KNAR,1742704,Knaresborough Specialty Finance LLC,KNASF,1742687,Knaresborough Structured Capital LLC,KNASC,1742692,Knaresborough Specialty Funding LLC,Knaresborough Specialty Finance LLC,esoteric
Lostwithiel Auto Receivables Trust,LOSA,1742728,Lostwithiel Auto Finance LLC,LOSAF,1742711,Lostwithiel Capital Markets LLC,LOSCM,1742716,Lostwithiel Auto Receivables Depositor LLC,Vervent Inc.,auto
Lostwithiel Credit Card Master Trust,LOSC,1742752,Lostwithiel Card Services LLC,LOSCS,1742735,Lostwithiel Payments Holdings LLC,LOSPH,1742740,Lostwithiel Card Funding LLC,Lostwithiel Card Services LLC,card
Lostwithiel Consumer Loan Trust,LOSU,1742776,Lostwithiel Consumer Finance LLC,LOSCF,1742759,Lostwithiel Consumer Capital LLC,LOSCC,1742764,Lostwithiel Consumer Receivables Depositor LLC,Lostwithiel Consumer Finance LLC,consumer
Lostwithiel Student Loan Trust,LOSS,1742800,Lostwithiel Student Lending LLC,LOSSL,1742783,Lostwithiel Education Capital LLC,LOSEC,1742788,Lostwithiel Student Funding LLC,Lostwithiel Student Lending LLC,student
Lostwithiel Equipment Lease Trust,LOSE,1742824,Lostwithiel Equipment Finance LLC,LOSEF,1742807,Lostwithiel Leasing Holdings LLC,LOSLH,1742812,Lostwithiel Equipment Receivables Depositor LLC,Lostwithiel Equipment Finance LLC,equipment
Lostwithiel Mortgage Trust,LOSM,1742848,Lostwithiel Mortgage Company LLC,LOSMC,1742831,Lostwithiel Residential Capital LLC,LOSRC,1742836,Lostwithiel Mortgage Depositor LLC,Lostwithiel Mortgage Company LLC,mortgage
Lostwithiel Commercial Mortgage Trust,LOSK,1742872,Lostwithiel Commercial Realty Capital LLC,LOSRE,1742855,Lostwithiel Commercial Capital LLC,LOSKC,1742860,Lostwithiel Commercial Mortgage Depositor LLC,Lostwithiel Commercial Realty Capital LLC,commercial
Lostwithiel Corporate Credit Trust,LOSP,1742896,Lostwithiel Asset Management LLC,LOSAM,1742879,Lostwithiel Credit Partners LLC,LOSCP,1742884,Lostwithiel Credit Funding LLC,Lostwithiel Asset Management LLC,corporate_credit
Lostwithiel Specialty Asset Trust,LOSR,1742920,Lostwithiel Specialty Finance LLC,LOSSF,1742903,Lostwithiel Structured Capital LLC,LOSSC,1742908,Lostwithiel Specialty Funding LLC,Lostwithiel Specialty Finance LLC,esoteric
Malvern Auto Receivables Trust,MALA,1742944,Malvern Auto Finance LLC,MALAF,1742927,Malvern Capital Markets LLC,MALCM,1742932,Malvern Auto Receivables Depositor LLC,Malvern Auto Finance LLC,auto
Malvern Credit Card Master Trust,MALC,1742968,Malvern Card Services LLC,MALCS,1742951,Malvern Payments Holdings LLC,MALPH,1742956,Malvern Card Funding LLC,Midland Loan Services,card
Malvern Consumer Loan Trust,MALU,1742992,Malvern Consumer Finance LLC,MALCF,1742975,Malvern Consumer Capital LLC,MALCC,1742980,Malvern Consumer Receivables Depositor LLC,Malvern Consumer Finance LLC,consumer
Malvern Student Loan Trust,MALS,1743016,Malvern Student Lending LLC,MALSL,1742999,Malvern Education Capital LLC,MALEC,1743004,Malvern Student Funding LLC,Malvern Student Lending LLC,student
Malvern Equipment Lease Trust,MALE,1743040,Malvern Equipment Finance LLC,MALEF,1743023,Malvern Leasing Holdings LLC,MALLH,1743028,Malvern Equipment Receivables Depositor LLC,Malvern Equipment Finance LLC,equipment
Malvern Mortgage Trust,MALM,1743064,Malvern Mortgage Company LLC,MALMC,1743047,Malvern Residential Capital LLC,MALRC,1743052,Malvern Mortgage Depositor LLC,Malvern Mortgage Company LLC,mortgage
Malvern Commercial Mortgage Trust,MALK,1743088,Malvern Commercial Realty Capital LLC,MALRE,1743071,Malvern Commercial Capital LLC,MALKC,1743076,Malvern Commercial Mortgage Depositor LLC,Malvern Commercial Realty Capital LLC,commercial
Malvern Corporate Credit Trust,MALP,1743112,Malvern Asset Management LLC,MALAM,1743095,Malvern Credit Partners LLC,MALCP,1743100,Malvern Credit Funding LLC,Malvern Asset Management LLC,corporate_credit
Malvern Specialty Asset Trust,MALR,1743136,Malvern Specialty Finance LLC,MALSF,1743119,Malvern Structured Capital LLC,MALSC,1743124,Malvern Specialty Funding LLC,Malvern Specialty Finance LLC,esoteric
Nantwich Auto Receivables Trust,NANA,1743160,Nantwich Auto Finance LLC,NANAF,1743143,Nantwich Capital Markets LLC,NANCM,1743148,Nantwich Auto Receivables Depositor LLC,Nantwich Auto Finance LLC,auto
Nantwich Credit Card Master Trust,NANC,1743184,Nantwich Card Services LLC,NANCS,1743167,Nantwich Payments Holdings LLC,NANPH,1743172,Nantwich Card Funding LLC,Nantwich Card Services LLC,card
Nantwich Consumer Loan Trust,NANU,1743208,Nantwich Consumer Finance LLC,NANCF,1743191,Nantwich Consumer Capital LLC,NANCC,1743196,Nantwich Consumer Receivables Depositor LLC,Cenlar FSB,consumer
Nantwich Student Loan Trust,NANS,1743232,Nantwich Student Lending LLC,NANSL,1743215,Nantwich Education Capital LLC,NANEC,1743220,Nantwich Student Funding LLC,Nantwich Student Lending LLC,student
Nantwich Equipment Lease Trust,NANE,1743256,Nantwich Equipment Finance LLC,NANEF,1743239,Nantwich Leasing Holdings LLC,NANLH,1743244,Nantwich Equipment Receivables Depositor LLC,Nantwich Equipment Finance LLC,equipment
Nantwich Mortgage Trust,NANM,1743280,Nantwich Mortgage Company LLC,NANMC,1743263,Nantwich Residential Capital LLC,NANRC,1743268,Nantwich Mortgage Depositor LLC,Nantwich Mortgage Company LLC,mortgage
Nantwich Commercial Mortgage Trust,NANK,1743304,Nantwich Commercial Realty Capital LLC,NANRE,1743287,Nantwich Commercial Capital LLC,NANKC,1743292,Nantwich Commercial Mortgage Depositor LLC,Nantwich Commercial Realty Capital LLC,commercial
Nantwich Corporate Credit Trust,NANP,1743328,Nantwich Asset Management LLC,NANAM,1743311,Nantwich Credit Partners LLC,NANCP,1743316,Nantwich Credit Funding LLC,Nantwich Asset Management LLC,corporate_credit
Nantwich Specialty Asset Trust,NANR,1743352,Nantwich Specialty Finance LLC,NANSF,1743335,Nantwich Structured Capital LLC,NANSC,1743340,Nantwich Specialty Funding LLC,Nantwich Specialty Finance LLC,esoteric
Ormskirk Auto Receivables Trust,ORMA,1743376,Ormskirk Auto Finance LLC,ORMAF,1743359,Ormskirk Capital Markets LLC,ORMCM,1743364,Ormskirk Auto Receivables Depositor LLC,Ormskirk Auto Finance LLC,auto
Ormskirk Credit Card Master Trust,ORMC,1743400,Ormskirk Card Services LLC,ORMCS,1743383,Ormskirk Payments Holdings LLC,ORMPH,1743388,Ormskirk Card Funding LLC,Ormskirk Card Services LLC,card
Ormskirk Consumer Loan Trust,ORMU,1743424,Ormskirk Consumer Finance LLC,ORMCF,1743407,Ormskirk Consumer Capital LLC,ORMCC,1743412,Ormskirk Consumer Receivables Depositor LLC,Ormskirk Consumer Finance LLC,consumer
Ormskirk Student Loan Trust,ORMS,1743448,Ormskirk Student Lending LLC,ORMSL,1743431,Ormskirk Education Capital LLC,ORMEC,1743436,Ormskirk Student Funding LLC,KeyBank Real Estate Capital,student
Ormskirk Equipment Lease Trust,ORME,1743472,Ormskirk Equipment Finance LLC,ORMEF,1743455,Ormskirk Leasing Holdings LLC,ORMLH,1743460,Ormskirk Equipment Receivables Depositor LLC,Ormskirk Equipment Finance LLC,equipment
Ormskirk Mortgage Trust,ORMM,1743496,Ormskirk Mortgage Company LLC,ORMMC,1743479,Ormskirk Residential Capital LLC,ORMRC,1743484,Ormskirk Mortgage Depositor LLC,Ormskirk Mortgage Company LLC,mortgage
Ormskirk Commercial Mortgage Trust,ORMK,1743520,Ormskirk Commercial Realty Capital LLC,ORMRE,1743503,Ormskirk Commercial Capital LLC,ORMKC,1743508,Ormskirk Commercial Mortgage Depositor LLC,Ormskirk Commercial Realty Capital LLC,commercial
Ormskirk Corporate Credit Trust,ORMP,1743544,Ormskirk Asset Management LLC,ORMAM,1743527,Ormskirk Credit Partners LLC,ORMCP,1743532,Ormskirk Credit Funding LLC,Ormskirk Asset Management LLC,corporate_credit
Ormskirk Specialty Asset Trust,ORMR,1743568,Ormskirk Specialty Finance LLC,ORMSF,1743551,Ormskirk Structured Capital LLC,ORMSC,1743556,Ormskirk Specialty Funding LLC,Ormskirk Specialty Finance LLC,esoteric
Prestbury Auto Receivables Trust,PESA,1743592,Prestbury Auto Finance LLC,PESAF,1743575,Prestbury Capital Markets LLC,PESCM,1743580,Prestbury Auto Receivables Depositor LLC,Prestbury Auto Finance LLC,auto
Prestbury Credit Card Master Trust,PESC,1743616,Prestbury Card Services LLC,PESCS,1743599,Prestbury Payments Holdings LLC,PESPH,1743604,Prestbury Card Funding LLC,Prestbury Card Services LLC,card
Prestbury Consumer Loan Trust,PESU,1743640,Prestbury Consumer Finance LLC,PESCF,1743623,Prestbury Consumer Capital LLC,PESCC,1743628,Prestbury Consumer Receivables Depositor LLC,Prestbury Consumer Finance LLC,consumer
Prestbury Student Loan Trust,PESS,1743664,Prestbury Student Lending LLC,PESSL,1743647,Prestbury Education Capital LLC,PESEC,1743652,Prestbury Student Funding LLC,Prestbury Student Lending LLC,student
Prestbury Equipment Lease Trust,PESE,1743688,Prestbury Equipment Finance LLC,PESEF,1743671,Prestbury Leasing Holdings LLC,PESLH,1743676,Prestbury Equipment Receivables Depositor LLC,Computershare Loan Services,equipment
Prestbury Mortgage Trust,PESM,1743712,Prestbury Mortgage Company LLC,PESMC,1743695,Prestbury Residential Capital LLC,PESRC,1743700,Prestbury Mortgage Depositor LLC,Prestbury Mortgage Company LLC,mortgage
Prestbury Commercial Mortgage Trust,PESK,1743736,Prestbury Commercial Realty Capital LLC,PESRE,1743719,Prestbury Commercial Capital LLC,PESKC,1743724,Prestbury Commercial Mortgage Depositor LLC,Prestbury Commercial Realty Capital LLC,commercial
Prestbury Corporate Credit Trust,PESP,1743760,Prestbury Asset Management LLC,PESAM,1743743,Prestbury Credit Partners LLC,PESCP,1743748,Prestbury Credit Funding LLC,Prestbury Asset Management LLC,corporate_credit
Prestbury Specialty Asset Trust,PESR,1743784,Prestbury Specialty Finance LLC,PESSF,1743767,Prestbury Structured Capital LLC,PESSC,1743772,Prestbury Specialty Funding LLC,Prestbury Specialty Finance LLC,esoteric
Quantock Auto Receivables Trust,QANA,1743808,Quantock Auto Finance LLC,QANAF,1743791,Quantock Capital Markets LLC,QANCM,1743796,Quantock Auto Receivables Depositor LLC,Quantock Auto Finance LLC,auto
Quantock Credit Card Master Trust,QANC,1743832,Quantock Card Services LLC,QANCS,1743815,Quantock Payments Holdings LLC,QANPH,1743820,Quantock Card Funding LLC,Quantock Card Services LLC,card
Quantock Consumer Loan Trust,QANU,1743856,Quantock Consumer Finance LLC,QANCF,1743839,Quantock Consumer Capital LLC,QANCC,1743844,Quantock Consumer Receivables Depositor LLC,Quantock Consumer Finance LLC,consumer
Quantock Student Loan Trust,QANS,1743880,Quantock Student Lending LLC,QANSL,1743863,Quantock Education Capital LLC,QANEC,1743868,Quantock Student Funding LLC,Quantock Student Lending LLC,student
Quantock Equipment Lease Trust,QANE,1743904,Quantock Equipment Finance LLC,QANEF,1743887,Quantock Leasing Holdings LLC,QANLH,1743892,Quantock Equipment Receivables Depositor LLC,Quantock Equipment Finance LLC,equipment
Quantock Mortgage Trust,QANM,1743928,Quantock Mortgage Company LLC,QANMC,1743911,Quantock Residential Capital LLC,QANRC,1743916,Quantock Mortgage Depositor LLC,Nationstar Mortgage LLC,mortgage
Quantock Commercial Mortgage Trust,QANK,1743952,Quantock Commercial Realty Capital LLC,QANRE,1743935,Quantock Commercial Capital LLC,QANKC,1743940,Quantock Commercial Mortgage Depositor LLC,Quantock Commercial Realty Capital LLC,commercial
Quantock Corporate Credit Trust,QANP,1743976,Quantock Asset Management LLC,QANAM,1743959,Quantock Credit Partners LLC,QANCP,1743964,Quantock Credit Funding LLC,Quantock Asset Management LLC,corporate_credit
Quantock Specialty Asset Trust,QANR,1744000,Quantock Specialty Finance LLC,QANSF,1743983,Quantock Structured Capital LLC,QANSC,1743988,Quantock Specialty Funding LLC,Quantock Specialty Finance LLC,esoteric
Rothbury Auto Receivables Trust,RTHA,1744024,Rothbury Auto Finance LLC,RTHAF,1744007,Rothbury Capital Markets LLC,RTHCM,1744012,Rothbury Auto Receivables Depositor LLC,Rothbury Auto Finance LLC,auto
Rothbury Credit Card Master Trust,RTHC,1744048,Rothbury Card Services LLC,RTHCS,1744031,Rothbury Payments Holdings LLC,RTHPH,1744036,Rothbury Card Funding LLC,Rothbury Card Services LLC,card
Rothbury Consumer Loan Trust,RTHU,1744072,Rothbury Consumer Finance LLC,RTHCF,1744055,Rothbury Consumer Capital LLC,RTHCC,1744060,Rothbury Consumer Receivables Depositor LLC,Rothbury Consumer Finance LLC,consumer
Rothbury Student Loan Trust,RTHS,1744096,Rothbury Student Lending LLC,RTHSL,1744079,Rothbury Education Capital LLC,RTHEC,1744084,Rothbury Student Funding LLC,Rothbury Student Lending LLC,student
Rothbury Equipment Lease Trust,RTHE,1744120,Rothbury Equipment Finance LLC,RTHEF,1744103,Rothbury Leasing Holdings LLC,RTHLH,1744108,Rothbury Equipment Receivables Depositor LLC,Rothbury Equipment Finance LLC,equipment
Rothbury Mortgage Trust,RTHM,1744144,Rothbury Mortgage Company LLC,RTHMC,1744127,Rothbury Residential Capital LLC,RTHRC,1744132,Rothbury Mortgage Depositor LLC,Rothbury Mortgage Company LLC,mortgage
Rothbury Commercial Mortgage Trust,RTHK,1744168,Rothbury Commercial Realty Capital LLC,RTHRE,1744151,Rothbury Commercial Capital LLC,RTHKC,1744156,Rothbury Commercial Mortgage Depositor LLC,Statebridge Company LLC,commercial
Rothbury Corporate Credit Trust,RTHP,1744192,Rothbury Asset Management LLC,RTHAM,1744175,Rothbury Credit Partners LLC,RTHCP,1744180,Rothbury Credit Funding LLC,Rothbury Asset Management LLC,corporate_credit
Rothbury Specialty Asset Trust,RTHR,1744216,Rothbury Specialty Finance LLC,RTHSF,1744199,Rothbury Structured Capital LLC,RTHSC,1744204,Rothbury Specialty Funding LLC,Rothbury Specialty Finance LLC,esoteric
Sandbach Auto Receivables Trust,SANA,1744240,Sandbach Auto Finance LLC,SANAF,1744223,Sandbach Capital Markets LLC,SANCM,1744228,Sandbach Auto Receivables Depositor LLC,Sandbach Auto Finance LLC,auto
Sandbach Credit Card Master Trust,SANC,1744264,Sandbach Card Services LLC,SANCS,1744247,Sandbach Payments Holdings LLC,SANPH,1744252,Sandbach Card Funding LLC,Sandbach Card Services LLC,card
Sandbach Consumer Loan Trust,SANU,1744288,Sandbach Consumer Finance LLC,SANCF,1744271,Sandbach Consumer Capital LLC,SANCC,1744276,Sandbach Consumer Receivables Depositor LLC,Sandbach Consumer Finance LLC,consumer
Sandbach Student Loan Trust,SANS,1744312,Sandbach Student Lending LLC,SANSL,1744295,Sandbach Education Capital LLC,SANEC,1744300,Sandbach Student Funding LLC,Sandbach Student Lending LLC,student
Sandbach Equipment Lease Trust,SANE,1744336,Sandbach Equipment Finance LLC,SANEF,1744319,Sandbach Leasing Holdings LLC,SANLH,1744324,Sandbach Equipment Receivables Depositor LLC,Sandbach Equipment Finance LLC,equipment
Sandbach Mortgage Trust,SANM,1744360,Sandbach Mortgage Company LLC,SANMC,1744343,Sandbach Residential Capital LLC,SANRC,1744348,Sandbach Mortgage Depositor LLC,Sandbach Mortgage Company LLC,mortgage
Sandbach Commercial Mortgage Trust,SANK,1744384,Sandbach Commercial Realty Capital LLC,SANRE,1744367,Sandbach Commercial Capital LLC,SANKC,1744372,Sandbach Commercial Mortgage Depositor LLC,Sandbach Commercial Realty Capital LLC,commercial
Sandbach Corporate Credit Trust,SANP,1744408,Sandbach Asset Management LLC,SANAM,1744391,Sandbach Credit Partners LLC,SANCP,1744396,Sandbach Credit Funding LLC,KeyBank Real Estate Capital,corporate_credit
Sandbach Specialty Asset Trust,SANR,1744432,Sandbach Specialty Finance LLC,SANSF,1744415,Sandbach Structured Capital LLC,SANSC,1744420,Sandbach Specialty Funding LLC,Sandbach Specialty Finance LLC,esoteric
Tarporley Auto Receivables Trust,TARA,1744456,Tarporley Auto Finance LLC,TARAF,1744439,Tarporley Capital Markets LLC,TARCM,1744444,Tarporley Auto Receivables Depositor LLC,Tarporley Auto Finance LLC,auto
Tarporley Credit Card Master Trust,TARC,1744480,Tarporley Card Services LLC,TARCS,1744463,Tarporley Payments Holdings LLC,TARPH,1744468,Tarporley Card Funding LLC,Tarporley Card Services LLC,card
Tarporley Consumer Loan Trust,TARU,1744504,Tarporley Consumer Finance LLC,TARCF,1744487,Tarporley Consumer Capital LLC,TARCC,1744492,Tarporley Consumer Receivables Depositor LLC,Tarporley Consumer Finance LLC,consumer
Tarporley Student Loan Trust,TARS,1744528,Tarporley Student Lending LLC,TARSL,1744511,Tarporley Education Capital LLC,TAREC,1744516,Tarporley Student Funding LLC,Tarporley Student Lending LLC,student
Tarporley Equipment Lease Trust,TARE,1744552,Tarporley Equipment Finance LLC,TAREF,1744535,Tarporley Leasing Holdings LLC,TARLH,1744540,Tarporley Equipment Receivables Depositor LLC,Tarporley Equipment Finance LLC,equipment
Tarporley Mortgage Trust,TARM,1744576,Tarporley Mortgage Company LLC,TARMC,1744559,Tarporley Residential Capital LLC,TARRC,1744564,Tarporley Mortgage Depositor LLC,Tarporley Mortgage Company LLC,mortgage
Tarporley Commercial Mortgage Trust,TARK,1744600,Tarporley Commercial Realty Capital LLC,TARRE,1744583,Tarporley Commercial Capital LLC,TARKC,1744588,Tarporley Commercial Mortgage Depositor LLC,Tarporley Commercial Realty Capital LLC,commercial
Tarporley Corporate Credit Trust,TARP,1744624,Tarporley Asset Management LLC,TARAM,1744607,Tarporley Credit Partners LLC,TARCP,1744612,Tarporley Credit Funding LLC,Tarporley Asset Management LLC,corporate_credit
Tarporley Specialty Asset Trust,TARR,1744648,Tarporley Specialty Finance LLC,TARSF,1744631,Tarporley Structured Capital LLC,TARSC,1744636,Tarporley Specialty Funding LLC,"Systems & Services Technologies, Inc.",esoteric
Ulceby Auto Receivables Trust,ULCA,1744672,Ulceby Auto Finance LLC,ULCAF,1744655,Ulceby Capital Markets LLC,ULCCM,1744660,Ulceby Auto Receivables Depositor LLC,Ulceby Auto Finance LLC,auto
Ulceby Credit Card Master Trust,ULCC,1744696,Ulceby Card Services LLC,ULCCS,1744679,Ulceby Payments Holdings LLC,ULCPH,1744684,Ulceby Card Funding LLC,Ulceby Card Services LLC,card
Ulceby Consumer Loan Trust,ULCU,1744720,Ulceby Consumer Finance LLC,ULCCF,1744703,Ulceby Consumer Capital LLC,ULCCC,1744708,Ulceby Consumer Receivables Depositor LLC,Ulceby Consumer Finance LLC,consumer
Ulceby Student Loan Trust,ULCS,1744744,Ulceby Student Lending LLC,ULCSL,1744727,Ulceby Education Capital LLC,ULCEC,1744732,Ulceby Student Funding LLC,Ulceby Student Lending LLC,student
Ulceby Equipment Lease Trust,ULCE,1744768,Ulceby Equipment Finance LLC,ULCEF,1744751,Ulceby Leasing Holdings LLC,ULCLH,1744756,Ulceby Equipment Receivables Depositor LLC,Ulceby Equipment Finance LLC,equipment
Ulceby Mortgage Trust,ULCM,1744792,Ulceby Mortgage Company LLC,ULCMC,1744775,Ulceby Residential Capital LLC,ULCRC,1744780,Ulceby Mortgage Depositor LLC,Ulceby Mortgage Company LLC,mortgage
Ulceby Commercial Mortgage Trust,ULCK,1744816,Ulceby Commercial Realty Capital LLC,ULCRE,1744799,Ulceby Commercial Capital LLC,ULCKC,1744804,Ulceby Commercial Mortgage Depositor LLC,Ulceby Commercial Realty Capital LLC,commercial
Ulceby Corporate Credit Trust,ULCP,1744840,Ulceby Asset Management LLC,ULCAM,1744823,Ulceby Credit Partners LLC,ULCCP,1744828,Ulceby Credit Funding LLC,Ulceby Asset Management LLC,corporate_credit
Ulceby Specialty Asset Trust,ULCR,1744864,Ulceby Specialty Finance LLC,ULCSF,1744847,Ulceby Structured Capital LLC,ULCSC,1744852,Ulceby Specialty Funding LLC,Ulceby Specialty Finance LLC,esoteric
Vowchurch Auto Receivables Trust,VOWA,1744888,Vowchurch Auto Finance LLC,VOWAF,1744871,Vowchurch Capital Markets LLC,VOWCM,1744876,Vowchurch Auto Receivables Depositor LLC,PHH Mortgage Corporation,auto
Vowchurch Credit Card Master Trust,VOWC,1744912,Vowchurch Card Services LLC,VOWCS,1744895,Vowchurch Payments Holdings LLC,VOWPH,1744900,Vowchurch Card Funding LLC,Vowchurch Card Services LLC,card
Vowchurch Consumer Loan Trust,VOWU,1744936,Vowchurch Consumer Finance LLC,VOWCF,1744919,Vowchurch Consumer Capital LLC,VOWCC,1744924,Vowchurch Consumer Receivables Depositor LLC,Vowchurch Consumer Finance LLC,consumer
Vowchurch Student Loan Trust,VOWS,1744960,Vowchurch Student Lending LLC,VOWSL,1744943,Vowchurch Education Capital LLC,VOWEC,1744948,Vowchurch Student Funding LLC,Vowchurch Student Lending LLC,student
Vowchurch Equipment Lease Trust,VOWE,1744984,Vowchurch Equipment Finance LLC,VOWEF,1744967,Vowchurch Leasing Holdings LLC,VOWLH,1744972,Vowchurch Equipment Receivables Depositor LLC,Vowchurch Equipment Finance LLC,equipment
Vowchurch Mortgage Trust,VOWM,1745008,Vowchurch Mortgage Company LLC,VOWMC,1744991,Vowchurch Residential Capital LLC,VOWRC,1744996,Vowchurch Mortgage Depositor LLC,Vowchurch Mortgage Company LLC,mortgage
Vowchurch Commercial Mortgage Trust,VOWK,1745032,Vowchurch Commercial Realty Capital LLC,VOWRE,1745015,Vowchurch Commercial Capital LLC,VOWKC,1745020,Vowchurch Commercial Mortgage Depositor LLC,Vowchurch Commercial Realty Capital LLC,commercial
Vowchurch Corporate Credit Trust,VOWP,1745056,Vowchurch Asset Management LLC,VOWAM,1745039,Vowchurch Credit Partners LLC,VOWCP,1745044,Vowchurch Credit Funding LLC,Vowchurch Asset Management LLC,corporate_credit
Vowchurch Specialty Asset Trust,VOWR,1745080,Vowchurch Specialty Finance LLC,VOWSF,1745063,Vowchurch Structured Capital LLC,VOWSC,1745068,Vowchurch Specialty Funding LLC,Vowchurch Specialty Finance LLC,esoteric
Wilmslow Auto Receivables Trust,WILA,1745104,Wilmslow Auto Finance LLC,WILAF,1745087,Wilmslow Capital Markets LLC,WILCM,1745092,Wilmslow Auto Receivables Depositor LLC,Wilmslow Auto Finance LLC,auto
Wilmslow Credit Card Master Trust,WILC,1745128,Wilmslow Card Services LLC,WILCS,1745111,Wilmslow Payments Holdings LLC,WILPH,1745116,Wilmslow Card Funding LLC,Computershare Loan Services,card
Wilmslow Consumer Loan Trust,WILU,1745152,Wilmslow Consumer Finance LLC,WILCF,1745135,Wilmslow Consumer Capital LLC,WILCC,1745140,Wilmslow Consumer Receivables Depositor LLC,Wilmslow Consumer Finance LLC,consumer
Wilmslow Student Loan Trust,WILS,1745176,Wilmslow Student Lending LLC,WILSL,1745159,Wilmslow Education Capital LLC,WILEC,1745164,Wilmslow Student Funding LLC,Wilmslow Student Lending LLC,student
Wilmslow Equipment Lease Trust,WILE,1745200,Wilmslow Equipment Finance LLC,WILEF,1745183,Wilmslow Leasing Holdings LLC,WILLH,1745188,Wilmslow Equipment Receivables Depositor LLC,Wilmslow Equipment Finance LLC,equipment
Wilmslow Mortgage Trust,WILM,1745224,Wilmslow Mortgage Company LLC,WILMC,1745207,Wilmslow Residential Capital LLC,WILRC,1745212,Wilmslow Mortgage Depositor LLC,Wilmslow Mortgage Company LLC,mortgage
Wilmslow Commercial Mortgage Trust,WILK,1745248,Wilmslow Commercial Realty Capital LLC,WILRE,1745231,Wilmslow Commercial Capital LLC,WILKC,1745236,Wilmslow Commercial Mortgage Depositor LLC,Wilmslow Commercial Realty Capital LLC,commercial
Wilmslow Corporate Credit Trust,WILP,1745272,Wilmslow Asset Management LLC,WILAM,1745255,Wilmslow Credit Partners LLC,WILCP,1745260,Wilmslow Credit Funding LLC,Wilmslow Asset Management LLC,corporate_credit
Wilmslow Specialty Asset Trust,WILR,1745296,Wilmslow Specialty Finance LLC,WILSF,1745279,Wilmslow Structured Capital LLC,WILSC,1745284,Wilmslow Specialty Funding LLC,Wilmslow Specialty Finance LLC,esoteric
Ackworth Auto Receivables Trust,ACKA,1745320,Ackworth Auto Finance LLC,ACKAF,1745303,Ackworth Capital Markets LLC,ACKCM,1745308,Ackworth Auto Receivables Depositor LLC,Ackworth Auto Finance LLC,auto
Ackworth Credit Card Master Trust,ACKC,1745344,Ackworth Card Services LLC,ACKCS,1745327,Ackworth Payments Holdings LLC,ACKPH,1745332,Ackworth Card Funding LLC,Ackworth Card Services LLC,card
Ackworth Consumer Loan Trust,ACKU,1745368,Ackworth Consumer Finance LLC,ACKCF,1745351,Ackworth Consumer Capital LLC,ACKCC,1745356,Ackworth Consumer Receivables Depositor LLC,Nationstar Mortgage LLC,consumer
Ackworth Student Loan Trust,ACKS,1745392,Ackworth Student Lending LLC,ACKSL,1745375,Ackworth Education Capital LLC,ACKEC,1745380,Ackworth Student Funding LLC,Ackworth Student Lending LLC,student
Ackworth Equipment Lease Trust,ACKE,1745416,Ackworth Equipment Finance LLC,ACKEF,1745399,Ackworth Leasing Holdings LLC,ACKLH,1745404,Ackworth Equipment Receivables Depositor LLC,Ackworth Equipment Finance LLC,equipment
Ackworth Mortgage Trust,ACKM,1745440,Ackworth Mortgage Company LLC,ACKMC,1745423,Ackworth Residential Capital LLC,ACKRC,1745428,Ackworth Mortgage Depositor LLC,Ackworth Mortgage Company LLC,mortgage
Ackworth Commercial Mortgage Trust,ACKK,1745464,Ackworth Commercial Realty Capital LLC,ACKRE,1745447,Ackworth Commercial Capital LLC,ACKKC,1745452,Ackworth Commercial Mortgage Depositor LLC,Ackworth Commercial Realty Capital LLC,commercial
Ackworth Corporate Credit Trust,ACKP,1745488,Ackworth Asset Management LLC,ACKAM,1745471,Ackworth Credit Partners LLC,ACKCP,1745476,Ackworth Credit Funding LLC,Ackworth Asset Management LLC,corporate_credit
Ackworth Specialty Asset Trust,ACKR,1745512,Ackworth Specialty Finance LLC,ACKSF,1745495,Ackworth Structured Capital LLC,ACKSC,1745500,Ackworth Specialty Funding LLC,Ackworth Specialty Finance LLC,esoteric
Bicester Auto Receivables Trust,BICA,1745536,Bicester Auto Finance LLC,BICAF,1745519,Bicester Capital Markets LLC,BICCM,1745524,Bicester Auto Receivables Depositor LLC,Bicester Auto Finance LLC,auto
Bicester Credit Card Master Trust,BICC,1745560,Bicester Card Services LLC,BICCS,1745543,Bicester Payments Holdings LLC,BICPH,1745548,Bicester Card Funding LLC,Bicester Card Services LLC,card
Bicester Consumer Loan Trust,BICU,1745584,Bicester Consumer Finance LLC,BICCF,1745567,Bicester Consumer Capital LLC,BICCC,1745572,Bicester Consumer Receivables Depositor LLC,Bicester Consumer Finance LLC,consumer
Bicester Student Loan Trust,BICS,1745608,Bicester Student Lending LLC,BICSL,1745591,Bicester Education Capital LLC,BICEC,1745596,Bicester Student Funding LLC,Vervent Inc.,student
Bicester Equipment Lease Trust,BICE,1745632,Bicester Equipment Finance LLC,BICEF,1745615,Bicester Leasing Holdings LLC,BICLH,1745620,Bicester Equipment Receivables Depositor LLC,Bicester Equipment Finance LLC,equipment
Bicester Mortgage Trust,BICM,1745656,Bicester Mortgage Company LLC,BICMC,1745639,Bicester Residential Capital LLC,BICRC,1745644,Bicester Mortgage Depositor LLC,Bicester Mortgage Company LLC,mortgage
Bicester Commercial Mortgage Trust,BICK,1745680,Bicester Commercial Realty Capital LLC,BICRE,1745663,Bicester Commercial Capital LLC,BICKC,1745668,Bicester Commercial Mortgage Depositor LLC,Bicester Commercial Realty Capital LLC,commercial
Bicester Corporate Credit Trust,BICP,1745704,Bicester Asset Management LLC,BICAM,1745687,Bicester Credit Partners LLC,BICCP,1745692,Bicester Credit Funding LLC,Bicester Asset Management LLC,corporate_credit
Bicester Specialty Asset Trust,BICR,1745728,Bicester Specialty Finance LLC,BICSF,1745711,Bicester Structured Capital LLC,BICSC,1745716,Bicester Specialty Funding LLC,Bicester Specialty Finance LLC,esoteric
Chalfont Auto Receivables Trust,CHAA,1745752,Chalfont Auto Finance LLC,CHAAF,1745735,Chalfont Capital Markets LLC,CHACM,1745740,Chalfont Auto Receivables Depositor LLC,Chalfont Auto Finance LLC,auto
Chalfont Credit Card Master Trust,CHAC,1745776,Chalfont Card Services LLC,CHACS,1745759,Chalfont Payments Holdings LLC,CHAPH,1745764,Chalfont Card Funding LLC,Chalfont Card Services LLC,card
Chalfont Consumer Loan Trust,CHAU,1745800,Chalfont Consumer Finance LLC,CHACF,1745783,Chalfont Consumer Capital LLC,CHACC,1745788,Chalfont Consumer Receivables Depositor LLC,Chalfont Consumer Finance LLC,consumer
Chalfont Student Loan Trust,CHAS,1745824,Chalfont Student Lending LLC,CHASL,1745807,Chalfont Education Capital LLC,CHAEC,1745812,Chalfont Student Funding LLC,Chalfont Student Lending LLC,student
Chalfont Equipment Lease Trust,CHAE,1745848,Chalfont Equipment Finance LLC,CHAEF,1745831,Chalfont Leasing Holdings LLC,CHALH,1745836,Chalfont Equipment Receivables Depositor LLC,PHH Mortgage Corporation,equipment
Chalfont Mortgage Trust,CHAM,1745872,Chalfont Mortgage Company LLC,CHAMC,1745855,Chalfont Residential Capital LLC,CHARC,1745860,Chalfont Mortgage Depositor LLC,Chalfont Mortgage Company LLC,mortgage
Chalfont Commercial Mortgage Trust,CHAK,1745896,Chalfont Commercial Realty Capital LLC,CHARE,1745879,Chalfont Commercial Capital LLC,CHAKC,1745884,Chalfont Commercial Mortgage Depositor LLC,Chalfont Commercial Realty Capital LLC,commercial
Chalfont Corporate Credit Trust,CHAP,1745920,Chalfont Asset Management LLC,CHAAM,1745903,Chalfont Credit Partners LLC,CHACP,1745908,Chalfont Credit Funding LLC,Chalfont Asset Management LLC,corporate_credit
Chalfont Specialty Asset Trust,CHAR,1745944,Chalfont Specialty Finance LLC,CHASF,1745927,Chalfont Structured Capital LLC,CHASC,1745932,Chalfont Specialty Funding LLC,Chalfont Specialty Finance LLC,esoteric
Datchet Auto Receivables Trust,DATA,1745968,Datchet Auto Finance LLC,DATAF,1745951,Datchet Capital Markets LLC,DATCM,1745956,Datchet Auto Receivables Depositor LLC,Datchet Auto Finance LLC,auto
Datchet Credit Card Master Trust,DATC,1745992,Datchet Card Services LLC,DATCS,1745975,Datchet Payments Holdings LLC,DATPH,1745980,Datchet Card Funding LLC,Datchet Card Services LLC,card
Datchet Consumer Loan Trust,DATU,1746016,Datchet Consumer Finance LLC,DATCF,1745999,Datchet Consumer Capital LLC,DATCC,1746004,Datchet Consumer Receivables Depositor LLC,Datchet Consumer Finance LLC,consumer
Datchet Student Loan Trust,DATS,1746040,Datchet Student Lending LLC,DATSL,1746023,Datchet Education Capital LLC,DATEC,1746028,Datchet Student Funding LLC,Datchet Student Lending LLC,student
Datchet Equipment Lease Trust,DATE,1746064,Datchet Equipment Finance LLC,DATEF,1746047,Datchet Leasing Holdings LLC,DATLH,1746052,Datchet Equipment Receivables Depositor LLC,Datchet Equipment Finance LLC,equipment
Datchet Mortgage Trust,DATM,1746088,Datchet Mortgage Company LLC,DATMC,1746071,Datchet Residential Capital LLC,DATRC,1746076,Datchet Mortgage Depositor LLC,"Select Portfolio Servicing, Inc.",mortgage
Datchet Commercial Mortgage Trust,DATK,1746112,Datchet Commercial Realty Capital LLC,DATRE,1746095,Datchet Commercial Capital LLC,DATKC,1746100,Datchet Commercial Mortgage Depositor LLC,Datchet Commercial Realty Capital LLC,commercial
Datchet Corporate Credit Trust,DATP,1746136,Datchet Asset Management LLC,DATAM,1746119,Datchet Credit Partners LLC,DATCP,1746124,Datchet Credit Funding LLC,Datchet Asset Management LLC,corporate_credit
Datchet Specialty Asset Trust,DATR,1746160,Datchet Specialty Finance LLC,DATSF,1746143,Datchet Structured Capital LLC,DATSC,1746148,Datchet Specialty Funding LLC,Datchet Specialty Finance LLC,esoteric
Elstree Auto Receivables Trust,ELSA,1746184,Elstree Auto Finance LLC,ELSAF,1746167,Elstree Capital Markets LLC,ELSCM,1746172,Elstree Auto Receivables Depositor LLC,Elstree Auto Finance LLC,auto
Elstree Credit Card Master Trust,ELSC,1746208,Elstree Card Services LLC,ELSCS,1746191,Elstree Payments Holdings LLC,ELSPH,1746196,Elstree Card Funding LLC,Elstree Card Services LLC,card
Elstree Consumer Loan Trust,ELSU,1746232,Elstree Consumer Finance LLC,ELSCF,1746215,Elstree Consumer Capital LLC,ELSCC,1746220,Elstree Consumer Receivables Depositor LLC,Elstree Consumer Finance LLC,consumer
Elstree Student Loan Trust,ELSS,1746256,Elstree Student Lending LLC,ELSSL,1746239,Elstree Education Capital LLC,ELSEC,1746244,Elstree Student Funding LLC,Elstree Student Lending LLC,student
Elstree Equipment Lease Trust,ELSE,1746280,Elstree Equipment Finance LLC,ELSEF,1746263,Elstree Leasing Holdings LLC,ELSLH,1746268,Elstree Equipment Receivables Depositor LLC,Elstree Equipment Finance LLC,equipment
Elstree Mortgage Trust,ELSM,1746304,Elstree Mortgage Company LLC,ELSMC,1746287,Elstree Residential Capital LLC,ELSRC,1746292,Elstree Mortgage Depositor LLC,Elstree Mortgage Company LLC,mortgage
Elstree Commercial Mortgage Trust,ELSK,1746328,Elstree Commercial Realty Capital LLC,ELSRE,1746311,Elstree Commercial Capital LLC,ELSKC,1746316,Elstree Commercial Mortgage Depositor LLC,Vervent Inc.,commercial
Elstree Corporate Credit Trust,ELSP,1746352,Elstree Asset Management LLC,ELSAM,1746335,Elstree Credit Partners LLC,ELSCP,1746340,Elstree Credit Funding LLC,Elstree Asset Management LLC,corporate_credit
Elstree Specialty Asset Trust,ELSR,1746376,Elstree Specialty Finance LLC,ELSSF,1746359,Elstree Structured Capital LLC,ELSSC,1746364,Elstree Specialty Funding LLC,Elstree Specialty Finance LLC,esoteric
Frinton Auto Receivables Trust,FRIA,1746400,Frinton Auto Finance LLC,FRIAF,1746383,Frinton Capital Markets LLC,FRICM,1746388,Frinton Auto Receivables Depositor LLC,Frinton Auto Finance LLC,auto
Frinton Credit Card Master Trust,FRIC,1746424,Frinton Card Services LLC,FRICS,1746407,Frinton Payments Holdings LLC,FRIPH,1746412,Frinton Card Funding LLC,Frinton Card Services LLC,card
Frinton Consumer Loan Trust,FRIU,1746448,Frinton Consumer Finance LLC,FRICF,1746431,Frinton Consumer Capital LLC,FRICC,1746436,Frinton Consumer Receivables Depositor LLC,Frinton Consumer Finance LLC,consumer
Frinton Student Loan Trust,FRIS,1746472,Frinton Student Lending LLC,FRISL,1746455,Frinton Education Capital LLC,FRIEC,1746460,Frinton Student Funding LLC,Frinton Student Lending LLC,student
Frinton Equipment Lease Trust,FRIE,1746496,Frinton Equipment Finance LLC,FRIEF,1746479,Frinton Leasing Holdings LLC,FRILH,1746484,Frinton Equipment Receivables Depositor LLC,Frinton Equipment Finance LLC,equipment
Frinton Mortgage Trust,FRIM,1746520,Frinton Mortgage Company LLC,FRIMC,1746503,Frinton Residential Capital LLC,FRIRC,1746508,Frinton Mortgage Depositor LLC,Frinton Mortgage Company LLC,mortgage
Frinton Commercial Mortgage Trust,FRIK,1746544,Frinton Commercial Realty Capital LLC,FRIRE,1746527,Frinton Commercial Capital LLC,FRIKC,1746532,Frinton Commercial Mortgage Depositor LLC,Frinton Commercial Realty Capital LLC,commercial
Frinton Corporate Credit Trust,FRIP,1746568,Frinton Asset Management LLC,FRIAM,1746551,Frinton Credit Partners LLC,FRICP,1746556,Frinton Credit Funding LLC,PHH Mortgage Corporation,corporate_credit
Frinton Specialty Asset Trust,FRIR,1746592,Frinton Specialty Finance LLC,FRISF,1746575,Frinton Structured Capital LLC,FRISC,1746580,Frinton Specialty Funding LLC,Frinton Specialty Finance LLC,esoteric
Godalming Auto Receivables Trust,GODA,1746616,Godalming Auto Finance LLC,GODAF,1746599,Godalming Capital Markets LLC,GODCM,1746604,Godalming Auto Receivables Depositor LLC,Godalming Auto Finance LLC,auto
Godalming Credit Card Master Trust,GODC,1746640,Godalming Card Services LLC,GODCS,1746623,Godalming Payments Holdings LLC,GODPH,1746628,Godalming Card Funding LLC,Godalming Card Services LLC,card
Godalming Consumer Loan Trust,GODU,1746664,Godalming Consumer Finance LLC,GODCF,1746647,Godalming Consumer Capital LLC,GODCC,1746652,Godalming Consumer Receivables Depositor LLC,Godalming Consumer Finance LLC,consumer
Godalming Student Loan Trust,GODS,1746688,Godalming Student Lending LLC,GODSL,1746671,Godalming Education Capital LLC,GODEC,1746676,Godalming Student Funding LLC,Godalming Student Lending LLC,student
Godalming Equipment Lease Trust,GODE,1746712,Godalming Equipment Finance LLC,GODEF,1746695,Godalming Leasing Holdings LLC,GODLH,1746700,Godalming Equipment Receivables Depositor LLC,Godalming Equipment Finance LLC,equipment
Godalming Mortgage Trust,GODM,1746736,Godalming Mortgage Company LLC,GODMC,1746719,Godalming Residential Capital LLC,GODRC,1746724,Godalming Mortgage Depositor LLC,Godalming Mortgage Company LLC,mortgage
Godalming Commercial Mortgage Trust,GODK,1746760,Godalming Commercial Realty Capital LLC,GODRE,1746743,Godalming Commercial Capital LLC,GODKC,1746748,Godalming Commercial Mortgage Depositor LLC,Godalming Commercial Realty Capital LLC,commercial
Godalming Corporate Credit Trust,GODP,1746784,Godalming Asset Management LLC,GODAM,1746767,Godalming Credit Partners LLC,GODCP,1746772,Godalming Credit Funding LLC,Godalming Asset Management LLC,corporate_credit
Godalming Specialty Asset Trust,GODR,1746808,Godalming Specialty Finance LLC,GODSF,1746791,Godalming Structured Capital LLC,GODSC,1746796,Godalming Specialty Funding LLC,Cenlar FSB,esoteric
Harpenden Auto Receivables Trust,HRPA,1746832,Harpenden Auto Finance LLC,HRPAF,1746815,Harpenden Capital Markets LLC,HRPCM,1746820,Harpenden Auto Receivables Depositor LLC,Harpenden Auto Finance LLC,auto
Harpenden Credit Card Master Trust,HRPC,1746856,Harpenden Card Services LLC,HRPCS,1746839,Harpenden Payments Holdings LLC,HRPPH,1746844,Harpenden Card Funding LLC,Harpenden Card Services LLC,card
Harpenden Consumer Loan Trust,HRPU,1746880,Harpenden Consumer Finance LLC,HRPCF,1746863,Harpenden Consumer Capital LLC,HRPCC,1746868,Harpenden Consumer Receivables Depositor LLC,Harpenden Consumer Finance LLC,consumer
Harpenden Student Loan Trust,HRPS,1746904,Harpenden Student Lending LLC,HRPSL,1746887,Harpenden Education Capital LLC,HRPEC,1746892,Harpenden Student Funding LLC,Harpenden Student Lending LLC,student
Harpenden Equipment Lease Trust,HRPE,1746928,Harpenden Equipment Finance LLC,HRPEF,1746911,Harpenden Leasing Holdings LLC,HRPLH,1746916,Harpenden Equipment Receivables Depositor LLC,Harpenden Equipment Finance LLC,equipment
Harpenden Mortgage Trust,HRPM,1746952,Harpenden Mortgage Company LLC,HRPMC,1746935,Harpenden Residential Capital LLC,HRPRC,1746940,Harpenden Mortgage Depositor LLC,Harpenden Mortgage Company LLC,mortgage
Harpenden Commercial Mortgage Trust,HRPK,1746976,Harpenden Commercial Realty Capital LLC,HRPRE,1746959,Harpenden Commercial Capital LLC,HRPKC,1746964,Harpenden Commercial Mortgage Depositor LLC,Harpenden Commercial Realty Capital LLC,commercial
Harpenden Corporate Credit Trust,HRPP,1747000,Harpenden Asset Management LLC,HRPAM,1746983,Harpenden Credit Partners LLC,HRPCP,1746988,Harpenden Credit Funding LLC,Harpenden Asset Management LLC,corporate_credit
Harpenden Specialty Asset Trust,HRPR,1747024,Harpenden Specialty Finance LLC,HRPSF,1747007,Harpenden Structured Capital LLC,HRPSC,1747012,Harpenden Specialty Funding LLC,Harpenden Specialty Finance LLC,esoteric
Ivinghoe Auto Receivables Trust,IVIA,1747048,Ivinghoe Auto Finance LLC,IVIAF,1747031,Ivinghoe Capital Markets LLC,IVICM,1747036,Ivinghoe Auto Receivables Depositor LLC,Computershare Loan Services,auto
Ivinghoe Credit Card Master Trust,IVIC,1747072,Ivinghoe Card Services LLC,IVICS,1747055,Ivinghoe Payments Holdings LLC,IVIPH,1747060,Ivinghoe Card Funding LLC,Ivinghoe Card Services LLC,card
Ivinghoe Consumer Loan Trust,IVIU,1747096,Ivinghoe Consumer Finance LLC,IVICF,1747079,Ivinghoe Consumer Capital LLC,IVICC,1747084,Ivinghoe Consumer Receivables Depositor LLC,Ivinghoe Consumer Finance LLC,consumer
Ivinghoe Student Loan Trust,IVIS,1747120,Ivinghoe Student Lending LLC,IVISL,1747103,Ivinghoe Education Capital LLC,IVIEC,1747108,Ivinghoe Student Funding LLC,Ivinghoe Student Lending LLC,student
Ivinghoe Equipment Lease Trust,IVIE,1747144,Ivinghoe Equipment Finance LLC,IVIEF,1747127,Ivinghoe Leasing Holdings LLC,IVILH,1747132,Ivinghoe Equipment Receivables Depositor LLC,Ivinghoe Equipment Finance LLC,equipment
Ivinghoe Mortgage Trust,IVIM,1747168,Ivinghoe Mortgage Company LLC,IVIMC,1747151,Ivinghoe Residential Capital LLC,IVIRC,1747156,Ivinghoe Mortgage Depositor LLC,Ivinghoe Mortgage Company LLC,mortgage
Ivinghoe Commercial Mortgage Trust,IVIK,1747192,Ivinghoe Commercial Realty Capital LLC,IVIRE,1747175,Ivinghoe Commercial Capital LLC,IVIKC,1747180,Ivinghoe Commercial Mortgage Depositor LLC,Ivinghoe Commercial Realty Capital LLC,commercial
Ivinghoe Corporate Credit Trust,IVIP,1747216,Ivinghoe Asset Management LLC,IVIAM,1747199,Ivinghoe Credit Partners LLC,IVICP,1747204,Ivinghoe Credit Funding LLC,Ivinghoe Asset Management LLC,corporate_credit
Ivinghoe Specialty Asset Trust,IVIR,1747240,Ivinghoe Specialty Finance LLC,IVISF,1747223,Ivinghoe Structured Capital LLC,IVISC,1747228,Ivinghoe Specialty Funding LLC,Ivinghoe Specialty Finance LLC,esoteric
Jordans Auto Receivables Trust,JRDA,1747264,Jordans Auto Finance LLC,JRDAF,1747247,Jordans Capital Markets LLC,JRDCM,1747252,Jordans Auto Receivables Depositor LLC,Jordans Auto Finance LLC,auto
Jordans Credit Card Master Trust,JRDC,1747288,Jordans Card Services LLC,JRDCS,1747271,Jordans Payments Holdings LLC,JRDPH,1747276,Jordans Card Funding LLC,Situs Asset Management LLC,card
Jordans Consumer Loan Trust,JRDU,1747312,Jordans Consumer Finance LLC,JRDCF,1747295,Jordans Consumer Capital LLC,JRDCC,1747300,Jordans Consumer Receivables Depositor LLC,Jordans Consumer Finance LLC,consumer
Jordans Student Loan Trust,JRDS,1747336,Jordans Student Lending LLC,JRDSL,1747319,Jordans Education Capital LLC,JRDEC,1747324,Jordans Student Funding LLC,Jordans Student Lending LLC,student
Jordans Equipment Lease Trust,JRDE,1747360,Jordans Equipment Finance LLC,JRDEF,1747343,Jordans Leasing Holdings LLC,JRDLH,1747348,Jordans Equipment Receivables Depositor LLC,Jordans Equipment Finance LLC,equipment
Jordans Mortgage Trust,JRDM,1747384,Jordans Mortgage Company LLC,JRDMC,1747367,Jordans Residential Capital LLC,JRDRC,1747372,Jordans Mortgage Depositor LLC,Jordans Mortgage Company LLC,mortgage
Jordans Commercial Mortgage Trust,JRDK,1747408,Jordans Commercial Realty Capital LLC,JRDRE,1747391,Jordans Commercial Capital LLC,JRDKC,1747396,Jordans Commercial Mortgage Depositor LLC,Jordans Commercial Realty Capital LLC,commercial
Jordans Corporate Credit Trust,JRDP,1747432,Jordans Asset Management LLC,JRDAM,1747415,Jordans Credit Partners LLC,JRDCP,1747420,Jordans Credit Funding LLC,Jordans Asset Management LLC,corporate_credit
Jordans Specialty Asset Trust,JRDR,1747456,Jordans Specialty Finance LLC,JRDSF,1747439,Jordans Structured Capital LLC,JRDSC,1747444,Jordans Specialty Funding LLC,Jordans Specialty Finance LLC,esoteric
Kimpton Auto Receivables Trust,KIMA,1747480,Kimpton Auto Finance LLC,KIMAF,1747463,Kimpton Capital Markets LLC,KIMCM,1747468,Kimpton Auto Receivables Depositor LLC,Kimpton Auto Finance LLC,auto
Kimpton Credit Card Master Trust,KIMC,1747504,Kimpton Card Services LLC,KIMCS,1747487,Kimpton Payments Holdings LLC,KIMPH,1747492,Kimpton Card Funding LLC,Kimpton Card Services LLC,card
Kimpton Consumer Loan Trust,KIMU,1747528,Kimpton Consumer Finance LLC,KIMCF,1747511,Kimpton Consumer Capital LLC,KIMCC,1747516,Kimpton Consumer Receivables Depositor LLC,Nationstar Mortgage LLC,consumer
Kimpton Student Loan Trust,KIMS,1747552,Kimpton Student Lending LLC,KIMSL,1747535,Kimpton Education Capital LLC,KIMEC,1747540,Kimpton Student Funding LLC,Kimpton Student Lending LLC,student
Kimpton Equipment Lease Trust,KIME,1747576,Kimpton Equipment Finance LLC,KIMEF,1747559,Kimpton Leasing Holdings LLC,KIMLH,1747564,Kimpton Equipment Receivables Depositor LLC,Kimpton Equipment Finance LLC,equipment
Kimpton Mortgage Trust,KIMM,1747600,Kimpton Mortgage Company LLC,KIMMC,1747583,Kimpton Residential Capital LLC,KIMRC,1747588,Kimpton Mortgage Depositor LLC,Kimpton Mortgage Company LLC,mortgage
Kimpton Commercial Mortgage Trust,KIMK,1747624,Kimpton Commercial Realty Capital LLC,KIMRE,1747607,Kimpton Commercial Capital LLC,KIMKC,1747612,Kimpton Commercial Mortgage Depositor LLC,Kimpton Commercial Realty Capital LLC,commercial
Kimpton Corporate Credit Trust,KIMP,1747648,Kimpton Asset Management LLC,KIMAM,1747631,Kimpton Credit Partners LLC,KIMCP,1747636,Kimpton Credit Funding LLC,Kimpton Asset Management LLC,corporate_credit
Kimpton Specialty Asset Trust,KIMR,1747672,Kimpton Specialty Finance LLC,KIMSF,1747655,Kimpton Structured Capital LLC,KIMSC,1747660,Kimpton Specialty Funding LLC,Kimpton Specialty Finance LLC,esoteric
Letchworth Auto Receivables Trust,LETA,1747696,Letchworth Auto Finance LLC,LETAF,1747679,Letchworth Capital Markets LLC,LETCM,1747684,Letchworth Auto Receivables Depositor LLC,Letchworth Auto Finance LLC,auto
Letchworth Credit Card Master Trust,LETC,1747720,Letchworth Card Services LLC,LETCS,1747703,Letchworth Payments Holdings LLC,LETPH,1747708,Letchworth Card Funding LLC,Letchworth Card Services LLC,card
Letchworth Consumer Loan Trust,LETU,1747744,Letchworth Consumer Finance LLC,LETCF,1747727,Letchworth Consumer Capital LLC,LETCC,1747732,Letchworth Consumer Receivables Depositor LLC,Letchworth Consumer Finance LLC,consumer
Letchworth Student Loan Trust,LETS,1747768,Letchworth Student Lending LLC,LETSL,1747751,Letchworth Education Capital LLC,LETEC,1747756,Letchworth Student Funding LLC,Mr. Cooper Group Inc.,student
Letchworth Equipment Lease Trust,LETE,1747792,Letchworth Equipment Finance LLC,LETEF,1747775,Letchworth Leasing Holdings LLC,LETLH,1747780,Letchworth Equipment Receivables Depositor LLC,Letchworth Equipment Finance LLC,equipment
Letchworth Mortgage Trust,LETM,1747816,Letchworth Mortgage Company LLC,LETMC,1747799,Letchworth Residential Capital LLC,LETRC,1747804,Letchworth Mortgage Depositor LLC,Letchworth Mortgage Company LLC,mortgage
Letchworth Commercial Mortgage Trust,LETK,1747840,Letchworth Commercial Realty Capital LLC,LETRE,1747823,Letchworth Commercial Capital LLC,LETKC,1747828,Letchworth Commercial Mortgage Depositor LLC,Letchworth Commercial Realty Capital LLC,commercial
Letchworth Corporate Credit Trust,LETP,1747864,Letchworth Asset Management LLC,LETAM,1747847,Letchworth Credit Partners LLC,LETCP,1747852,Letchworth Credit Funding LLC,Letchworth Asset Management LLC,corporate_credit
Letchworth Specialty Asset Trust,LETR,1747888,Letchworth Specialty Finance LLC,LETSF,1747871,Letchworth Structured Capital LLC,LETSC,1747876,Letchworth Specialty Funding LLC,Letchworth Specialty Finance LLC,esoteric
Marlow Auto Receivables Trust,MLOA,1747912,Marlow Auto Finance LLC,MLOAF,1747895,Marlow Capital Markets LLC,MLOCM,1747900,Marlow Auto Receivables Depositor LLC,Marlow Auto Finance LLC,auto
Marlow Credit Card Master Trust,MLOC,1747936,Marlow Card Services LLC,MLOCS,1747919,Marlow Payments Holdings LLC,MLOPH,1747924,Marlow Card Funding LLC,Marlow Card Services LLC,card
Marlow Consumer Loan Trust,MLOU,1747960,Marlow Consumer Finance LLC,MLOCF,1747943,Marlow Consumer Capital LLC,MLOCC,1747948,Marlow Consumer Receivables Depositor LLC,Marlow Consumer Finance LLC,consumer
Marlow Student Loan Trust,MLOS,1747984,Marlow Student Lending LLC,MLOSL,1747967,Marlow Education Capital LLC,MLOEC,1747972,Marlow Student Funding LLC,Marlow Student Lending LLC,student
Marlow Equipment Lease Trust,MLOE,1748008,Marlow Equipment Finance LLC,MLOEF,1747991,Marlow Leasing Holdings LLC,MLOLH,1747996,Marlow Equipment Receivables Depositor LLC,Situs Asset Management LLC,equipment
Marlow Mortgage Trust,MLOM,1748032,Marlow Mortgage Company LLC,MLOMC,1748015,Marlow Residential Capital LLC,MLORC,1748020,Marlow Mortgage Depositor LLC,Marlow Mortgage Company LLC,mortgage
Marlow Commercial Mortgage Trust,MLOK,1748056,Marlow Commercial Realty Capital LLC,MLORE,1748039,Marlow Commercial Capital LLC,MLOKC,1748044,Marlow Commercial Mortgage Depositor LLC,Marlow Commercial Realty Capital LLC,commercial
Marlow Corporate Credit Trust,MLOP,1748080,Marlow Asset Management LLC,MLOAM,1748063,Marlow Credit Partners LLC,MLOCP,1748068,Marlow Credit Funding LLC,Marlow Asset Management LLC,corporate_credit
Marlow Specialty Asset Trust,MLOR,1748104,Marlow Specialty Finance LLC,MLOSF,1748087,Marlow Structured Capital LLC,MLOSC,1748092,Marlow Specialty Funding LLC,Marlow Specialty Finance LLC,esoteric
Northwood Auto Receivables Trust,NODA,1748128,Northwood Auto Finance LLC,NODAF,1748111,Northwood Capital Markets LLC,NODCM,1748116,Northwood Auto Receivables Depositor LLC,Northwood Auto Finance LLC,auto
Northwood Credit Card Master Trust,NODC,1748152,Northwood Card Services LLC,NODCS,1748135,Northwood Payments Holdings LLC,NODPH,1748140,Northwood Card Funding LLC,Northwood Card Services LLC,card
Northwood Consumer Loan Trust,NODU,1748176,Northwood Consumer Finance LLC,NODCF,1748159,Northwood Consumer Capital LLC,NODCC,1748164,Northwood Consumer Receivables Depositor LLC,Northwood Consumer Finance LLC,consumer
Northwood Student Loan Trust,NODS,1748200,Northwood Student Lending LLC,NODSL,1748183,Northwood Education Capital LLC,NODEC,1748188,Northwood Student Funding LLC,Northwood Student Lending LLC,student
Northwood Equipment Lease Trust,NODE,1748224,Northwood Equipment Finance LLC,NODEF,1748207,Northwood Leasing Holdings LLC,NODLH,1748212,Northwood Equipment Receivables Depositor LLC,Northwood Equipment Finance LLC,equipment
Northwood Mortgage Trust,NODM,1748248,Northwood Mortgage Company LLC,NODMC,1748231,Northwood Residential Capital LLC,NODRC,1748236,Northwood Mortgage Depositor LLC,Situs Asset Management LLC,mortgage
Northwood Commercial Mortgage Trust,NODK,1748272,Northwood Commercial Realty Capital LLC,NODRE,1748255,Northwood Commercial Capital LLC,NODKC,1748260,Northwood Commercial Mortgage Depositor LLC,Northwood Commercial Realty Capital LLC,commercial
Northwood Corporate Credit Trust,NODP,1748296,Northwood Asset Management LLC,NODAM,1748279,Northwood Credit Partners LLC,NODCP,1748284,Northwood Credit Funding LLC,Northwood Asset Management LLC,corporate_credit
Northwood Specialty Asset Trust,NODR,1748320,Northwood Specialty Finance LLC,NODSF,1748303,Northwood Structured Capital LLC,NODSC,1748308,Northwood Specialty Funding LLC,Northwood Specialty Finance LLC,esoteric
Otley Auto Receivables Trust,OTLA,1748344,Otley Auto Finance LLC,OTLAF,1748327,Otley Capital Markets LLC,OTLCM,1748332,Otley Auto Receivables Depositor LLC,Otley Auto Finance LLC,auto
Otley Credit Card Master Trust,OTLC,1748368,Otley Card Services LLC,OTLCS,1748351,Otley Payments Holdings LLC,OTLPH,1748356,Otley Card Funding LLC,Otley Card Services LLC,card
Otley Consumer Loan Trust,OTLU,1748392,Otley Consumer Finance LLC,OTLCF,1748375,Otley Consumer Capital LLC,OTLCC,1748380,Otley Consumer Receivables Depositor LLC,Otley Consumer Finance LLC,consumer
Otley Student Loan Trust,OTLS,1748416,Otley Student Lending LLC,OTLSL,1748399,Otley Education Capital LLC,OTLEC,1748404,Otley Student Funding LLC,Otley Student Lending LLC,student
Otley Equipment Lease Trust,OTLE,1748440,Otley Equipment Finance LLC,OTLEF,1748423,Otley Leasing Holdings LLC,OTLLH,1748428,Otley Equipment Receivables Depositor LLC,Otley Equipment Finance LLC,equipment
Otley Mortgage Trust,OTLM,1748464,Otley Mortgage Company LLC,OTLMC,1748447,Otley Residential Capital LLC,OTLRC,1748452,Otley Mortgage Depositor LLC,Otley Mortgage Company LLC,mortgage
Otley Commercial Mortgage Trust,OTLK,1748488,Otley Commercial Realty Capital LLC,OTLRE,1748471,Otley Commercial Capital LLC,OTLKC,1748476,Otley Commercial Mortgage Depositor LLC,Cenlar FSB,commercial
Otley Corporate Credit Trust,OTLP,1748512,Otley Asset Management LLC,OTLAM,1748495,Otley Credit Partners LLC,OTLCP,1748500,Otley Credit Funding LLC,Otley Asset Management LLC,corporate_credit
Otley Specialty Asset Trust,OTLR,1748536,Otley Specialty Finance LLC,OTLSF,1748519,Otley Structured Capital LLC,OTLSC,1748524,Otley Specialty Funding LLC,Otley Specialty Finance LLC,esoteric
Pinner Auto Receivables Trust,PNNA,1748560,Pinner Auto Finance LLC,PNNAF,1748543,Pinner Capital Markets LLC,PNNCM,1748548,Pinner Auto Receivables Depositor LLC,Pinner Auto Finance LLC,auto
Pinner Credit Card Master Trust,PNNC,1748584,Pinner Card Services LLC,PNNCS,1748567,Pinner Payments Holdings LLC,PNNPH,1748572,Pinner Card Funding LLC,Pinner Card Services LLC,card
Pinner Consumer Loan Trust,PNNU,1748608,Pinner Consumer Finance LLC,PNNCF,1748591,Pinner Consumer Capital LLC,PNNCC,1748596,Pinner Consumer Receivables Depositor LLC,Pinner Consumer Finance LLC,consumer
Pinner Student Loan Trust,PNNS,1748632,Pinner Student Lending LLC,PNNSL,1748615,Pinner Education Capital LLC,PNNEC,1748620,Pinner Student Funding LLC,Pinner Student Lending LLC,student
Pinner Equipment Lease Trust,PNNE,1748656,Pinner Equipment Finance LLC,PNNEF,1748639,Pinner Leasing Holdings LLC,PNNLH,1748644,Pinner Equipment Receivables Depositor LLC,Pinner Equipment Finance LLC,equipment
Pinner Mortgage Trust,PNNM,1748680,Pinner Mortgage Company LLC,PNNMC,1748663,Pinner Residential Capital LLC,PNNRC,1748668,Pinner Mortgage Depositor LLC,Pinner Mortgage Company LLC,mortgage
Pinner Commercial Mortgage Trust,PNNK,1748704,Pinner Commercial Realty Capital LLC,PNNRE,1748687,Pinner Commercial Capital LLC,PNNKC,1748692,Pinner Commercial Mortgage Depositor LLC,Pinner Commercial Realty Capital LLC,commercial
Pinner Corporate Credit Trust,PNNP,1748728,Pinner Asset Management LLC,PNNAM,1748711,Pinner Credit Partners LLC,PNNCP,1748716,Pinner Credit Funding LLC,PHH Mortgage Corporation,corporate_credit
Pinner Specialty Asset Trust,PNNR,1748752,Pinner Specialty Finance LLC,PNNSF,1748735,Pinner Structured Capital LLC,PNNSC,1748740,Pinner Specialty Funding LLC,Pinner Specialty Finance LLC,esoteric
Quainton Auto Receivables Trust,QAIA,1748776,Quainton Auto Finance LLC,QAIAF,1748759,Quainton Capital Markets LLC,QAICM,1748764,Quainton Auto Receivables Depositor LLC,Quainton Auto Finance LLC,auto
Quainton Credit Card Master Trust,QAIC,1748800,Quainton Card Services LLC,QAICS,1748783,Quainton Payments Holdings LLC,QAIPH,1748788,Quainton Card Funding LLC,Quainton Card Services LLC,card
Quainton Consumer Loan Trust,QAIU,1748824,Quainton Consumer Finance LLC,QAICF,1748807,Quainton Consumer Capital LLC,QAICC,1748812,Quainton Consumer Receivables Depositor LLC,Quainton Consumer Finance LLC,consumer
Quainton Student Loan Trust,QAIS,1748848,Quainton Student Lending LLC,QAISL,1748831,Quainton Education Capital LLC,QAIEC,1748836,Quainton Student Funding LLC,Quainton Student Lending LLC,student
Quainton Equipment Lease Trust,QAIE,1748872,Quainton Equipment Finance LLC,QAIEF,1748855,Quainton Leasing Holdings LLC,QAILH,1748860,Quainton Equipment Receivables Depositor LLC,Quainton Equipment Finance LLC,equipment
Quainton Mortgage Trust,QAIM,1748896,Quainton Mortgage Company LLC,QAIMC,1748879,Quainton Residential Capital LLC,QAIRC,1748884,Quainton Mortgage Depositor LLC,Quainton Mortgage Company LLC,mortgage
Quainton Commercial Mortgage Trust,QAIK,1748920,Quainton Commercial Realty Capital LLC,QAIRE,1748903,Quainton Commercial Capital LLC,QAIKC,1748908,Quainton Commercial Mortgage Depositor LLC,Quainton Commercial Realty Capital LLC,commercial
Quainton Corporate Credit Trust,QAIP,1748944,Quainton Asset Management LLC,QAIAM,1748927,Quainton Credit Partners LLC,QAICP,1748932,Quainton Credit Funding LLC,Quainton Asset Management LLC,corporate_credit
Quainton Specialty Asset Trust,QAIR,1748968,Quainton Specialty Finance LLC,QAISF,1748951,Quainton Structured Capital LLC,QAISC,1748956,Quainton Specialty Funding LLC,Nationstar Mortgage LLC,esoteric
Rickmansworth Auto Receivables Trust,RICA,1748992,Rickmansworth Auto Finance LLC,RICAF,1748975,Rickmansworth Capital Markets LLC,RICCM,1748980,Rickmansworth Auto Receivables Depositor LLC,Rickmansworth Auto Finance LLC,auto
Rickmansworth Credit Card Master Trust,RICC,1749016,Rickmansworth Card Services LLC,RICCS,1748999,Rickmansworth Payments Holdings LLC,RICPH,1749004,Rickmansworth Card Funding LLC,Rickmansworth Card Services LLC,card
Rickmansworth Consumer Loan Trust,RICU,1749040,Rickmansworth Consumer Finance LLC,RICCF,1749023,Rickmansworth Consumer Capital LLC,RICCC,1749028,Rickmansworth Consumer Receivables Depositor LLC,Rickmansworth Consumer Finance LLC,consumer
Rickmansworth Student Loan Trust,RICS,1749064,Rickmansworth Student Lending LLC,RICSL,1749047,Rickmansworth Education Capital LLC,RICEC,1749052,Rickmansworth Student Funding LLC,Rickmansworth Student Lending LLC,student
Rickmansworth Equipment Lease Trust,RICE,1749088,Rickmansworth Equipment Finance LLC,RICEF,1749071,Rickmansworth Leasing Holdings LLC,RICLH,1749076,Rickmansworth Equipment Receivables Depositor LLC,Rickmansworth Equipment Finance LLC,equipment
Rickmansworth Mortgage Trust,RICM,1749112,Rickmansworth Mortgage Company LLC,RICMC,1749095,Rickmansworth Residential Capital LLC,RICRC,1749100,Rickmansworth Mortgage Depositor LLC,Rickmansworth Mortgage Company LLC,mortgage
Rickmansworth Commercial Mortgage Trust,RICK,1749136,Rickmansworth Commercial Realty Capital LLC,RICRE,1749119,Rickmansworth Commercial Capital LLC,RICKC,1749124,Rickmansworth Commercial Mortgage Depositor LLC,Rickmansworth Commercial Realty Capital LLC,commercial
Rickmansworth Corporate Credit Trust,RICP,1749160,Rickmansworth Asset Management LLC,RICAM,1749143,Rickmansworth Credit Partners LLC,RICCP,1749148,Rickmansworth Credit Funding LLC,Rickmansworth Asset Management LLC,corporate_credit
Rickmansworth Specialty Asset Trust,RICR,1749184,Rickmansworth Specialty Finance LLC,RICSF,1749167,Rickmansworth Structured Capital LLC,RICSC,1749172,Rickmansworth Specialty Funding LLC,Rickmansworth Specialty Finance LLC,esoteric
Sandridge Auto Receivables Trust,SNDA,1749208,Sandridge Auto Finance LLC,SNDAF,1749191,Sandridge Capital Markets LLC,SNDCM,1749196,Sandridge Auto Receivables Depositor LLC,"Systems & Services Technologies, Inc.",auto
Sandridge Credit Card Master Trust,SNDC,1749232,Sandridge Card Services LLC,SNDCS,1749215,Sandridge Payments Holdings LLC,SNDPH,1749220,Sandridge Card Funding LLC,Sandridge Card Services LLC,card
Sandridge Consumer Loan Trust,SNDU,1749256,Sandridge Consumer Finance LLC,SNDCF,1749239,Sandridge Consumer Capital LLC,SNDCC,1749244,Sandridge Consumer Receivables Depositor LLC,Sandridge Consumer Finance LLC,consumer
Sandridge Student Loan Trust,SNDS,1749280,Sandridge Student Lending LLC,SNDSL,1749263,Sandridge Education Capital LLC,SNDEC,1749268,Sandridge Student Funding LLC,Sandridge Student Lending LLC,student
Sandridge Equipment Lease Trust,SNDE,1749304,Sandridge Equipment Finance LLC,SNDEF,1749287,Sandridge Leasing Holdings LLC,SNDLH,1749292,Sandridge Equipment Receivables Depositor LLC,Sandridge Equipment Finance LLC,equipment
Sandridge Mortgage Trust,SNDM,1749328,Sandridge Mortgage Company LLC,SNDMC,1749311,Sandridge Residential Capital LLC,SNDRC,1749316,Sandridge Mortgage Depositor LLC,Sandridge Mortgage Company LLC,mortgage
Sandridge Commercial Mortgage Trust,SNDK,1749352,Sandridge Commercial Realty Capital LLC,SNDRE,1749335,Sandridge Commercial Capital LLC,SNDKC,1749340,Sandridge Commercial Mortgage Depositor LLC,Sandridge Commercial Realty Capital LLC,commercial
Sandridge Corporate Credit Trust,SNDP,1749376,Sandridge Asset Management LLC,SNDAM,1749359,Sandridge Credit Partners LLC,SNDCP,1749364,Sandridge Credit Funding LLC,Sandridge Asset Management LLC,corporate_credit
Sandridge Specialty Asset Trust,SNDR,1749400,Sandridge Specialty Finance LLC,SNDSF,1749383,Sandridge Structured Capital LLC,SNDSC,1749388,Sandridge Specialty Funding LLC,Sandridge Specialty Finance LLC,esoteric
Tring Auto Receivables Trust,TRIA,1749424,Tring Auto Finance LLC,TRIAF,1749407,Tring Capital Markets LLC,TRICM,1749412,Tring Auto Receivables Depositor LLC,Tring Auto Finance LLC,auto
Tring Credit Card Master Trust,TRIC,1749448,Tring Card Services LLC,TRICS,1749431,Tring Payments Holdings LLC,TRIPH,1749436,Tring Card Funding LLC,Computershare Loan Services,card
Tring Consumer Loan Trust,TRIU,1749472,Tring Consumer Finance LLC,TRICF,1749455,Tring Consumer Capital LLC,TRICC,1749460,Tring Consumer Receivables Depositor LLC,Tring Consumer Finance LLC,consumer
Tring Student Loan Trust,TRIS,1749496,Tring Student Lending LLC,TRISL,1749479,Tring Education Capital LLC,TRIEC,1749484,Tring Student Funding LLC,Tring Student Lending LLC,student
Tring Equipment Lease Trust,TRIE,1749520,Tring Equipment Finance LLC,TRIEF,1749503,Tring Leasing Holdings LLC,TRILH,1749508,Tring Equipment Receivables Depositor LLC,Tring Equipment Finance LLC,equipment
Tring Mortgage Trust,TRIM,1749544,Tring Mortgage Company LLC,TRIMC,1749527,Tring Residential Capital LLC,TRIRC,1749532,Tring Mortgage Depositor LLC,Tring Mortgage Company LLC,mortgage
Tring Commercial Mortgage Trust,TRIK,1749568,Tring Commercial Realty Capital LLC,TRIRE,1749551,Tring Commercial Capital LLC,TRIKC,1749556,Tring Commercial Mortgage Depositor LLC,Tring Commercial Realty Capital LLC,commercial
Tring Corporate Credit Trust,TRIP,1749592,Tring Asset Management LLC,TRIAM,1749575,Tring Credit Partners LLC,TRICP,1749580,Tring Credit Funding LLC,Tring Asset Management LLC,corporate_credit
Tring Specialty Asset Trust,TRIR,1749616,Tring Specialty Finance LLC,TRISF,1749599,Tring Structured Capital LLC,TRISC,1749604,Tring Specialty Funding LLC,Tring Specialty Finance LLC,esoteric
Uxendon Auto Receivables Trust,UXEA,1749640,Uxendon Auto Finance LLC,UXEAF,1749623,Uxendon Capital Markets LLC,UXECM,1749628,Uxendon Auto Receivables Depositor LLC,Uxendon Auto Finance LLC,auto
Uxendon Credit Card Master Trust,UXEC,1749664,Uxendon Card Services LLC,UXECS,1749647,Uxendon Payments Holdings LLC,UXEPH,1749652,Uxendon Card Funding LLC,Uxendon Card Services LLC,card
Uxendon Consumer Loan Trust,UXEU,1749688,Uxendon Consumer Finance LLC,UXECF,1749671,Uxendon Consumer Capital LLC,UXECC,1749676,Uxendon Consumer Receivables Depositor LLC,Midland Loan Services,consumer
Uxendon Student Loan Trust,UXES,1749712,Uxendon Student Lending LLC,UXESL,1749695,Uxendon Education Capital LLC,UXEEC,1749700,Uxendon Student Funding LLC,Uxendon Student Lending LLC,student
Uxendon Equipment Lease Trust,UXEE,1749736,Uxendon Equipment Finance LLC,UXEEF,1749719,Uxendon Leasing Holdings LLC,UXELH,1749724,Uxendon Equipment Receivables Depositor LLC,Uxendon Equipment Finance LLC,equipment
Uxendon Mortgage Trust,UXEM,1749760,Uxendon Mortgage Company LLC,UXEMC,1749743,Uxendon Residential Capital LLC,UXERC,1749748,Uxendon Mortgage Depositor LLC,Uxendon Mortgage Company LLC,mortgage
Uxendon Commercial Mortgage Trust,UXEK,1749784,Uxendon Commercial Realty Capital LLC,UXERE,1749767,Uxendon Commercial Capital LLC,UXEKC,1749772,Uxendon Commercial Mortgage Depositor LLC,Uxendon Commercial Realty Capital LLC,commercial
Uxendon Corporate Credit Trust,UXEP,1749808,Uxendon Asset Management LLC,UXEAM,1749791,Uxendon Credit Partners LLC,UXECP,1749796,Uxendon Credit Funding LLC,Uxendon Asset Management LLC,corporate_credit
Uxendon Specialty Asset Trust,UXER,1749832,Uxendon Specialty Finance LLC,UXESF,1749815,Uxendon Structured Capital LLC,UXESC,1749820,Uxendon Specialty Funding LLC,Uxendon Specialty Finance LLC,esoteric
Verulam Auto Receivables Trust,VRUA,1749856,Verulam Auto Finance LLC,VRUAF,1749839,Verulam Capital Markets LLC,VRUCM,1749844,Verulam Auto Receivables Depositor LLC,Verulam Auto Finance LLC,auto
Verulam Credit Card Master Trust,VRUC,1749880,Verulam Card Services LLC,VRUCS,1749863,Verulam Payments Holdings LLC,VRUPH,1749868,Verulam Card Funding LLC,Verulam Card Services LLC,card
Verulam Consumer Loan Trust,VRUU,1749904,Verulam Consumer Finance LLC,VRUCF,1749887,Verulam Consumer Capital LLC,VRUCC,1749892,Verulam Consumer Receivables Depositor LLC,Verulam Consumer Finance LLC,consumer
Verulam Student Loan Trust,VRUS,1749928,Verulam Student Lending LLC,VRUSL,1749911,Verulam Education Capital LLC,VRUEC,1749916,Verulam Student Funding LLC,Rushmore Loan Management Services LLC,student
Verulam Equipment Lease Trust,VRUE,1749952,Verulam Equipment Finance LLC,VRUEF,1749935,Verulam Leasing Holdings LLC,VRULH,1749940,Verulam Equipment Receivables Depositor LLC,Verulam Equipment Finance LLC,equipment
Verulam Mortgage Trust,VRUM,1749976,Verulam Mortgage Company LLC,VRUMC,1749959,Verulam Residential Capital LLC,VRURC,1749964,Verulam Mortgage Depositor LLC,Verulam Mortgage Company LLC,mortgage
Verulam Commercial Mortgage Trust,VRUK,1750000,Verulam Commercial Realty Capital LLC,VRURE,1749983,Verulam Commercial Capital LLC,VRUKC,1749988,Verulam Commercial Mortgage Depositor LLC,Verulam Commercial Realty Capital LLC,commercial
Verulam Corporate Credit Trust,VRUP,1750024,Verulam Asset Management LLC,VRUAM,1750007,Verulam Credit Partners LLC,VRUCP,1750012,Verulam Credit Funding LLC,Verulam Asset Management LLC,corporate_credit
Verulam Specialty Asset Trust,VRUR,1750048,Verulam Specialty Finance LLC,VRUSF,1750031,Verulam Structured Capital LLC,VRUSC,1750036,Verulam Specialty Funding LLC,Verulam Specialty Finance LLC,esoteric
Wendover Auto Receivables Trust,WNDA,1750072,Wendover Auto Finance LLC,WNDAF,1750055,Wendover Capital Markets LLC,WNDCM,1750060,Wendover Auto Receivables Depositor LLC,Wendover Auto Finance LLC,auto
Wendover Credit Card Master Trust,WNDC,1750096,Wendover Card Services LLC,WNDCS,1750079,Wendover Payments Holdings LLC,WNDPH,1750084,Wendover Card Funding LLC,Wendover Card Services LLC,card
Wendover Consumer Loan Trust,WNDU,1750120,Wendover Consumer Finance LLC,WNDCF,1750103,Wendover Consumer Capital LLC,WNDCC,1750108,Wendover Consumer Receivables Depositor LLC,Wendover Consumer Finance LLC,consumer
Wendover Student Loan Trust,WNDS,1750144,Wendover Student Lending LLC,WNDSL,1750127,Wendover Education Capital LLC,WNDEC,1750132,Wendover Student Funding LLC,Wendover Student Lending LLC,student
Wendover Equipment Lease Trust,WNDE,1750168,Wendover Equipment Finance LLC,WNDEF,1750151,Wendover Leasing Holdings LLC,WNDLH,1750156,Wendover Equipment Receivables Depositor LLC,Rushmore Loan Management Services LLC,equipment
Wendover Mortgage Trust,WNDM,1750192,Wendover Mortgage Company LLC,WNDMC,1750175,Wendover Residential Capital LLC,WNDRC,1750180,Wendover Mortgage Depositor LLC,Wendover Mortgage Company LLC,mortgage
Wendover Commercial Mortgage Trust,WNDK,1750216,Wendover Commercial Realty Capital LLC,WNDRE,1750199,Wendover Commercial Capital LLC,WNDKC,1750204,Wendover Commercial Mortgage Depositor LLC,Wendover Commercial Realty Capital LLC,commercial
Wendover Corporate Credit Trust,WNDP,1750240,Wendover Asset Management LLC,WNDAM,1750223,Wendover Credit Partners LLC,WNDCP,1750228,Wendover Credit Funding LLC,Wendover Asset Management LLC,corporate_credit
Wendover Specialty Asset Trust,WNDR,1750264,Wendover Specialty Finance LLC,WNDSF,1750247,Wendover Structured Capital LLC,WNDSC,1750252,Wendover Specialty Funding LLC,Wendover Specialty Finance LLC,esoteric
Aylesbury Auto Receivables Trust,AYLA,1750288,Aylesbury Auto Finance LLC,AYLAF,1750271,Aylesbury Capital Markets LLC,AYLCM,1750276,Aylesbury Auto Receivables Depositor LLC,Aylesbury Auto Finance LLC,auto
Aylesbury Credit Card Master Trust,AYLC,1750312,Aylesbury Card Services LLC,AYLCS,1750295,Aylesbury Payments Holdings LLC,AYLPH,1750300,Aylesbury Card Funding LLC,Aylesbury Card Services LLC,card
Aylesbury Consumer Loan Trust,AYLU,1750336,Aylesbury Consumer Finance LLC,AYLCF,1750319,Aylesbury Consumer Capital LLC,AYLCC,1750324,Aylesbury Consumer Receivables Depositor LLC,Aylesbury Consumer Finance LLC,consumer
Aylesbury Student Loan Trust,AYLS,1750360,Aylesbury Student Lending LLC,AYLSL,1750343,Aylesbury Education Capital LLC,AYLEC,1750348,Aylesbury Student Funding LLC,Aylesbury Student Lending LLC,student
Aylesbury Equipment Lease Trust,AYLE,1750384,Aylesbury Equipment Finance LLC,AYLEF,1750367,Aylesbury Leasing Holdings LLC,AYLLH,1750372,Aylesbury Equipment Receivables Depositor LLC,Aylesbury Equipment Finance LLC,equipment
Aylesbury Mortgage Trust,AYLM,1750408,Aylesbury Mortgage Company LLC,AYLMC,1750391,Aylesbury Residential Capital LLC,AYLRC,1750396,Aylesbury Mortgage Depositor LLC,Vervent Inc.,mortgage
Aylesbury Commercial Mortgage Trust,AYLK,1750432,Aylesbury Commercial Realty Capital LLC,AYLRE,1750415,Aylesbury Commercial Capital LLC,AYLKC,1750420,Aylesbury Commercial Mortgage Depositor LLC,Aylesbury Commercial Realty Capital LLC,commercial
Aylesbury Corporate Credit Trust,AYLP,1750456,Aylesbury Asset Management LLC,AYLAM,1750439,Aylesbury Credit Partners LLC,AYLCP,1750444,Aylesbury Credit Funding LLC,Aylesbury Asset Management LLC,corporate_credit
Aylesbury Specialty Asset Trust,AYLR,1750480,Aylesbury Specialty Finance LLC,AYLSF,1750463,Aylesbury Structured Capital LLC,AYLSC,1750468,Aylesbury Specialty Funding LLC,Aylesbury Specialty Finance LLC,esoteric
Beaconsfield Auto Receivables Trust,BEAA,1750504,Beaconsfield Auto Finance LLC,BEAAF,1750487,Beaconsfield Capital Markets LLC,BEACM,1750492,Beaconsfield Auto Receivables Depositor LLC,Beaconsfield Auto Finance LLC,auto
Beaconsfield Credit Card Master Trust,BEAC,1750528,Beaconsfield Card Services LLC,BEACS,1750511,Beaconsfield Payments Holdings LLC,BEAPH,1750516,Beaconsfield Card Funding LLC,Beaconsfield Card Services LLC,card
Beaconsfield Consumer Loan Trust,BEAU,1750552,Beaconsfield Consumer Finance LLC,BEACF,1750535,Beaconsfield Consumer Capital LLC,BEACC,1750540,Beaconsfield Consumer Receivables Depositor LLC,Beaconsfield Consumer Finance LLC,consumer
Beaconsfield Student Loan Trust,BEAS,1750576,Beaconsfield Student Lending LLC,BEASL,1750559,Beaconsfield Education Capital LLC,BEAEC,1750564,Beaconsfield Student Funding LLC,Beaconsfield Student Lending LLC,student
Beaconsfield Equipment Lease Trust,BEAE,1750600,Beaconsfield Equipment Finance LLC,BEAEF,1750583,Beaconsfield Leasing Holdings LLC,BEALH,1750588,Beaconsfield Equipment Receivables Depositor LLC,Beaconsfield Equipment Finance LLC,equipment
Beaconsfield Mortgage Trust,BEAM,1750624,Beaconsfield Mortgage Company LLC,BEAMC,1750607,Beaconsfield Residential Capital LLC,BEARC,1750612,Beaconsfield Mortgage Depositor LLC,Beaconsfield Mortgage Company LLC,mortgage
Beaconsfield Commercial Mortgage Trust,BEAK,1750648,Beaconsfield Commercial Realty Capital LLC,BEARE,1750631,Beaconsfield Commercial Capital LLC,BEAKC,1750636,Beaconsfield Commercial Mortgage Depositor LLC,Vervent Inc.,commercial
Beaconsfield Corporate Credit Trust,BEAP,1750672,Beaconsfield Asset Management LLC,BEAAM,1750655,Beaconsfield Credit Partners LLC,BEACP,1750660,Beaconsfield Credit Funding LLC,Beaconsfield Asset Management LLC,corporate_credit
Beaconsfield Specialty Asset Trust,BEAR,1750696,Beaconsfield Specialty Finance LLC,BEASF,1750679,Beaconsfield Structured Capital LLC,BEASC,1750684,Beaconsfield Specialty Funding LLC,Beaconsfield Specialty Finance LLC,esoteric
Chesham Auto Receivables Trust,CESA,1750720,Chesham Auto Finance LLC,CESAF,1750703,Chesham Capital Markets LLC,CESCM,1750708,Chesham Auto Receivables Depositor LLC,Chesham Auto Finance LLC,auto
Chesham Credit Card Master Trust,CESC,1750744,Chesham Card Services LLC,CESCS,1750727,Chesham Payments Holdings LLC,CESPH,1750732,Chesham Card Funding LLC,Chesham Card Services LLC,card
Chesham Consumer Loan Trust,CESU,1750768,Chesham Consumer Finance LLC,CESCF,1750751,Chesham Consumer Capital LLC,CESCC,1750756,Chesham Consumer Receivables Depositor LLC,Chesham Consumer Finance LLC,consumer
Chesham Student Loan Trust,CESS,1750792,Chesham Student Lending LLC,CESSL,1750775,Chesham Education Capital LLC,CESEC,1750780,Chesham Student Funding LLC,Chesham Student Lending LLC,student
Chesham Equipment Lease Trust,CESE,1750816,Chesham Equipment Finance LLC,CESEF,1750799,Chesham Leasing Holdings LLC,CESLH,1750804,Chesham Equipment Receivables Depositor LLC,Chesham Equipment Finance LLC,equipment
Chesham Mortgage Trust,CESM,1750840,Chesham Mortgage Company LLC,CESMC,1750823,Chesham Residential Capital LLC,CESRC,1750828,Chesham Mortgage Depositor LLC,Chesham Mortgage Company LLC,mortgage
Chesham Commercial Mortgage Trust,CESK,1750864,Chesham Commercial Realty Capital LLC,CESRE,1750847,Chesham Commercial Capital LLC,CESKC,1750852,Chesham Commercial Mortgage Depositor LLC,Chesham Commercial Realty Capital LLC,commercial
Chesham Corporate Credit Trust,CESP,1750888,Chesham Asset Management LLC,CESAM,1750871,Chesham Credit Partners LLC,CESCP,1750876,Chesham Credit Funding LLC,Midland Loan Services,corporate_credit
Chesham Specialty Asset Trust,CESR,1750912,Chesham Specialty Finance LLC,CESSF,1750895,Chesham Structured Capital LLC,CESSC,1750900,Chesham Specialty Funding LLC,Chesham Specialty Finance LLC,esoteric
Denham Auto Receivables Trust,DNHA,1750936,Denham Auto Finance LLC,DNHAF,1750919,Denham Capital Markets LLC,DNHCM,1750924,Denham Auto Receivables Depositor LLC,Denham Auto Finance LLC,auto
Denham Credit Card Master Trust,DNHC,1750960,Denham Card Services LLC,DNHCS,1750943,Denham Payments Holdings LLC,DNHPH,1750948,Denham Card Funding LLC,Denham Card Services LLC,card
Denham Consumer Loan Trust,DNHU,1750984,Denham Consumer Finance LLC,DNHCF,1750967,Denham Consumer Capital LLC,DNHCC,1750972,Denham Consumer Receivables Depositor LLC,Denham Consumer Finance LLC,consumer
Denham Student Loan Trust,DNHS,1751008,Denham Student Lending LLC,DNHSL,1750991,Denham Education Capital LLC,DNHEC,1750996,Denham Student Funding LLC,Denham Student Lending LLC,student
Denham Equipment Lease Trust,DNHE,1751032,Denham Equipment Finance LLC,DNHEF,1751015,Denham Leasing Holdings LLC,DNHLH,1751020,Denham Equipment Receivables Depositor LLC,Denham Equipment Finance LLC,equipment
Denham Mortgage Trust,DNHM,1751056,Denham Mortgage Company LLC,DNHMC,1751039,Denham Residential Capital LLC,DNHRC,1751044,Denham Mortgage Depositor LLC,Denham Mortgage Company LLC,mortgage
Denham Commercial Mortgage Trust,DNHK,1751080,Denham Commercial Realty Capital LLC,DNHRE,1751063,Denham Commercial Capital LLC,DNHKC,1751068,Denham Commercial Mortgage Depositor LLC,Denham Commercial Realty Capital LLC,commercial
Denham Corporate Credit Trust,DNHP,1751104,Denham Asset Management LLC,DNHAM,1751087,Denham Credit Partners LLC,DNHCP,1751092,Denham Credit Funding LLC,Denham Asset Management LLC,corporate_credit
Denham Specialty Asset Trust,DNHR,1751128,Denham Specialty Finance LLC,DNHSF,1751111,Denham Structured Capital LLC,DNHSC,1751116,Denham Specialty Funding LLC,Shellpoint Mortgage Servicing,esoteric
Eton Auto Receivables Trust,ETOA,1751152,Eton Auto Finance LLC,ETOAF,1751135,Eton Capital Markets LLC,ETOCM,1751140,Eton Auto Receivables Depositor LLC,Eton Auto Finance LLC,auto
Eton Credit Card Master Trust,ETOC,1751176,Eton Card Services LLC,ETOCS,1751159,Eton Payments Holdings LLC,ETOPH,1751164,Eton Card Funding LLC,Eton Card Services LLC,card
Eton Consumer Loan Trust,ETOU,1751200,Eton Consumer Finance LLC,ETOCF,1751183,Eton Consumer Capital LLC,ETOCC,1751188,Eton Consumer Receivables Depositor LLC,Eton Consumer Finance LLC,consumer
Eton Student Loan Trust,ETOS,1751224,Eton Student Lending LLC,ETOSL,1751207,Eton Education Capital LLC,ETOEC,1751212,Eton Student Funding LLC,Eton Student Lending LLC,student
Eton Equipment Lease Trust,ETOE,1751248,Eton Equipment Finance LLC,ETOEF,1751231,Eton Leasing Holdings LLC,ETOLH,1751236,Eton Equipment Receivables Depositor LLC,Eton Equipment Finance LLC,equipment
Eton Mortgage Trust,ETOM,1751272,Eton Mortgage Company LLC,ETOMC,1751255,Eton Residential Capital LLC,ETORC,1751260,Eton Mortgage Depositor LLC,Eton Mortgage Company LLC,mortgage
Eton Commercial Mortgage Trust,ETOK,1751296,Eton Commercial Realty Capital LLC,ETORE,1751279,Eton Commercial Capital LLC,ETOKC,1751284,Eton Commercial Mortgage Depositor LLC,Eton Commercial Realty Capital LLC,commercial
Eton Corporate Credit Trust,ETOP,1751320,Eton Asset Management LLC,ETOAM,1751303,Eton Credit Partners LLC,ETOCP,1751308,Eton Credit Funding LLC,Eton Asset Management LLC,corporate_credit
Eton Specialty Asset Trust,ETOR,1751344,Eton Specialty Finance LLC,ETOSF,1751327,Eton Structured Capital LLC,ETOSC,1751332,Eton Specialty Funding LLC,Eton Specialty Finance LLC,esoteric
Farnham Auto Receivables Trust,FARA,1751368,Farnham Auto Finance LLC,FARAF,1751351,Farnham Capital Markets LLC,FARCM,1751356,Farnham Auto Receivables Depositor LLC,Wells Fargo Commercial Mortgage Servicing,auto
Farnham Credit Card Master Trust,FARC,1751392,Farnham Card Services LLC,FARCS,1751375,Farnham Payments Holdings LLC,FARPH,1751380,Farnham Card Funding LLC,Farnham Card Services LLC,card
Farnham Consumer Loan Trust,FARU,1751416,Farnham Consumer Finance LLC,FARCF,1751399,Farnham Consumer Capital LLC,FARCC,1751404,Farnham Consumer Receivables Depositor LLC,Farnham Consumer Finance LLC,consumer
Farnham Student Loan Trust,FARS,1751440,Farnham Student Lending LLC,FARSL,1751423,Farnham Education Capital LLC,FAREC,1751428,Farnham Student Funding LLC,Farnham Student Lending LLC,student
Farnham Equipment Lease Trust,FARE,1751464,Farnham Equipment Finance LLC,FAREF,1751447,Farnham Leasing Holdings LLC,FARLH,1751452,Farnham Equipment Receivables Depositor LLC,Farnham Equipment Finance LLC,equipment
Farnham Mortgage Trust,FARM,1751488,Farnham Mortgage Company LLC,FARMC,1751471,Farnham Residential Capital LLC,FARRC,1751476,Farnham Mortgage Depositor LLC,Farnham Mortgage Company LLC,mortgage
Farnham Commercial Mortgage Trust,FARK,1751512,Farnham Commercial Realty Capital LLC,FARRE,1751495,Farnham Commercial Capital LLC,FARKC,1751500,Farnham Commercial Mortgage Depositor LLC,Farnham Commercial Realty Capital LLC,commercial
Farnham Corporate Credit Trust,FARP,1751536,Farnham Asset Management LLC,FARAM,1751519,Farnham Credit Partners LLC,FARCP,1751524,Farnham Credit Funding LLC,Farnham Asset Management LLC,corporate_credit
Farnham Specialty Asset Trust,FARR,1751560,Farnham Specialty Finance LLC,FARSF,1751543,Farnham Structured Capital LLC,FARSC,1751548,Farnham Specialty Funding LLC,Farnham Specialty Finance LLC,esoteric
Gerrards Auto Receivables Trust,GERA,1751584,Gerrards Auto Finance LLC,GERAF,1751567,Gerrards Capital Markets LLC,GERCM,1751572,Gerrards Auto Receivables Depositor LLC,Gerrards Auto Finance LLC,auto
Gerrards Credit Card Master Trust,GERC,1751608,Gerrards Card Services LLC,GERCS,1751591,Gerrards Payments Holdings LLC,GERPH,1751596,Gerrards Card Funding LLC,Midland Loan Services,card
Gerrards Consumer Loan Trust,GERU,1751632,Gerrards Consumer Finance LLC,GERCF,1751615,Gerrards Consumer Capital LLC,GERCC,1751620,Gerrards Consumer Receivables Depositor LLC,Gerrards Consumer Finance LLC,consumer
Gerrards Student Loan Trust,GERS,1751656,Gerrards Student Lending LLC,GERSL,1751639,Gerrards Education Capital LLC,GEREC,1751644,Gerrards Student Funding LLC,Gerrards Student Lending LLC,student
Gerrards Equipment Lease Trust,GERE,1751680,Gerrards Equipment Finance LLC,GEREF,1751663,Gerrards Leasing Holdings LLC,GERLH,1751668,Gerrards Equipment Receivables Depositor LLC,Gerrards Equipment Finance LLC,equipment
Gerrards Mortgage Trust,GERM,1751704,Gerrards Mortgage Company LLC,GERMC,1751687,Gerrards Residential Capital LLC,GERRC,1751692,Gerrards Mortgage Depositor LLC,Gerrards Mortgage Company LLC,mortgage
Gerrards Commercial Mortgage Trust,GERK,1751728,Gerrards Commercial Realty Capital LLC,GERRE,1751711,Gerrards Commercial Capital LLC,GERKC,1751716,Gerrards Commercial Mortgage Depositor LLC,Gerrards Commercial Realty Capital LLC,commercial
Gerrards Corporate Credit Trust,GERP,1751752,Gerrards Asset Management LLC,GERAM,1751735,Gerrards Credit Partners LLC,GERCP,1751740,Gerrards Credit Funding LLC,Gerrards Asset Management LLC,corporate_credit
Gerrards Specialty Asset Trust,GERR,1751776,Gerrards Specialty Finance LLC,GERSF,1751759,Gerrards Structured Capital LLC,GERSC,1751764,Gerrards Specialty Funding LLC,Gerrards Specialty Finance LLC,esoteric
Haddenham Auto Receivables Trust,HADA,1751800,Haddenham Auto Finance LLC,HADAF,1751783,Haddenham Capital Markets LLC,HADCM,1751788,Haddenham Auto Receivables Depositor LLC,Haddenham Auto Finance LLC,auto
Haddenham Credit Card Master Trust,HADC,1751824,Haddenham Card Services LLC,HADCS,1751807,Haddenham Payments Holdings LLC,HADPH,1751812,Haddenham Card Funding LLC,Haddenham Card Services LLC,card
Haddenham Consumer Loan Trust,HADU,1751848,Haddenham Consumer Finance LLC,HADCF,1751831,Haddenham Consumer Capital LLC,HADCC,1751836,Haddenham Consumer Receivables Depositor LLC,Computershare Loan Services,consumer
Haddenham Student Loan Trust,HADS,1751872,Haddenham Student Lending LLC,HADSL,1751855,Haddenham Education Capital LLC,HADEC,1751860,Haddenham Student Funding LLC,Haddenham Student Lending LLC,student
Haddenham Equipment Lease Trust,HADE,1751896,Haddenham Equipment Finance LLC,HADEF,1751879,Haddenham Leasing Holdings LLC,HADLH,1751884,Haddenham Equipment Receivables Depositor LLC,Haddenham Equipment Finance LLC,equipment
Haddenham Mortgage Trust,HADM,1751920,Haddenham Mortgage Company LLC,HADMC,1751903,Haddenham Residential Capital LLC,HADRC,1751908,Haddenham Mortgage Depositor LLC,Haddenham Mortgage Company LLC,mortgage
Haddenham Commercial Mortgage Trust,HADK,1751944,Haddenham Commercial Realty Capital LLC,HADRE,1751927,Haddenham Commercial Capital LLC,HADKC,1751932,Haddenham Commercial Mortgage Depositor LLC,Haddenham Commercial Realty Capital LLC,commercial
Haddenham Corporate Credit Trust,HADP,1751968,Haddenham Asset Management LLC,HADAM,1751951,Haddenham Credit Partners LLC,HADCP,1751956,Haddenham Credit Funding LLC,Haddenham Asset Management LLC,corporate_credit
Haddenham Specialty Asset Trust,HADR,1751992,Haddenham Specialty Finance LLC,HADSF,1751975,Haddenham Structured Capital LLC,HADSC,1751980,Haddenham Specialty Funding LLC,Haddenham Specialty Finance LLC,esoteric
Iver Auto Receivables Trust,IVEA,1752016,Iver Auto Finance LLC,IVEAF,1751999,Iver Capital Markets LLC,IVECM,1752004,Iver Auto Receivables Depositor LLC,Iver Auto Finance LLC,auto
Iver Credit Card Master Trust,IVEC,1752040,Iver Card Services LLC,IVECS,1752023,Iver Payments Holdings LLC,IVEPH,1752028,Iver Card Funding LLC,Iver Card Services LLC,card
Iver Consumer Loan Trust,IVEU,1752064,Iver Consumer Finance LLC,IVECF,1752047,Iver Consumer Capital LLC,IVECC,1752052,Iver Consumer Receivables Depositor LLC,Iver Consumer Finance LLC,consumer
Iver Student Loan Trust,IVES,1752088,Iver Student Lending LLC,IVESL,1752071,Iver Education Capital LLC,IVEEC,1752076,Iver Student Funding LLC,Midland Loan Services,student
Iver Equipment Lease Trust,IVEE,1752112,Iver Equipment Finance LLC,IVEEF,1752095,Iver Leasing Holdings LLC,IVELH,1752100,Iver Equipment Receivables Depositor LLC,Iver Equipment Finance LLC,equipment
Iver Mortgage Trust,IVEM,1752136,Iver Mortgage Company LLC,IVEMC,1752119,Iver Residential Capital LLC,IVERC,1752124,Iver Mortgage Depositor LLC,Iver Mortgage Company LLC,mortgage
Iver Commercial Mortgage Trust,IVEK,1752160,Iver Commercial Realty Capital LLC,IVERE,1752143,Iver Commercial Capital LLC,IVEKC,1752148,Iver Commercial Mortgage Depositor LLC,Iver Commercial Realty Capital LLC,commercial
Iver Corporate Credit Trust,IVEP,1752184,Iver Asset Management LLC,IVEAM,1752167,Iver Credit Partners LLC,IVECP,1752172,Iver Credit Funding LLC,Iver Asset Management LLC,corporate_credit
Iver Specialty Asset Trust,IVER,1752208,Iver Specialty Finance LLC,IVESF,1752191,Iver Structured Capital LLC,IVESC,1752196,Iver Specialty Funding LLC,Iver Specialty Finance LLC,esoteric
Jarrow Auto Receivables Trust,JRRA,1752232,Jarrow Auto Finance LLC,JRRAF,1752215,Jarrow Capital Markets LLC,JRRCM,1752220,Jarrow Auto Receivables Depositor LLC,Jarrow Auto Finance LLC,auto
Jarrow Credit Card Master Trust,JRRC,1752256,Jarrow Card Services LLC,JRRCS,1752239,Jarrow Payments Holdings LLC,JRRPH,1752244,Jarrow Card Funding LLC,Jarrow Card Services LLC,card
Jarrow Consumer Loan Trust,JRRU,1752280,Jarrow Consumer Finance LLC,JRRCF,1752263,Jarrow Consumer Capital LLC,JRRCC,1752268,Jarrow Consumer Receivables Depositor LLC,Jarrow Consumer Finance LLC,consumer
Jarrow Student Loan Trust,JRRS,1752304,Jarrow Student Lending LLC,JRRSL,1752287,Jarrow Education Capital LLC,JRREC,1752292,Jarrow Student Funding LLC,Jarrow Student Lending LLC,student
Jarrow Equipment Lease Trust,JRRE,1752328,Jarrow Equipment Finance LLC,JRREF,1752311,Jarrow Leasing Holdings LLC,JRRLH,1752316,Jarrow Equipment Receivables Depositor LLC,"Systems & Services Technologies, Inc.",equipment
Jarrow Mortgage Trust,JRRM,1752352,Jarrow Mortgage Company LLC,JRRMC,1752335,Jarrow Residential Capital LLC,JRRRC,1752340,Jarrow Mortgage Depositor LLC,Jarrow Mortgage Company LLC,mortgage
Jarrow Commercial Mortgage Trust,JRRK,1752376,Jarrow Commercial Realty Capital LLC,JRRRE,1752359,Jarrow Commercial Capital LLC,JRRKC,1752364,Jarrow Commercial Mortgage Depositor LLC,Jarrow Commercial Realty Capital LLC,commercial
Jarrow Corporate Credit Trust,JRRP,1752400,Jarrow Asset Management LLC,JRRAM,1752383,Jarrow Credit Partners LLC,JRRCP,1752388,Jarrow Credit Funding LLC,Jarrow Asset Management LLC,corporate_credit
Jarrow Specialty Asset Trust,JRRR,1752424,Jarrow Specialty Finance LLC,JRRSF,1752407,Jarrow Structured Capital LLC,JRRSC,1752412,Jarrow Specialty Funding LLC,Jarrow Specialty Finance LLC,esoteric
Kidlington Auto Receivables Trust,KIDA,1752448,Kidlington Auto Finance LLC,KIDAF,1752431,Kidlington Capital Markets LLC,KIDCM,1752436,Kidlington Auto Receivables Depositor LLC,Kidlington Auto Finance LLC,auto
Kidlington Credit Card Master Trust,KIDC,1752472,Kidlington Card Services LLC,KIDCS,1752455,Kidlington Payments Holdings LLC,KIDPH,1752460,Kidlington Card Funding LLC,Kidlington Card Services LLC,card
Kidlington Consumer Loan Trust,KIDU,1752496,Kidlington Consumer Finance LLC,KIDCF,1752479,Kidlington Consumer Capital LLC,KIDCC,1752484,Kidlington Consumer Receivables Depositor LLC,Kidlington Consumer Finance LLC,consumer
Kidlington Student Loan Trust,KIDS,1752520,Kidlington Student Lending LLC,KIDSL,1752503,Kidlington Education Capital LLC,KIDEC,1752508,Kidlington Student Funding LLC,Kidlington Student Lending LLC,student
Kidlington Equipment Lease Trust,KIDE,1752544,Kidlington Equipment Finance LLC,KIDEF,1752527,Kidlington Leasing Holdings LLC,KIDLH,1752532,Kidlington Equipment Receivables Depositor LLC,Kidlington Equipment Finance LLC,equipment
Kidlington Mortgage Trust,KIDM,1752568,Kidlington Mortgage Company LLC,KIDMC,1752551,Kidlington Residential Capital LLC,KIDRC,1752556,Kidlington Mortgage Depositor LLC,PHH Mortgage Corporation,mortgage
Kidlington Commercial Mortgage Trust,KIDK,1752592,Kidlington Commercial Realty Capital LLC,KIDRE,1752575,Kidlington Commercial Capital LLC,KIDKC,1752580,Kidlington Commercial Mortgage Depositor LLC,Kidlington Commercial Realty Capital LLC,commercial
Kidlington Corporate Credit Trust,KIDP,1752616,Kidlington Asset Management LLC,KIDAM,1752599,Kidlington Credit Partners LLC,KIDCP,1752604,Kidlington Credit Funding LLC,Kidlington Asset Management LLC,corporate_credit
Kidlington Specialty Asset Trust,KIDR,1752640,Kidlington Specialty Finance LLC,KIDSF,1752623,Kidlington Structured Capital LLC,KIDSC,1752628,Kidlington Specialty Funding LLC,Kidlington Specialty Finance LLC,esoteric
Lechlade Auto Receivables Trust,LECA,1752664,Lechlade Auto Finance LLC,LECAF,1752647,Lechlade Capital Markets LLC,LECCM,1752652,Lechlade Auto Receivables Depositor LLC,Lechlade Auto Finance LLC,auto
Lechlade Credit Card Master Trust,LECC,1752688,Lechlade Card Services LLC,LECCS,1752671,Lechlade Payments Holdings LLC,LECPH,1752676,Lechlade Card Funding LLC,Lechlade Card Services LLC,card
Lechlade Consumer Loan Trust,LECU,1752712,Lechlade Consumer Finance LLC,LECCF,1752695,Lechlade Consumer Capital LLC,LECCC,1752700,Lechlade Consumer Receivables Depositor LLC,Lechlade Consumer Finance LLC,consumer
Lechlade Student Loan Trust,LECS,1752736,Lechlade Student Lending LLC,LECSL,1752719,Lechlade Education Capital LLC,LECEC,1752724,Lechlade Student Funding LLC,Lechlade Student Lending LLC,student
Lechlade Equipment Lease Trust,LECE,1752760,Lechlade Equipment Finance LLC,LECEF,1752743,Lechlade Leasing Holdings LLC,LECLH,1752748,Lechlade Equipment Receivables Depositor LLC,Lechlade Equipment Finance LLC,equipment
Lechlade Mortgage Trust,LECM,1752784,Lechlade Mortgage Company LLC,LECMC,1752767,Lechlade Residential Capital LLC,LECRC,1752772,Lechlade Mortgage Depositor LLC,Lechlade Mortgage Company LLC,mortgage
Lechlade Commercial Mortgage Trust,LECK,1752808,Lechlade Commercial Realty Capital LLC,LECRE,1752791,Lechlade Commercial Capital LLC,LECKC,1752796,Lechlade Commercial Mortgage Depositor LLC,"Systems & Services Technologies, Inc.",commercial
Lechlade Corporate Credit Trust,LECP,1752832,Lechlade Asset Management LLC,LECAM,1752815,Lechlade Credit Partners LLC,LECCP,1752820,Lechlade Credit Funding LLC,Lechlade Asset Management LLC,corporate_credit
Lechlade Specialty Asset Trust,LECR,1752856,Lechlade Specialty Finance LLC,LECSF,1752839,Lechlade Structured Capital LLC,LECSC,1752844,Lechlade Specialty Funding LLC,Lechlade Specialty Finance LLC,esoteric
Minster Auto Receivables Trust,MINA,1752880,Minster Auto Finance LLC,MINAF,1752863,Minster Capital Markets LLC,MINCM,1752868,Minster Auto Receivables Depositor LLC,Minster Auto Finance LLC,auto
Minster Credit Card Master Trust,MINC,1752904,Minster Card Services LLC,MINCS,1752887,Minster Payments Holdings LLC,MINPH,1752892,Minster Card Funding LLC,Minster Card Services LLC,card
Minster Consumer Loan Trust,MINU,1752928,Minster Consumer Finance LLC,MINCF,1752911,Minster Consumer Capital LLC,MINCC,1752916,Minster Consumer Receivables Depositor LLC,Minster Consumer Finance LLC,consumer
Minster Student Loan Trust,MINS,1752952,Minster Student Lending LLC,MINSL,1752935,Minster Education Capital LLC,MINEC,1752940,Minster Student Funding LLC,Minster Student Lending LLC,student
Minster Equipment Lease Trust,MINE,1752976,Minster Equipment Finance LLC,MINEF,1752959,Minster Leasing Holdings LLC,MINLH,1752964,Minster Equipment Receivables Depositor LLC,Minster Equipment Finance LLC,equipment
Minster Mortgage Trust,MINM,1753000,Minster Mortgage Company LLC,MINMC,1752983,Minster Residential Capital LLC,MINRC,1752988,Minster Mortgage Depositor LLC,Minster Mortgage Company LLC,mortgage
Minster Commercial Mortgage Trust,MINK,1753024,Minster Commercial Realty Capital LLC,MINRE,1753007,Minster Commercial Capital LLC,MINKC,1753012,Minster Commercial Mortgage Depositor LLC,Minster Commercial Realty Capital LLC,commercial
Minster Corporate Credit Trust,MINP,1753048,Minster Asset Management LLC,MINAM,1753031,Minster Credit Partners LLC,MINCP,1753036,Minster Credit Funding LLC,PHH Mortgage Corporation,corporate_credit
Minster Specialty Asset Trust,MINR,1753072,Minster Specialty Finance LLC,MINSF,1753055,Minster Structured Capital LLC,MINSC,1753060,Minster Specialty Funding LLC,Minster Specialty Finance LLC,esoteric
Newbury Auto Receivables Trust,NWBA,1753096,Newbury Auto Finance LLC,NWBAF,1753079,Newbury Capital Markets LLC,NWBCM,1753084,Newbury Auto Receivables Depositor LLC,Newbury Auto Finance LLC,auto
Newbury Credit Card Master Trust,NWBC,1753120,Newbury Card Services LLC,NWBCS,1753103,Newbury Payments Holdings LLC,NWBPH,1753108,Newbury Card Funding LLC,Newbury Card Services LLC,card
Newbury Consumer Loan Trust,NWBU,1753144,Newbury Consumer Finance LLC,NWBCF,1753127,Newbury Consumer Capital LLC,NWBCC,1753132,Newbury Consumer Receivables Depositor LLC,Newbury Consumer Finance LLC,consumer
Newbury Student Loan Trust,NWBS,1753168,Newbury Student Lending LLC,NWBSL,1753151,Newbury Education Capital LLC,NWBEC,1753156,Newbury Student Funding LLC,Newbury Student Lending LLC,student
Newbury Equipment Lease Trust,NWBE,1753192,Newbury Equipment Finance LLC,NWBEF,1753175,Newbury Leasing Holdings LLC,NWBLH,1753180,Newbury Equipment Receivables Depositor LLC,Newbury Equipment Finance LLC,equipment
Newbury Mortgage Trust,NWBM,1753216,Newbury Mortgage Company LLC,NWBMC,1753199,Newbury Residential Capital LLC,NWBRC,1753204,Newbury Mortgage Depositor LLC,Newbury Mortgage Company LLC,mortgage
Newbury Commercial Mortgage Trust,NWBK,1753240,Newbury Commercial Realty Capital LLC,NWBRE,1753223,Newbury Commercial Capital LLC,NWBKC,1753228,Newbury Commercial Mortgage Depositor LLC,Newbury Commercial Realty Capital LLC,commercial
Newbury Corporate Credit Trust,NWBP,1753264,Newbury Asset Management LLC,NWBAM,1753247,Newbury Credit Partners LLC,NWBCP,1753252,Newbury Credit Funding LLC,Newbury Asset Management LLC,corporate_credit
Newbury Specialty Asset Trust,NWBR,1753288,Newbury Specialty Finance LLC,NWBSF,1753271,Newbury Structured Capital LLC,NWBSC,1753276,Newbury Specialty Funding LLC,"Select Portfolio Servicing, Inc.",esoteric
Oakley Auto Receivables Trust,OKLA,1753312,Oakley Auto Finance LLC,OKLAF,1753295,Oakley Capital Markets LLC,OKLCM,1753300,Oakley Auto Receivables Depositor LLC,Oakley Auto Finance LLC,auto
Oakley Credit Card Master Trust,OKLC,1753336,Oakley Card Services LLC,OKLCS,1753319,Oakley Payments Holdings LLC,OKLPH,1753324,Oakley Card Funding LLC,Oakley Card Services LLC,card
Oakley Consumer Loan Trust,OKLU,1753360,Oakley Consumer Finance LLC,OKLCF,1753343,Oakley Consumer Capital LLC,OKLCC,1753348,Oakley Consumer Receivables Depositor LLC,Oakley Consumer Finance LLC,consumer
Oakley Student Loan Trust,OKLS,1753384,Oakley Student Lending LLC,OKLSL,1753367,Oakley Education Capital LLC,OKLEC,1753372,Oakley Student Funding LLC,Oakley Student Lending LLC,student
Oakley Equipment Lease Trust,OKLE,1753408,Oakley Equipment Finance LLC,OKLEF,1753391,Oakley Leasing Holdings LLC,OKLLH,1753396,Oakley Equipment Receivables Depositor LLC,Oakley Equipment Finance LLC,equipment
Oakley Mortgage Trust,OKLM,1753432,Oakley Mortgage Company LLC,OKLMC,1753415,Oakley Residential Capital LLC,OKLRC,1753420,Oakley Mortgage Depositor LLC,Oakley Mortgage Company LLC,mortgage
Oakley Commercial Mortgage Trust,OKLK,1753456,Oakley Commercial Realty Capital LLC,OKLRE,1753439,Oakley Commercial Capital LLC,OKLKC,1753444,Oakley Commercial Mortgage Depositor LLC,Oakley Commercial Realty Capital LLC,commercial
Oakley Corporate Credit Trust,OKLP,1753480,Oakley Asset Management LLC,OKLAM,1753463,Oakley Credit Partners LLC,OKLCP,1753468,Oakley Credit Funding LLC,Oakley Asset Management LLC,corporate_credit
Oakley Specialty Asset Trust,OKLR,1753504,Oakley Specialty Finance LLC,OKLSF,1753487,Oakley Structured Capital LLC,OKLSC,1753492,Oakley Specialty Funding LLC,Oakley Specialty Finance LLC,esoteric
Princes Auto Receivables Trust,PRIA,1753528,Princes Auto Finance LLC,PRIAF,1753511,Princes Capital Markets LLC,PRICM,1753516,Princes Auto Receivables Depositor LLC,"Select Portfolio Servicing, Inc.",auto
Princes Credit Card Master Trust,PRIC,1753552,Princes Card Services LLC,PRICS,1753535,Princes Payments Holdings LLC,PRIPH,1753540,Princes Card Funding LLC,Princes Card Services LLC,card
Princes Consumer Loan Trust,PRIU,1753576,Princes Consumer Finance LLC,PRICF,1753559,Princes Consumer Capital LLC,PRICC,1753564,Princes Consumer Receivables Depositor LLC,Princes Consumer Finance LLC,consumer
Princes Student Loan Trust,PRIS,1753600,Princes Student Lending LLC,PRISL,1753583,Princes Education Capital LLC,PRIEC,1753588,Princes Student Funding LLC,Princes Student Lending LLC,student
Princes Equipment Lease Trust,PRIE,1753624,Princes Equipment Finance LLC,PRIEF,1753607,Princes Leasing Holdings LLC,PRILH,1753612,Princes Equipment Receivables Depositor LLC,Princes Equipment Finance LLC,equipment
Princes Mortgage Trust,PRIM,1753648,Princes Mortgage Company LLC,PRIMC,1753631,Princes Residential Capital LLC,PRIRC,1753636,Princes Mortgage Depositor LLC,Princes Mortgage Company LLC,mortgage
Princes Commercial Mortgage Trust,PRIK,1753672,Princes Commercial Realty Capital LLC,PRIRE,1753655,Princes Commercial Capital LLC,PRIKC,1753660,Princes Commercial Mortgage Depositor LLC,Princes Commercial Realty Capital LLC,commercial
Princes Corporate Credit Trust,PRIP,1753696,Princes Asset Management LLC,PRIAM,1753679,Princes Credit Partners LLC,PRICP,1753684,Princes Credit Funding LLC,Princes Asset Management LLC,corporate_credit
Princes Specialty Asset Trust,PRIR,1753720,Princes Specialty Finance LLC,PRISF,1753703,Princes Structured Capital LLC,PRISC,1753708,Princes Specialty Funding LLC,Princes Specialty Finance LLC,esoteric
Quenington Auto Receivables Trust,QNIA,1753744,Quenington Auto Finance LLC,QNIAF,1753727,Quenington Capital Markets LLC,QNICM,1753732,Quenington Auto Receivables Depositor LLC,Quenington Auto Finance LLC,auto
Quenington Credit Card Master Trust,QNIC,1753768,Quenington Card Services LLC,QNICS,1753751,Quenington Payments Holdings LLC,QNIPH,1753756,Quenington Card Funding LLC,Statebridge Company LLC,card
Quenington Consumer Loan Trust,QNIU,1753792,Quenington Consumer Finance LLC,QNICF,1753775,Quenington Consumer Capital LLC,QNICC,1753780,Quenington Consumer Receivables Depositor LLC,Quenington Consumer Finance LLC,consumer
Quenington Student Loan Trust,QNIS,1753816,Quenington Student Lending LLC,QNISL,1753799,Quenington Education Capital LLC,QNIEC,1753804,Quenington Student Funding LLC,Quenington Student Lending LLC,student
Quenington Equipment Lease Trust,QNIE,1753840,Quenington Equipment Finance LLC,QNIEF,1753823,Quenington Leasing Holdings LLC,QNILH,1753828,Quenington Equipment Receivables Depositor LLC,Quenington Equipment Finance LLC,equipment
Quenington Mortgage Trust,QNIM,1753864,Quenington Mortgage Company LLC,QNIMC,1753847,Quenington Residential Capital LLC,QNIRC,1753852,Quenington Mortgage Depositor LLC,Quenington Mortgage Company LLC,mortgage
Quenington Commercial Mortgage Trust,QNIK,1753888,Quenington Commercial Realty Capital LLC,QNIRE,1753871,Quenington Commercial Capital LLC,QNIKC,1753876,Quenington Commercial Mortgage Depositor LLC,Quenington Commercial Realty Capital LLC,commercial
Quenington Corporate Credit Trust,QNIP,1753912,Quenington Asset Management LLC,QNIAM,1753895,Quenington Credit Partners LLC,QNICP,1753900,Quenington Credit Funding LLC,Quenington Asset Management LLC,corporate_credit
Quenington Specialty Asset Trust,QNIR,1753936,Quenington Specialty Finance LLC,QNISF,1753919,Quenington Structured Capital LLC,QNISC,1753924,Quenington Specialty Funding LLC,Quenington Specialty Finance LLC,esoteric
Ramsbury Auto Receivables Trust,RAMA,1753960,Ramsbury Auto Finance LLC,RAMAF,1753943,Ramsbury Capital Markets LLC,RAMCM,1753948,Ramsbury Auto Receivables Depositor LLC,Ramsbury Auto Finance LLC,auto
Ramsbury Credit Card Master Trust,RAMC,1753984,Ramsbury Card Services LLC,RAMCS,1753967,Ramsbury Payments Holdings LLC,RAMPH,1753972,Ramsbury Card Funding LLC,Ramsbury Card Services LLC,card
Ramsbury Consumer Loan Trust,RAMU,1754008,Ramsbury Consumer Finance LLC,RAMCF,1753991,Ramsbury Consumer Capital LLC,RAMCC,1753996,Ramsbury Consumer Receivables Depositor LLC,KeyBank Real Estate Capital,consumer
Ramsbury Student Loan Trust,RAMS,1754032,Ramsbury Student Lending LLC,RAMSL,1754015,Ramsbury Education Capital LLC,RAMEC,1754020,Ramsbury Student Funding LLC,Ramsbury Student Lending LLC,student
Ramsbury Equipment Lease Trust,RAME,1754056,Ramsbury Equipment Finance LLC,RAMEF,1754039,Ramsbury Leasing Holdings LLC,RAMLH,1754044,Ramsbury Equipment Receivables Depositor LLC,Ramsbury Equipment Finance LLC,equipment
Ramsbury Mortgage Trust,RAMM,1754080,Ramsbury Mortgage Company LLC,RAMMC,1754063,Ramsbury Residential Capital LLC,RAMRC,1754068,Ramsbury Mortgage Depositor LLC,Ramsbury Mortgage Company LLC,mortgage
Ramsbury Commercial Mortgage Trust,RAMK,1754104,Ramsbury Commercial Realty Capital LLC,RAMRE,1754087,Ramsbury Commercial Capital LLC,RAMKC,1754092,Ramsbury Commercial Mortgage Depositor LLC,Ramsbury Commercial Realty Capital LLC,commercial
Ramsbury Corporate Credit Trust,RAMP,1754128,Ramsbury Asset Management LLC,RAMAM,1754111,Ramsbury Credit Partners LLC,RAMCP,1754116,Ramsbury Credit Funding LLC,Ramsbury Asset Management LLC,corporate_credit
Ramsbury Specialty Asset Trust,RAMR,1754152,Ramsbury Specialty Finance LLC,RAMSF,1754135,Ramsbury Structured Capital LLC,RAMSC,1754140,Ramsbury Specialty Funding LLC,Ramsbury Specialty Finance LLC,esoteric
Stow Auto Receivables Trust,SOWA,1754176,Stow Auto Finance LLC,SOWAF,1754159,Stow Capital Markets LLC,SOWCM,1754164,Stow Auto Receivables Depositor LLC,Stow Auto Finance LLC,auto
Stow Credit Card Master Trust,SOWC,1754200,Stow Card Services LLC,SOWCS,1754183,Stow Payments Holdings LLC,SOWPH,1754188,Stow Card Funding LLC,Stow Card Services LLC,card
Stow Consumer Loan Trust,SOWU,1754224,Stow Consumer Finance LLC,SOWCF,1754207,Stow Consumer Capital LLC,SOWCC,1754212,Stow Consumer Receivables Depositor LLC,Stow Consumer Finance LLC,consumer
Stow Student Loan Trust,SOWS,1754248,Stow Student Lending LLC,SOWSL,1754231,Stow Education Capital LLC,SOWEC,1754236,Stow Student Funding LLC,"Select Portfolio Servicing, Inc.",student
Stow Equipment Lease Trust,SOWE,1754272,Stow Equipment Finance LLC,SOWEF,1754255,Stow Leasing Holdings LLC,SOWLH,1754260,Stow Equipment Receivables Depositor LLC,Stow Equipment Finance LLC,equipment
Stow Mortgage Trust,SOWM,1754296,Stow Mortgage Company LLC,SOWMC,1754279,Stow Residential Capital LLC,SOWRC,1754284,Stow Mortgage Depositor LLC,Stow Mortgage Company LLC,mortgage
Stow Commercial Mortgage Trust,SOWK,1754320,Stow Commercial Realty Capital LLC,SOWRE,1754303,Stow Commercial Capital LLC,SOWKC,1754308,Stow Commercial Mortgage Depositor LLC,Stow Commercial Realty Capital LLC,commercial
Stow Corporate Credit Trust,SOWP,1754344,Stow Asset Management LLC,SOWAM,1754327,Stow Credit Partners LLC,SOWCP,1754332,Stow Credit Funding LLC,Stow Asset Management LLC,corporate_credit
Stow Specialty Asset Trust,SOWR,1754368,Stow Specialty Finance LLC,SOWSF,1754351,Stow Structured Capital LLC,SOWSC,1754356,Stow Specialty Funding LLC,Stow Specialty Finance LLC,esoteric
Thame Auto Receivables Trust,THAA,1754392,Thame Auto Finance LLC,THAAF,1754375,Thame Capital Markets LLC,THACM,1754380,Thame Auto Receivables Depositor LLC,Thame Auto Finance LLC,auto
Thame Credit Card Master Trust,THAC,1754416,Thame Card Services LLC,THACS,1754399,Thame Payments Holdings LLC,THAPH,1754404,Thame Card Funding LLC,Thame Card Services LLC,card
Thame Consumer Loan Trust,THAU,1754440,Thame Consumer Finance LLC,THACF,1754423,Thame Consumer Capital LLC,THACC,1754428,Thame Consumer Receivables Depositor LLC,Thame Consumer Finance LLC,consumer
Thame Student Loan Trust,THAS,1754464,Thame Student Lending LLC,THASL,1754447,Thame Education Capital LLC,THAEC,1754452,Thame Student Funding LLC,Thame Student Lending LLC,student
Thame Equipment Lease Trust,THAE,1754488,Thame Equipment Finance LLC,THAEF,1754471,Thame Leasing Holdings LLC,THALH,1754476,Thame Equipment Receivables Depositor LLC,PHH Mortgage Corporation,equipment
Thame Mortgage Trust,THAM,1754512,Thame Mortgage Company LLC,THAMC,1754495,Thame Residential Capital LLC,THARC,1754500,Thame Mortgage Depositor LLC,Thame Mortgage Company LLC,mortgage
Thame Commercial Mortgage Trust,THAK,1754536,Thame Commercial Realty Capital LLC,THARE,1754519,Thame Commercial Capital LLC,THAKC,1754524,Thame Commercial Mortgage Depositor LLC,Thame Commercial Realty Capital LLC,commercial
Thame Corporate Credit Trust,THAP,1754560,Thame Asset Management LLC,THAAM,1754543,Thame Credit Partners LLC,THACP,1754548,Thame Credit Funding LLC,Thame Asset Management LLC,corporate_credit
Thame Specialty Asset Trust,THAR,1754584,Thame Specialty Finance LLC,THASF,1754567,Thame Structured Capital LLC,THASC,1754572,Thame Specialty Funding LLC,Thame Specialty Finance LLC,esoteric
Uffington Auto Receivables Trust,UFFA,1754608,Uffington Auto Finance LLC,UFFAF,1754591,Uffington Capital Markets LLC,UFFCM,1754596,Uffington Auto Receivables Depositor LLC,Uffington Auto Finance LLC,auto
Uffington Credit Card Master Trust,UFFC,1754632,Uffington Card Services LLC,UFFCS,1754615,Uffington Payments Holdings LLC,UFFPH,1754620,Uffington Card Funding LLC,Uffington Card Services LLC,card
Uffington Consumer Loan Trust,UFFU,1754656,Uffington Consumer Finance LLC,UFFCF,1754639,Uffington Consumer Capital LLC,UFFCC,1754644,Uffington Consumer Receivables Depositor LLC,Uffington Consumer Finance LLC,consumer
Uffington Student Loan Trust,UFFS,1754680,Uffington Student Lending LLC,UFFSL,1754663,Uffington Education Capital LLC,UFFEC,1754668,Uffington Student Funding LLC,Uffington Student Lending LLC,student
Uffington Equipment Lease Trust,UFFE,1754704,Uffington Equipment Finance LLC,UFFEF,1754687,Uffington Leasing Holdings LLC,UFFLH,1754692,Uffington Equipment Receivables Depositor LLC,Uffington Equipment Finance LLC,equipment
Uffington Mortgage Trust,UFFM,1754728,Uffington Mortgage Company LLC,UFFMC,1754711,Uffington Residential Capital LLC,UFFRC,1754716,Uffington Mortgage Depositor LLC,Shellpoint Mortgage Servicing,mortgage
Uffington Commercial Mortgage Trust,UFFK,1754752,Uffington Commercial Realty Capital LLC,UFFRE,1754735,Uffington Commercial Capital LLC,UFFKC,1754740,Uffington Commercial Mortgage Depositor LLC,Uffington Commercial Realty Capital LLC,commercial
Uffington Corporate Credit Trust,UFFP,1754776,Uffington Asset Management LLC,UFFAM,1754759,Uffington Credit Partners LLC,UFFCP,1754764,Uffington Credit Funding LLC,Uffington Asset Management LLC,corporate_credit
Uffington Specialty Asset Trust,UFFR,1754800,Uffington Specialty Finance LLC,UFFSF,1754783,Uffington Structured Capital LLC,UFFSC,1754788,Uffington Specialty Funding LLC,Uffington Specialty Finance LLC,esoteric
Ventnor Auto Receivables Trust,VENA,1754824,Ventnor Auto Finance LLC,VENAF,1754807,Ventnor Capital Markets LLC,VENCM,1754812,Ventnor Auto Receivables Depositor LLC,Ventnor Auto Finance LLC,auto
Ventnor Credit Card Master Trust,VENC,1754848,Ventnor Card Services LLC,VENCS,1754831,Ventnor Payments Holdings LLC,VENPH,1754836,Ventnor Card Funding LLC,Ventnor Card Services LLC,card
Ventnor Consumer Loan Trust,VENU,1754872,Ventnor Consumer Finance LLC,VENCF,1754855,Ventnor Consumer Capital LLC,VENCC,1754860,Ventnor Consumer Receivables Depositor LLC,Ventnor Consumer Finance LLC,consumer
Ventnor Student Loan Trust,VENS,1754896,Ventnor Student Lending LLC,VENSL,1754879,Ventnor Education Capital LLC,VENEC,1754884,Ventnor Student Funding LLC,Ventnor Student Lending LLC,student
Ventnor Equipment Lease Trust,VENE,1754920,Ventnor Equipment Finance LLC,VENEF,1754903,Ventnor Leasing Holdings LLC,VENLH,1754908,Ventnor Equipment Receivables Depositor LLC,Ventnor Equipment Finance LLC,equipment
Ventnor Mortgage Trust,VENM,1754944,Ventnor Mortgage Company LLC,VENMC,1754927,Ventnor Residential Capital LLC,VENRC,1754932,Ventnor Mortgage Depositor LLC,Ventnor Mortgage Company LLC,mortgage
Ventnor Commercial Mortgage Trust,VENK,1754968,Ventnor Commercial Realty Capital LLC,VENRE,1754951,Ventnor Commercial Capital LLC,VENKC,1754956,Ventnor Commercial Mortgage Depositor LLC,KeyBank Real Estate Capital,commercial
Ventnor Corporate Credit Trust,VENP,1754992,Ventnor Asset Management LLC,VENAM,1754975,Ventnor Credit Partners LLC,VENCP,1754980,Ventnor Credit Funding LLC,Ventnor Asset Management LLC,corporate_credit
Ventnor Specialty Asset Trust,VENR,1755016,Ventnor Specialty Finance LLC,VENSF,1754999,Ventnor Structured Capital LLC,VENSC,1755004,Ventnor Specialty Funding LLC,Ventnor Specialty Finance LLC,esoteric
Wallingford Auto Receivables Trust,WALA,1755040,Wallingford Auto Finance LLC,WALAF,1755023,Wallingford Capital Markets LLC,WALCM,1755028,Wallingford Auto Receivables Depositor LLC,Wallingford Auto Finance LLC,auto
Wallingford Credit Card Master Trust,WALC,1755064,Wallingford Card Services LLC,WALCS,1755047,Wallingford Payments Holdings LLC,WALPH,1755052,Wallingford Card Funding LLC,Wallingford Card Services LLC,card
Wallingford Consumer Loan Trust,WALU,1755088,Wallingford Consumer Finance LLC,WALCF,1755071,Wallingford Consumer Capital LLC,WALCC,1755076,Wallingford Consumer Receivables Depositor LLC,Wallingford Consumer Finance LLC,consumer
Wallingford Student Loan Trust,WALS,1755112,Wallingford Student Lending LLC,WALSL,1755095,Wallingford Education Capital LLC,WALEC,1755100,Wallingford Student Funding LLC,Wallingford Student Lending LLC,student
Wallingford Equipment Lease Trust,WALE,1755136,Wallingford Equipment Finance LLC,WALEF,1755119,Wallingford Leasing Holdings LLC,WALLH,1755124,Wallingford Equipment Receivables Depositor LLC,Wallingford Equipment Finance LLC,equipment
Wallingford Mortgage Trust,WALM,1755160,Wallingford Mortgage Company LLC,WALMC,1755143,Wallingford Residential Capital LLC,WALRC,1755148,Wallingford Mortgage Depositor LLC,Wallingford Mortgage Company LLC,mortgage
Wallingford Commercial Mortgage Trust,WALK,1755184,Wallingford Commercial Realty Capital LLC,WALRE,1755167,Wallingford Commercial Capital LLC,WALKC,1755172,Wallingford Commercial Mortgage Depositor LLC,Wallingford Commercial Realty Capital LLC,commercial
Wallingford Corporate Credit Trust,WALP,1755208,Wallingford Asset Management LLC,WALAM,1755191,Wallingford Credit Partners LLC,WALCP,1755196,Wallingford Credit Funding LLC,Midland Loan Services,corporate_credit
Wallingford Specialty Asset Trust,WALR,1755232,Wallingford Specialty Finance LLC,WALSF,1755215,Wallingford Structured Capital LLC,WALSC,1755220,Wallingford Specialty Funding LLC,Wallingford Specialty Finance LLC,esoteric
Amersham Auto Receivables Trust,AMEA,1755256,Amersham Auto Finance LLC,AMEAF,1755239,Amersham Capital Markets LLC,AMECM,1755244,Amersham Auto Receivables Depositor LLC,Amersham Auto Finance LLC,auto
Amersham Credit Card Master Trust,AMEC,1755280,Amersham Card Services LLC,AMECS,1755263,Amersham Payments Holdings LLC,AMEPH,1755268,Amersham Card Funding LLC,Amersham Card Services LLC,card
Amersham Consumer Loan Trust,AMEU,1755304,Amersham Consumer Finance LLC,AMECF,1755287,Amersham Consumer Capital LLC,AMECC,1755292,Amersham Consumer Receivables Depositor LLC,Amersham Consumer Finance LLC,consumer
Amersham Student Loan Trust,AMES,1755328,Amersham Student Lending LLC,AMESL,1755311,Amersham Education Capital LLC,AMEEC,1755316,Amersham Student Funding LLC,Amersham Student Lending LLC,student
Amersham Equipment Lease Trust,AMEE,1755352,Amersham Equipment Finance LLC,AMEEF,1755335,Amersham Leasing Holdings LLC,AMELH,1755340,Amersham Equipment Receivables Depositor LLC,Amersham Equipment Finance LLC,equipment
Amersham Mortgage Trust,AMEM,1755376,Amersham Mortgage Company LLC,AMEMC,1755359,Amersham Residential Capital LLC,AMERC,1755364,Amersham Mortgage Depositor LLC,Amersham Mortgage Company LLC,mortgage
Amersham Commercial Mortgage Trust,AMEK,1755400,Amersham Commercial Realty Capital LLC,AMERE,1755383,Amersham Commercial Capital LLC,AMEKC,1755388,Amersham Commercial Mortgage Depositor LLC,Amersham Commercial Realty Capital LLC,commercial
Amersham Corporate Credit Trust,AMEP,1755424,Amersham Asset Management LLC,AMEAM,1755407,Amersham Credit Partners LLC,AMECP,1755412,Amersham Credit Funding LLC,Amersham Asset Management LLC,corporate_credit
Amersham Specialty Asset Trust,AMER,1755448,Amersham Specialty Finance LLC,AMESF,1755431,Amersham Structured Capital LLC,AMESC,1755436,Amersham Specialty Funding LLC,Mr. Cooper Group Inc.,esoteric
